orgaoCodigo,orgaoDescricao,unidadeCodigo,unidadeDescricao,fonteRecurso,fonteRecursoDescricao,cpfCnpjCredor,nomeCredor,valorEmpenhado,valorAnulado,valorLiquidado,valorRetido,valorPago
1, Câmara Municipal,1, Câmara Municipal,150070000000,Rec. Livres (Imp. e Transf. Const.),003.409.379-63,KELIN RECKZIEGEL,816.74,1683.26,816.74,0,816.74
1, Câmara Municipal,1, Câmara Municipal,150070000000,Rec. Livres (Imp. e Transf. Const.),00.528.262/0001-23,FERRALLY - COMERCIO DE EMBALAGENS LTDA,218.00,0,218.00,0,0
1, Câmara Municipal,1, Câmara Municipal,150070000000,Rec. Livres (Imp. e Transf. Const.),01.258.027/0003-03,IPM SISTEMAS LTDA,78062.87,0,25291.48,1214.00,25291.48
1, Câmara Municipal,1, Câmara Municipal,150070000000,Rec. Livres (Imp. e Transf. Const.),01.554.285/0001-75,CERTISIGN CERTIFICADORA DIGITAL S.A,189.68,0,0,0,0
1, Câmara Municipal,1, Câmara Municipal,150070000000,Rec. Livres (Imp. e Transf. Const.),01.942.594/0001-12,SULPEL INDUSTRIA E COMERCIO DE PAPEIS LTDA.,1122.25,0,1122.25,0,224.45
1, Câmara Municipal,1, Câmara Municipal,150070000000,Rec. Livres (Imp. e Transf. Const.),020.480.449-30,ZAURI MARTINS DO NASCIMENTO,600.00,0,600.00,0,0
1, Câmara Municipal,1, Câmara Municipal,150070000000,Rec. Livres (Imp. e Transf. Const.),02.255.187/0001-08,UNIFIQUE TELECOMUNICAÇÕES S/A,17140.44,0,8070.48,387.36,8070.48
1, Câmara Municipal,1, Câmara Municipal,150070000000,Rec. Livres (Imp. e Transf. Const.),02.323.274/0001-47,KRUEGER COMÉRCIO DE MATERIAIS ELÉTRICOS E HIDRÁULICOS LTDA,255.50,0,255.50,3.07,255.50
1, Câmara Municipal,1, Câmara Municipal,150070000000,Rec. Livres (Imp. e Transf. Const.),02.565.683/0001-50,GE MATERIAIS DE CONSTRUÇÃO LTDA,1118.75,0,1118.75,0,1118.75
1, Câmara Municipal,1, Câmara Municipal,150070000000,Rec. Livres (Imp. e Transf. Const.),031.056.599-51,FLAUDIMIR ALCANTES,404.28,595.72,404.28,0,404.28
1, Câmara Municipal,1, Câmara Municipal,150070000000,Rec. Livres (Imp. e Transf. Const.),03.148.398/0001-04,JORNAL DE POMERODE EDITORA LTDA,116753.50,0,20526.75,0,20526.75
1, Câmara Municipal,1, Câmara Municipal,150070000000,Rec. Livres (Imp. e Transf. Const.),03.277.259/0001-72,GUMZ COMERCIO E INDUSTRIA LTDA,373.44,0,373.44,4.48,373.44
1, Câmara Municipal,1, Câmara Municipal,150070000000,Rec. Livres (Imp. e Transf. Const.),04.376.684/0002-62,CENTERPLAST EMBALAGENS PLASTICAS LTDA,346.70,0,346.70,4.16,346.70
1, Câmara Municipal,1, Câmara Municipal,150070000000,Rec. Livres (Imp. e Transf. Const.),04.533.821/0001-44,FUNDO DE APOSENTADORIA E PENSOES,201841.17,502.22,138741.17,0,138741.17
1, Câmara Municipal,1, Câmara Municipal,150070000000,Rec. Livres (Imp. e Transf. Const.),04.602.789/0001-01,DATEN TECNOLOGIA LTDA,830.00,0,830.00,9.96,830.00
1, Câmara Municipal,1, Câmara Municipal,150070000000,Rec. Livres (Imp. e Transf. Const.),04.895.816/0001-81,SOCIEDADE VALE DE COMUNICACOES LTDA,52152.00,0,2352.00,0,1008.00
1, Câmara Municipal,1, Câmara Municipal,150070000000,Rec. Livres (Imp. e Transf. Const.),050.686.999-77,THIAGO LUIZ GRACIA PEREIRA,67050.89,0,67050.89,4920.76,67050.89
1, Câmara Municipal,1, Câmara Municipal,150070000000,Rec. Livres (Imp. e Transf. Const.),05.434.887/0001-40,WE SOL MAIOR COM. E MANUT. DE SOM LTDA EPP,2832.00,0,2832.00,0,2832.00
1, Câmara Municipal,1, Câmara Municipal,150070000000,Rec. Livres (Imp. e Transf. Const.),07.497.580/0001-13,JEAN CARLOS DE ARAUJO,310.29,0,310.29,0,310.29
1, Câmara Municipal,1, Câmara Municipal,150070000000,Rec. Livres (Imp. e Transf. Const.),076.347.259-00,CLEYTON FELIPE UTECH,1631.90,868.10,1631.90,0,1631.90
1, Câmara Municipal,1, Câmara Municipal,150070000000,Rec. Livres (Imp. e Transf. Const.),079.200.539-27,ISADORA ZINNKE,127.18,1372.82,127.18,0,127.18
1, Câmara Municipal,1, Câmara Municipal,150070000000,Rec. Livres (Imp. e Transf. Const.),08.336.783/0001-90,CELESC DISTRIBUICAO S.A,21410.16,0,9410.16,112.94,8614.77
1, Câmara Municipal,1, Câmara Municipal,150070000000,Rec. Livres (Imp. e Transf. Const.),09.196.745/0001-42,"SEBOLD COMERCIAL ATACADO DE PRODUTOS, ALIMENTOS E EQUIPAMENTOS LTDA",244.20,0,0,0,0
1, Câmara Municipal,1, Câmara Municipal,150070000000,Rec. Livres (Imp. e Transf. Const.),09.209.146/0001-16,PONTOGOV SISTEMAS LTDA,1800.00,0,1800.00,86.40,1800.00
1, Câmara Municipal,1, Câmara Municipal,150070000000,Rec. Livres (Imp. e Transf. Const.),09.467.816/0001-02,NIX COMERCIO DE AUTOMÓVEIS LTDA,2434.00,0,884.63,42.46,42.46
1, Câmara Municipal,1, Câmara Municipal,150070000000,Rec. Livres (Imp. e Transf. Const.),10.592.584/0002-76,CONTROLE SERVIÇOS E COMERCIO DE INFORMATICA LTDA,11421.00,0,11421.00,137.05,11421.00
1, Câmara Municipal,1, Câmara Municipal,150070000000,Rec. Livres (Imp. e Transf. Const.),11.118.645/0001-40,SPOTECH INFORMÁTICA CORAL LTDA,131.98,0,131.98,1.58,1.58
1, Câmara Municipal,1, Câmara Municipal,150070000000,Rec. Livres (Imp. e Transf. Const.),14.012.375/0001-86,BMI PROSPER LTDA,103.20,0,103.20,1.24,1.24
1, Câmara Municipal,1, Câmara Municipal,150070000000,Rec. Livres (Imp. e Transf. Const.),14.576.552/0001-57,ORBENK SERVICOS DE SEGURANCA LTDA,156996.99,23959.08,48111.90,9285.58,41419.12
1, Câmara Municipal,1, Câmara Municipal,150070000000,Rec. Livres (Imp. e Transf. Const.),16.677.622/0001-99,ENOQUE INFORMATICA LTDA,2400.00,0,2400.00,0,0.00
1, Câmara Municipal,1, Câmara Municipal,150070000000,Rec. Livres (Imp. e Transf. Const.),17.715.488/0001-36,CRISLEISON VICENTE RAMOS 06734131955,49257.20,0,15992.20,0,14312.90
1, Câmara Municipal,1, Câmara Municipal,150070000000,Rec. Livres (Imp. e Transf. Const.),18.435.617/0001-03,KRAFT COMÉRCIO E SERVIÇOS LTDA,6776.00,3388.00,2420.00,0,2420.00
1, Câmara Municipal,1, Câmara Municipal,150070000000,Rec. Livres (Imp. e Transf. Const.),18.806.639/0001-24,SLM CONSTRUÇÕES E SERVIÇOS SUSTENTÁVEIS LTDA,33281.22,0,0,0,0
1, Câmara Municipal,1, Câmara Municipal,150070000000,Rec. Livres (Imp. e Transf. Const.),21.613.975/0001-65,TECNOBLU COMÉRCIO DE REFRIGERAÇÃO LTDA,1236.26,0,1236.26,14.84,1236.26
1, Câmara Municipal,1, Câmara Municipal,150070000000,Rec. Livres (Imp. e Transf. Const.),21.748.841/0001-51,TECNETWORKING SERVICOS E SOLUCOES EM TI LTDA,3750.00,0,0,0,0
1, Câmara Municipal,1, Câmara Municipal,150070000000,Rec. Livres (Imp. e Transf. Const.),21.873.370/0001-03,PERFORM TECNOLOGIA LTDA,1093.96,0,1093.96,13.13,1093.96
1, Câmara Municipal,1, Câmara Municipal,150070000000,Rec. Livres (Imp. e Transf. Const.),22.609.215/0001-47,ALFA LICITACOES LTDA,849.00,0,849.00,10.19,849.00
1, Câmara Municipal,1, Câmara Municipal,150070000000,Rec. Livres (Imp. e Transf. Const.),22.637.568/0001-50,RDC PRESTADORA DE SERVICOS LTDA,5839.66,0,1845.34,202.98,1845.34
1, Câmara Municipal,1, Câmara Municipal,150070000000,Rec. Livres (Imp. e Transf. Const.),24.092.271/0001-82,SOFTCAM SOLUÇÕES LTDA,44595.40,0,15231.80,731.10,15231.80
1, Câmara Municipal,1, Câmara Municipal,150070000000,Rec. Livres (Imp. e Transf. Const.),24.148.109/0001-39,NOVARE INFOTEC LTDA,22022.67,0,7280.62,0,7280.62
1, Câmara Municipal,1, Câmara Municipal,150070000000,Rec. Livres (Imp. e Transf. Const.),253.781.038-43,GABRIELLA SANDY DE JESUS GOMES,223.75,776.25,223.75,0,223.75
1, Câmara Municipal,1, Câmara Municipal,150070000000,Rec. Livres (Imp. e Transf. Const.),26.044.069/0001-00,SOMA ATACADO LTDA,2038.00,0,0,0,0
1, Câmara Municipal,1, Câmara Municipal,150070000000,Rec. Livres (Imp. e Transf. Const.),28.086.462/0001-92,L&S COMERCIO DE PRODUTOS DE LIMPEZA,115.50,0,115.50,0,115.50
1, Câmara Municipal,1, Câmara Municipal,150070000000,Rec. Livres (Imp. e Transf. Const.),28.474.582/0001-67,IGAM SC CURSOS E CONSULTORIA LTDA,33117.17,0,10995.37,527.80,9482.18
1, Câmara Municipal,1, Câmara Municipal,150070000000,Rec. Livres (Imp. e Transf. Const.),29.979.036/0001-40,INSS- INSTITUTO NACIONAL DO SEGURO SOCIAL,190350.15,83.69,190350.15,0,162622.61
1, Câmara Municipal,1, Câmara Municipal,150070000000,Rec. Livres (Imp. e Transf. Const.),31.322.368/0001-08,R.S. VAREJO LTDA,450.60,0,450.60,5.41,450.60
1, Câmara Municipal,1, Câmara Municipal,150070000000,Rec. Livres (Imp. e Transf. Const.),33.163.414/0001-90,GLOBAL SERVICOS ADMINISTRATIVOS E COMERCIO DE PRODUTOS HIGIENICOS LTDA,178.00,0,178.00,0,178.00
1, Câmara Municipal,1, Câmara Municipal,150070000000,Rec. Livres (Imp. e Transf. Const.),33.211.200/0001-42,DAVID FRANCISCO DA SILVA 05034835916,261.00,0,261.00,0,261.00
1, Câmara Municipal,1, Câmara Municipal,150070000000,Rec. Livres (Imp. e Transf. Const.),35.605.748/0001-00,TRANSPORTE E TURISMO CONTINI LTDA,15276.60,0,3719.60,0,3719.60
1, Câmara Municipal,1, Câmara Municipal,150070000000,Rec. Livres (Imp. e Transf. Const.),36.225.268/0001-79,INSTALAR INSTALAÇÃO E MANUTENÇÃO LTDA,3932.57,0,0,0,0
1, Câmara Municipal,1, Câmara Municipal,150070000000,Rec. Livres (Imp. e Transf. Const.),36.521.392/0002-62,GO VENDAS ELETRONICAS LTDA,1365.00,0,0,0,0
1, Câmara Municipal,1, Câmara Municipal,150070000000,Rec. Livres (Imp. e Transf. Const.),36.811.724/0001-62,ALESSANDRO ENGEL,6734.16,3497.04,1791.00,168.10,1557.21
1, Câmara Municipal,1, Câmara Municipal,150070000000,Rec. Livres (Imp. e Transf. Const.),38.346.049/0001-73,CLIMAR CLIMATIZAÇÃO E REFRIGERAÇÃO LTDA,4310.00,0,4310.00,0,4310.00
1, Câmara Municipal,1, Câmara Municipal,150070000000,Rec. Livres (Imp. e Transf. Const.),38.402.407/0001-18,GLOBAL ATACADO E VAREJO LTDA,235.95,0,235.95,0,235.95
1, Câmara Municipal,1, Câmara Municipal,150070000000,Rec. Livres (Imp. e Transf. Const.),38.613.730/0001-30,JM PAPELARIA LTDA,3944.00,0,2640.00,31.68,2640.00
1, Câmara Municipal,1, Câmara Municipal,150070000000,Rec. Livres (Imp. e Transf. Const.),39.655.478/0001-95,SEBOLD INDUSTRIA DE COSMETICOS LTDA,392.64,0,195.84,2.35,195.84
1, Câmara Municipal,1, Câmara Municipal,150070000000,Rec. Livres (Imp. e Transf. Const.),41.043.956/0001-58,ALLES SAUBER MATERIAIS DE LIMPEZA LTDA,183.27,18.13,183.27,0,183.27
1, Câmara Municipal,1, Câmara Municipal,150070000000,Rec. Livres (Imp. e Transf. Const.),45.747.626/0001-02,OTHALA COMERCIO LTDA,100.20,0,100.20,1.20,100.20
1, Câmara Municipal,1, Câmara Municipal,150070000000,Rec. Livres (Imp. e Transf. Const.),46.613.430/0001-80,DM LICITACOMERCIO E ASSESSORIA LTDA,100.00,0,100.00,0,0
1, Câmara Municipal,1, Câmara Municipal,150070000000,Rec. Livres (Imp. e Transf. Const.),49.256.132/0001-78,THE SUPPLY COMPANY LTDA,140.00,0,140.00,0,0
1, Câmara Municipal,1, Câmara Municipal,150070000000,Rec. Livres (Imp. e Transf. Const.),50.675.079/0001-29,POMERWASSER AMBIENTAL S.P.E. S.A.,1129.08,555.34,435.32,18.76,435.32
1, Câmara Municipal,1, Câmara Municipal,150070000000,Rec. Livres (Imp. e Transf. Const.),51.992.498/0001-57,RR COMERCIO E MANUTENÇÃO DE MOVEIS E CADEIRAS LTDA,300.00,0,300.00,0,300.00
1, Câmara Municipal,1, Câmara Municipal,150070000000,Rec. Livres (Imp. e Transf. Const.),53.795.421/0001-12,M A F VILAS BOAS SERVICOS & CIA LTDA,3687.20,0,3687.20,572.12,3687.20
1, Câmara Municipal,1, Câmara Municipal,150070000000,Rec. Livres (Imp. e Transf. Const.),53.827.151/0001-84,BOA BASE LTDA,693.00,0,693.00,0,693.00
1, Câmara Municipal,1, Câmara Municipal,150070000000,Rec. Livres (Imp. e Transf. Const.),54.462.728/0001-64,54.462.728 JOSE DAMIAN DA SILVA,1800.00,0,1800.00,0,1800.00
1, Câmara Municipal,1, Câmara Municipal,150070000000,Rec. Livres (Imp. e Transf. Const.),54.960.622/0001-90,MOBILIA URBANA COMÉRCIO E SERVIÇOS LTDA,17511.00,0,17511.00,0,17511.00
1, Câmara Municipal,1, Câmara Municipal,150070000000,Rec. Livres (Imp. e Transf. Const.),55.020.757/0001-39,HERVAL MOVEIS PARA ESCRITORIO LTDA,638.00,638.00,638.00,7.66,7.66
1, Câmara Municipal,1, Câmara Municipal,150070000000,Rec. Livres (Imp. e Transf. Const.),55.149.591/0002-36,ALLSET TECNOLOGIA LTDA,1120.42,0,1120.42,13.45,1120.42
1, Câmara Municipal,1, Câmara Municipal,150070000000,Rec. Livres (Imp. e Transf. Const.),60.353.064/0001-06,IPE DISTRIBUIDORA LTDA,210.60,0,0,0,0
1, Câmara Municipal,1, Câmara Municipal,150070000000,Rec. Livres (Imp. e Transf. Const.),72.259.187/0001-53,SULCOMM COMÉRCIO DE EQUIPAMENTOS DE COMUNICAÇÃO LTDA EPP,390.00,0,390.00,0,390.00
1, Câmara Municipal,1, Câmara Municipal,150070000000,Rec. Livres (Imp. e Transf. Const.),75.293.126/0001-09,RÁDIO POMERODE LTDA,60468.00,594.00,6510.00,0,5166.00
1, Câmara Municipal,1, Câmara Municipal,150070000000,Rec. Livres (Imp. e Transf. Const.),756.999.669-00,LIDIO LENEY BRYCH,142.48,657.52,142.48,0,142.48
1, Câmara Municipal,1, Câmara Municipal,150070000000,Rec. Livres (Imp. e Transf. Const.),76.875.731/0001-42,FEDERAÇÃO DAS CÂMARAS DE VEREADORES DE SANTA CATARINA,16600.00,675.00,6600.00,0,6600.00
1, Câmara Municipal,1, Câmara Municipal,150070000000,Rec. Livres (Imp. e Transf. Const.),792.667.629-20,CLEIDE RAUBER,2280.58,5119.42,2280.58,0,2280.58
1, Câmara Municipal,1, Câmara Municipal,150070000000,Rec. Livres (Imp. e Transf. Const.),79.283.065/0001-41,ORBENK ADMINISTRAÇÃO E SERVIÇOS LTDA.,279185.51,19760.95,76076.67,14682.79,64461.44
1, Câmara Municipal,1, Câmara Municipal,150070000000,Rec. Livres (Imp. e Transf. Const.),79.511.812/0001-51,SERVMED CLINICA DE MEDICINA DO TRABALHO LTDA,5050.00,0,0,0,0
1, Câmara Municipal,1, Câmara Municipal,150070000000,Rec. Livres (Imp. e Transf. Const.),801.829.289-26,PABLO DANIEL GRAMAJO,4221.23,1778.77,4221.23,0,4221.23
1, Câmara Municipal,1, Câmara Municipal,150070000000,Rec. Livres (Imp. e Transf. Const.),80.495.625/0001-00,CONFEITARIA TORTEN PARADIES LTDA,10899.64,1290.80,5516.96,66.20,5516.96
1, Câmara Municipal,1, Câmara Municipal,150070000000,Rec. Livres (Imp. e Transf. Const.),81.004.988/0001-69,JOCA COMERCIO DE MATERIAIS DE CONSTRUCAO LTDA,353.25,39.25,353.25,4.24,353.25
1, Câmara Municipal,1, Câmara Municipal,150070000000,Rec. Livres (Imp. e Transf. Const.),81.341.067/0001-91,SILVIO KLOTZ,8760.00,0,4380.00,0,4380.00
1, Câmara Municipal,1, Câmara Municipal,150070000000,Rec. Livres (Imp. e Transf. Const.),82.624.776/0001-47,UNIMED BLUMENAU - COOPERATIVA DE TRABALHO MÉDICO,43881.59,0,8881.59,1892.23,7826.94
1, Câmara Municipal,1, Câmara Municipal,150070000000,Rec. Livres (Imp. e Transf. Const.),82.750.316/0001-65,NELSO HOGE COMERCIO DE GLP LTDA,130.00,0,130.00,0.31,130.00
1, Câmara Municipal,1, Câmara Municipal,150070000000,Rec. Livres (Imp. e Transf. Const.),82.951.310/0001-56,SECRETARIA DE ESTADO DA FAZENDA,149.37,0,149.37,0,149.37
1, Câmara Municipal,1, Câmara Municipal,150070000000,Rec. Livres (Imp. e Transf. Const.),83.551.895/0001-80,POMERODE CAMARA DE VEREADORES,1947419.84,0,1947419.84,587645.52,1947419.84
1, Câmara Municipal,1, Câmara Municipal,150070000000,Rec. Livres (Imp. e Transf. Const.),83.566.299/0001-73,FUNDAÇÃO DE ESTUDOS E PESQUISAS SOCIOECONÔMICAS - FEPESE,3849.30,0,3849.30,0,3849.30
1, Câmara Municipal,1, Câmara Municipal,150070000000,Rec. Livres (Imp. e Transf. Const.),841.296.469-15,JAIR CONRADO KLEBBER,930.70,1569.30,930.70,0,930.70
1, Câmara Municipal,1, Câmara Municipal,150070000000,Rec. Livres (Imp. e Transf. Const.),85.461.804/0001-40,SERVICO AUTONOMO MUNICIPAL DE AGUA E ESGOTO,744.96,0,279.36,0,232.80
1, Câmara Municipal,1, Câmara Municipal,150070000000,Rec. Livres (Imp. e Transf. Const.),86.910.148/0001-89,DIBRAPE - DISTRIBUIDORA BRASILEIRA DE PETRÓLEO LTDA,7651.82,3045.49,3197.31,7.68,2803.10
1, Câmara Municipal,1, Câmara Municipal,150070000000,Rec. Livres (Imp. e Transf. Const.),898.175.599-04,CLOVIS RICARDO BLOEDORN,209.89,1290.11,209.89,0,209.89
1, Câmara Municipal,1, Câmara Municipal,150070000000,Rec. Livres (Imp. e Transf. Const.),900.206.260-53,MARCO AURELIO SUDBRACK DESESSARDS,750.30,1749.70,750.30,0,750.30
1, Câmara Municipal,1, Câmara Municipal,150070000000,Rec. Livres (Imp. e Transf. Const.),917.099.467-68,SERGIO EDUARDO DE SOUZA SANTOS,4615.70,0,4615.70,378.53,4615.70
1, Câmara Municipal,1, Câmara Municipal,150070000000,Rec. Livres (Imp. e Transf. Const.),95.855.078/0001-02,PANIFICADORA E CONFEITARIA DONA ELLA LTDA,2111.90,63.08,763.40,0,763.40
2, Gabinete do Prefeito,1,Gabinete do Prefeito,150070000000,Rec. Livres (Imp. e Transf. Const.),00.703.157/0001-83,CONFEDERACAO NACIONAL DE MUNICIPIOS,600.00,0,600.00,0,600.00
2, Gabinete do Prefeito,1,Gabinete do Prefeito,150070000000,Rec. Livres (Imp. e Transf. Const.),00.736.251/0001-39,QUALICOPY SERVIÇOS E COMÉRCIO LTDA,25.00,0,25.00,0,25.00
2, Gabinete do Prefeito,1,Gabinete do Prefeito,150070000000,Rec. Livres (Imp. e Transf. Const.),01.196.552/0001-80,CORPO DE BOMBEIROS VOLUNTARIOS DE POMERODE,489000.00,0,154000.00,0,154000.00
2, Gabinete do Prefeito,1,Gabinete do Prefeito,150070000000,Rec. Livres (Imp. e Transf. Const.),018.500.659-00,RAFAEL RAMTHUN,2385.85,3378.75,2385.85,0,2385.85
2, Gabinete do Prefeito,1,Gabinete do Prefeito,150070000000,Rec. Livres (Imp. e Transf. Const.),02.323.274/0001-47,KRUEGER COMÉRCIO DE MATERIAIS ELÉTRICOS E HIDRÁULICOS LTDA,19.00,0,0,0,0
2, Gabinete do Prefeito,1,Gabinete do Prefeito,150070000000,Rec. Livres (Imp. e Transf. Const.),04.724.655/0001-63,COPY LINE COMÉRCIO E SERVIÇOS LTDA,26604.00,0,8868.00,70.94,8868.00
2, Gabinete do Prefeito,1,Gabinete do Prefeito,150070000000,Rec. Livres (Imp. e Transf. Const.),047.693.979-84,DANIEL SAADI BUERGER,1215.15,2149.89,1215.15,0,1215.15
2, Gabinete do Prefeito,1,Gabinete do Prefeito,150070000000,Rec. Livres (Imp. e Transf. Const.),05.449.347/0001-30,ART CARD LTDA,4190.00,0,4190.00,0,4190.00
2, Gabinete do Prefeito,1,Gabinete do Prefeito,150070000000,Rec. Livres (Imp. e Transf. Const.),07.125.736/0001-35,FAGULHA COMÉRCIO E IMPORTAÇÃO DE FOGOS DE ARTIFÍCIOS LTDA,25710.00,0,25710.00,0,25710.00
2, Gabinete do Prefeito,1,Gabinete do Prefeito,150070000000,Rec. Livres (Imp. e Transf. Const.),076.921.109-72,REINHARDT FRAHN,46198.50,0,17020.50,0,17020.50
2, Gabinete do Prefeito,1,Gabinete do Prefeito,150070000000,Rec. Livres (Imp. e Transf. Const.),08.540.930/0001-40,MESAVILLE COMERCIO DE MOVEIS LTDA,918.00,0,918.00,11.02,918.00
2, Gabinete do Prefeito,1,Gabinete do Prefeito,150070000000,Rec. Livres (Imp. e Transf. Const.),094.413.149-27,LUIS VINICIUS SOUZA E SILVA,82.85,328.88,82.85,0,82.85
2, Gabinete do Prefeito,1,Gabinete do Prefeito,150070000000,Rec. Livres (Imp. e Transf. Const.),18.780.623/0001-90,NOAR TURISMO LTDA,12435.90,0,12435.90,0,12435.90
2, Gabinete do Prefeito,1,Gabinete do Prefeito,150070000000,Rec. Livres (Imp. e Transf. Const.),26.968.361/0001-10,CORTESIA MOVEIS LTDA,2879.46,0,2879.46,0,2879.46
2, Gabinete do Prefeito,1,Gabinete do Prefeito,150070000000,Rec. Livres (Imp. e Transf. Const.),28.893.258/0001-83,PREMIUM PLACAS LTDA,1302.00,0,1302.00,0,1302.00
2, Gabinete do Prefeito,1,Gabinete do Prefeito,150070000000,Rec. Livres (Imp. e Transf. Const.),29.979.036/0001-40,INSS- INSTITUTO NACIONAL DO SEGURO SOCIAL,78362.68,0,78362.68,1853.50,69298.56
2, Gabinete do Prefeito,1,Gabinete do Prefeito,150070000000,Rec. Livres (Imp. e Transf. Const.),36.225.268/0001-79,INSTALAR INSTALAÇÃO E MANUTENÇÃO LTDA,1118.37,0,1118.37,0,1118.37
2, Gabinete do Prefeito,1,Gabinete do Prefeito,150070000000,Rec. Livres (Imp. e Transf. Const.),36.521.392/0002-62,GO VENDAS ELETRONICAS LTDA,530.00,0,530.00,6.36,530.00
2, Gabinete do Prefeito,1,Gabinete do Prefeito,150070000000,Rec. Livres (Imp. e Transf. Const.),36.676.173/0001-71,ADILSON BORCHARDT 89518969949,980.00,0,980.00,0,980.00
2, Gabinete do Prefeito,1,Gabinete do Prefeito,150070000000,Rec. Livres (Imp. e Transf. Const.),37.143.430/0001-72,TSI CENTRO AUTOMOTIVO LTDA,445.80,0,445.80,0,445.80
2, Gabinete do Prefeito,1,Gabinete do Prefeito,150070000000,Rec. Livres (Imp. e Transf. Const.),38.613.730/0001-30,JM PAPELARIA LTDA,1904.00,0,1904.00,22.86,1904.00
2, Gabinete do Prefeito,1,Gabinete do Prefeito,150070000000,Rec. Livres (Imp. e Transf. Const.),40.738.368/0001-76,GAMBA CONEXÕES COMÉRCIO ATACADISTA DE ALIMENTOS LTDA,416.90,0,291.50,0,291.50
2, Gabinete do Prefeito,1,Gabinete do Prefeito,150070000000,Rec. Livres (Imp. e Transf. Const.),42.039.689/0001-08,CASA LAR SHOP LTDA,466.37,0.24,466.37,5.59,466.37
2, Gabinete do Prefeito,1,Gabinete do Prefeito,150070000000,Rec. Livres (Imp. e Transf. Const.),50.704.028/0001-88,FEMANN COMERCIO E SERVIÇOS LTDA,329.00,0,329.00,0,329.00
2, Gabinete do Prefeito,1,Gabinete do Prefeito,150070000000,Rec. Livres (Imp. e Transf. Const.),80.495.625/0001-00,CONFEITARIA TORTEN PARADIES LTDA,4027.71,0,4027.71,48.31,4027.71
2, Gabinete do Prefeito,1,Gabinete do Prefeito,150070000000,Rec. Livres (Imp. e Transf. Const.),82.895.970/0001-67,FEDERACAO DAS CAMARAS DE DIRIGENTES LOJISTAS DE SC,299.00,0,299.00,14.35,299.00
2, Gabinete do Prefeito,1,Gabinete do Prefeito,150070000000,Rec. Livres (Imp. e Transf. Const.),82.951.310/0001-56,SECRETARIA DE ESTADO DA FAZENDA,149.37,0,149.37,0,149.37
2, Gabinete do Prefeito,1,Gabinete do Prefeito,150070000000,Rec. Livres (Imp. e Transf. Const.),83.102.251/0001-04,MUNICÍPIO DE POMERODE,410834.53,0,410834.53,102133.95,410834.53
2, Gabinete do Prefeito,1,Gabinete do Prefeito,150070000000,Rec. Livres (Imp. e Transf. Const.),86.910.148/0001-89,DIBRAPE - DISTRIBUIDORA BRASILEIRA DE PETRÓLEO LTDA,7326.48,0,918.48,2.20,918.48
2, Gabinete do Prefeito,1,Gabinete do Prefeito,150070000000,Rec. Livres (Imp. e Transf. Const.),95.822.136/0001-93,3A MATERIAIS DE CONSTRUÇÃO LTDA,479.99,0,479.99,0,0
2, Gabinete do Prefeito,1,Gabinete do Prefeito,150070000000,Rec. Livres (Imp. e Transf. Const.),95.855.078/0001-02,PANIFICADORA E CONFEITARIA DONA ELLA LTDA,64.00,0,64.00,0,64.00
3, Procuradoria-Geral do Município,1,Procuradoria Geral do Município,150070000000,Rec. Livres (Imp. e Transf. Const.),00.736.251/0001-39,QUALICOPY SERVIÇOS E COMÉRCIO LTDA,37.50,0,37.50,0,37.50
3, Procuradoria-Geral do Município,1,Procuradoria Geral do Município,150070000000,Rec. Livres (Imp. e Transf. Const.),017.148.764-89,MARIA CLARA DA SILVA COSTA,12503.59,0,12503.59,0,12503.59
3, Procuradoria-Geral do Município,1,Procuradoria Geral do Município,150070000000,Rec. Livres (Imp. e Transf. Const.),02.255.187/0001-08,UNIFIQUE TELECOMUNICAÇÕES S/A,5793.60,0,2896.80,0,2896.80
3, Procuradoria-Geral do Município,1,Procuradoria Geral do Município,150070000000,Rec. Livres (Imp. e Transf. Const.),02.323.274/0001-47,KRUEGER COMÉRCIO DE MATERIAIS ELÉTRICOS E HIDRÁULICOS LTDA,82.95,0,82.95,0.98,23.71
3, Procuradoria-Geral do Município,1,Procuradoria Geral do Município,150070000000,Rec. Livres (Imp. e Transf. Const.),02.763.906/0001-93,PARCERIA - ADMINISTRAÇÃO E PARTICIPAÇÕES LTDA,21213.20,0,7777.10,373.25,6699.62
3, Procuradoria-Geral do Município,1,Procuradoria Geral do Município,150070000000,Rec. Livres (Imp. e Transf. Const.),03.725.725/0001-35,LEIS LTDA,33129.00,0,4339.50,199.40,4339.50
3, Procuradoria-Geral do Município,1,Procuradoria Geral do Município,150070000000,Rec. Livres (Imp. e Transf. Const.),04.196.147/0001-50,INFODIGI INFORMAÇÕES DIGITAIS LTDA EPP,880.00,0,880.00,42.24,880.00
3, Procuradoria-Geral do Município,1,Procuradoria Geral do Município,150070000000,Rec. Livres (Imp. e Transf. Const.),04.533.821/0001-44,FUNDO DE APOSENTADORIA E PENSOES,103323.40,0,103323.40,0,87478.30
3, Procuradoria-Geral do Município,1,Procuradoria Geral do Município,150070000000,Rec. Livres (Imp. e Transf. Const.),04.724.655/0001-63,COPY LINE COMÉRCIO E SERVIÇOS LTDA,18270.00,0,6090.00,48.72,6090.00
3, Procuradoria-Geral do Município,1,Procuradoria Geral do Município,150070000000,Rec. Livres (Imp. e Transf. Const.),062.266.620-77,SOPHIA SANTOS DA COSTA,7980.74,0,7980.74,0,7980.74
3, Procuradoria-Geral do Município,1,Procuradoria Geral do Município,150070000000,Rec. Livres (Imp. e Transf. Const.),064.544.679-37,PATRICIA LENFERS,7629.21,0,7629.21,340.95,340.95
3, Procuradoria-Geral do Município,1,Procuradoria Geral do Município,150070000000,Rec. Livres (Imp. e Transf. Const.),083.909.979-75,ARTHUR SCHEIDEMANTEL,9803.44,0,9803.44,0,9803.44
3, Procuradoria-Geral do Município,1,Procuradoria Geral do Município,150070000000,Rec. Livres (Imp. e Transf. Const.),090.332.019-33,NICOLE PAULINA BAULER,12534.45,0,12534.45,0,12534.45
3, Procuradoria-Geral do Município,1,Procuradoria Geral do Município,150070000000,Rec. Livres (Imp. e Transf. Const.),091.708.889-14,MARKUS VINICIUS GEHLEN,8985.50,0,8985.50,0,8985.50
3, Procuradoria-Geral do Município,1,Procuradoria Geral do Município,150070000000,Rec. Livres (Imp. e Transf. Const.),095.360.269-96,PAOLA DENZER DOS SANTOS,3833.91,0,3833.91,0,3833.91
3, Procuradoria-Geral do Município,1,Procuradoria Geral do Município,150070000000,Rec. Livres (Imp. e Transf. Const.),099.578.119-24,BRUNO ANDREZESKI GOMES,9157.24,0,9157.24,0,9157.24
3, Procuradoria-Geral do Município,1,Procuradoria Geral do Município,150070000000,Rec. Livres (Imp. e Transf. Const.),117.560.889-00,EDUARDA PAIANO PANDOLFI,9803.44,0,9803.44,0,9803.44
3, Procuradoria-Geral do Município,1,Procuradoria Geral do Município,150070000000,Rec. Livres (Imp. e Transf. Const.),18.404.728/0001-44,CEM POR CENTO CADEIRAS  LTDA - ME,140.00,0,140.00,0,0
3, Procuradoria-Geral do Município,1,Procuradoria Geral do Município,150070000000,Rec. Livres (Imp. e Transf. Const.),22.637.568/0001-50,RDC PRESTADORA DE SERVICOS LTDA,1215.04,0,1215.04,133.65,1215.04
3, Procuradoria-Geral do Município,1,Procuradoria Geral do Município,150070000000,Rec. Livres (Imp. e Transf. Const.),29.979.036/0001-40,INSS- INSTITUTO NACIONAL DO SEGURO SOCIAL,54923.63,0,54923.63,0,46309.77
3, Procuradoria-Geral do Município,1,Procuradoria Geral do Município,150070000000,Rec. Livres (Imp. e Transf. Const.),35.944.400/0001-30,ROTTA DO REPARO MATERIAIS DE CONSTRUÇÃO LTDA,136.40,0,136.40,0,136.40
3, Procuradoria-Geral do Município,1,Procuradoria Geral do Município,150070000000,Rec. Livres (Imp. e Transf. Const.),36.225.268/0001-79,INSTALAR INSTALAÇÃO E MANUTENÇÃO LTDA,1521.56,0,1521.56,0,1231.56
3, Procuradoria-Geral do Município,1,Procuradoria Geral do Município,150070000000,Rec. Livres (Imp. e Transf. Const.),39.649.812/0001-06,MC COMÉRCIO DE ALIMENTOS E TRANSPORTES LTDA,122.16,0,122.16,0,122.16
3, Procuradoria-Geral do Município,1,Procuradoria Geral do Município,150070000000,Rec. Livres (Imp. e Transf. Const.),40.738.368/0001-76,GAMBA CONEXÕES COMÉRCIO ATACADISTA DE ALIMENTOS LTDA,830.60,0,705.20,0,0
3, Procuradoria-Geral do Município,1,Procuradoria Geral do Município,150070000000,Rec. Livres (Imp. e Transf. Const.),79.065.181/0001-94,DISTRIBUIDORA CURITIBA DE PAPEIS E LIVROS S/A,1090.00,0,665.00,7.98,7.98
3, Procuradoria-Geral do Município,1,Procuradoria Geral do Município,150070000000,Rec. Livres (Imp. e Transf. Const.),83.102.251/0001-04,MUNICÍPIO DE POMERODE,1011587.66,0,1011587.66,316751.27,1007996.05
3, Procuradoria-Geral do Município,1,Procuradoria Geral do Município,175970000001,Fundo PROGEM: 65% (LC 548/2024),83.102.251/0001-04,MUNICÍPIO DE POMERODE,74156.80,0,74156.80,0,74156.80
3, Procuradoria-Geral do Município,1,Procuradoria Geral do Município,275970000001,Fundo PROGEM: 65% (LC 548/2024),83.102.251/0001-04,MUNICÍPIO DE POMERODE,2147.64,0,2147.64,0,2147.64
3, Procuradoria-Geral do Município,2,Fundo de Reaparelhamento da Procuradoria,175970000002,Fundo PROGEM: 35% (LC 548/2024),00.000.000/2472-43,BANCO DO BRASIL SA,519.40,0,219.40,0,219.40
4, Secretaria de Governo,1,Secretaria de Governo,150070000000,Rec. Livres (Imp. e Transf. Const.),005.061.879-26,JOEL DOS SANTOS,48.00,7.87,48.00,0,48.00
4, Secretaria de Governo,1,Secretaria de Governo,150070000000,Rec. Livres (Imp. e Transf. Const.),00.563.117/0001-83,EDITORA E JORNAL A CIDADE LTDA,0.00,2580.00,0,0,0
4, Secretaria de Governo,1,Secretaria de Governo,150070000000,Rec. Livres (Imp. e Transf. Const.),00.736.251/0001-39,QUALICOPY SERVIÇOS E COMÉRCIO LTDA,1066.00,0,66.00,0,66.00
4, Secretaria de Governo,1,Secretaria de Governo,150070000000,Rec. Livres (Imp. e Transf. Const.),01.258.027/0003-03,IPM SISTEMAS LTDA,357.58,357.58,357.58,17.16,357.58
4, Secretaria de Governo,1,Secretaria de Governo,150070000000,Rec. Livres (Imp. e Transf. Const.),02.255.187/0001-08,UNIFIQUE TELECOMUNICAÇÕES S/A,965.60,0,965.60,0,965.60
4, Secretaria de Governo,1,Secretaria de Governo,150070000000,Rec. Livres (Imp. e Transf. Const.),02.763.906/0001-93,PARCERIA - ADMINISTRAÇÃO E PARTICIPAÇÕES LTDA,21213.20,0,7777.10,373.25,6699.62
4, Secretaria de Governo,1,Secretaria de Governo,150070000000,Rec. Livres (Imp. e Transf. Const.),03.148.398/0001-04,JORNAL DE POMERODE EDITORA LTDA,138750.00,1610.00,138750.00,0,138750.00
4, Secretaria de Governo,1,Secretaria de Governo,150070000000,Rec. Livres (Imp. e Transf. Const.),04.533.821/0001-44,FUNDO DE APOSENTADORIA E PENSOES,7955.80,0,7955.80,0,6800.57
4, Secretaria de Governo,1,Secretaria de Governo,150070000000,Rec. Livres (Imp. e Transf. Const.),04.724.655/0001-63,COPY LINE COMÉRCIO E SERVIÇOS LTDA,4860.05,0,1620.00,12.96,1620.00
4, Secretaria de Governo,1,Secretaria de Governo,150070000000,Rec. Livres (Imp. e Transf. Const.),04.895.816/0001-81,SOCIEDADE VALE DE COMUNICACOES LTDA,77277.56,0,77277.56,0,77277.56
4, Secretaria de Governo,1,Secretaria de Governo,150070000000,Rec. Livres (Imp. e Transf. Const.),05.350.894/0001-63,OLI COMUNICAÇÕES LTDA,7740.00,0,7740.00,0,7740.00
4, Secretaria de Governo,1,Secretaria de Governo,150070000000,Rec. Livres (Imp. e Transf. Const.),085.957.089-40,MIKE ANDREW MORETTI,416.90,1179.40,416.90,0,416.90
4, Secretaria de Governo,1,Secretaria de Governo,150070000000,Rec. Livres (Imp. e Transf. Const.),089.675.995-44,LARA SOFIA SANTOS MALTAS,118.14,0,118.14,0,118.14
4, Secretaria de Governo,1,Secretaria de Governo,150070000000,Rec. Livres (Imp. e Transf. Const.),09.037.218/0001-95,S.A.C. COMUNICACAO LTDA,2000.00,0,2000.00,0,2000.00
4, Secretaria de Governo,1,Secretaria de Governo,150070000000,Rec. Livres (Imp. e Transf. Const.),09.316.105/0001-29,FRIOVIX COMERCIO DE REFRIGERAÇÃO LTDA,3197.87,0,3197.87,38.37,3197.87
4, Secretaria de Governo,1,Secretaria de Governo,150070000000,Rec. Livres (Imp. e Transf. Const.),094.413.149-27,LUIS VINICIUS SOUZA E SILVA,677.46,1053.05,677.46,0,677.46
4, Secretaria de Governo,1,Secretaria de Governo,150070000000,Rec. Livres (Imp. e Transf. Const.),096.834.159-46,EDUARDA RODRIGUES MACHADO,3345.48,0,3345.48,0,3345.48
4, Secretaria de Governo,1,Secretaria de Governo,150070000000,Rec. Livres (Imp. e Transf. Const.),10.749.284/0001-77,EZCUZÊ AGÊNCIA DE PUBLICIDADE E PROPAGANDA LTDA,88307.18,489.94,87437.18,4196.66,87427.58
4, Secretaria de Governo,1,Secretaria de Governo,150070000000,Rec. Livres (Imp. e Transf. Const.),10.905.718/0001-80,GRAFICA TIMBO LTDA  ME,967.60,0,967.60,0,766.00
4, Secretaria de Governo,1,Secretaria de Governo,150070000000,Rec. Livres (Imp. e Transf. Const.),11.012.189/0001-59,LUCIANO BARROCA SANCHES ME,4965.00,0,4965.00,0,4965.00
4, Secretaria de Governo,1,Secretaria de Governo,150070000000,Rec. Livres (Imp. e Transf. Const.),112.030.249-83,GABRIELLA MAITÊ EHLERT,7162.01,0,7162.01,0,7162.01
4, Secretaria de Governo,1,Secretaria de Governo,150070000000,Rec. Livres (Imp. e Transf. Const.),124.022.029-47,STEPHANIE EMANUELE SCHMELZER,8563.27,0,8563.27,0,8563.27
4, Secretaria de Governo,1,Secretaria de Governo,150070000000,Rec. Livres (Imp. e Transf. Const.),124.428.199-96,ALANA IOMES,149.99,0,149.99,0,0
4, Secretaria de Governo,1,Secretaria de Governo,150070000000,Rec. Livres (Imp. e Transf. Const.),128.856.159-82,BEATRIZ BAUNER POLLI,7793.40,0,7793.40,0,7793.40
4, Secretaria de Governo,1,Secretaria de Governo,150070000000,Rec. Livres (Imp. e Transf. Const.),128.978.739-57,PEDRO AUGUSTO BORGES,12534.45,0,12534.45,0,12534.45
4, Secretaria de Governo,1,Secretaria de Governo,150070000000,Rec. Livres (Imp. e Transf. Const.),133.269.749-65,GABRIELLY CRISTINA PEREIRA,8922.62,0,8922.62,0,8922.62
4, Secretaria de Governo,1,Secretaria de Governo,150070000000,Rec. Livres (Imp. e Transf. Const.),13.340.171/0001-01,SOPRINT COMUNICACAO VISUAL LTDA,9888.72,0,9888.72,0,9888.72
4, Secretaria de Governo,1,Secretaria de Governo,150070000000,Rec. Livres (Imp. e Transf. Const.),136.669.939-40,MARIA VALENTINA ROCHA,149.99,0,149.99,0,149.99
4, Secretaria de Governo,1,Secretaria de Governo,150070000000,Rec. Livres (Imp. e Transf. Const.),14.284.430/0001-97,"FUNDO DE MATERIAIS, PUBLICAÇÕES E IMPRESSOS OFICIAIS SC",1502.26,0,1502.26,0,1502.26
4, Secretaria de Governo,1,Secretaria de Governo,150070000000,Rec. Livres (Imp. e Transf. Const.),151.914.489-01,EMILLY NEIS GARCIA,7756.70,0,7756.70,0,7756.70
4, Secretaria de Governo,1,Secretaria de Governo,150070000000,Rec. Livres (Imp. e Transf. Const.),15.555.787/0001-25,TESTO EDITORA E EVENTOS LTDA,96500.00,0,96500.00,0,96500.00
4, Secretaria de Governo,1,Secretaria de Governo,150070000000,Rec. Livres (Imp. e Transf. Const.),16.937.999/0001-30,RAITER EDITORA E EVENTOS LTDA ME,18000.00,0,18000.00,0,18000.00
4, Secretaria de Governo,1,Secretaria de Governo,150070000000,Rec. Livres (Imp. e Transf. Const.),18.780.623/0001-90,NOAR TURISMO LTDA,1138.03,0,1138.03,0,1138.03
4, Secretaria de Governo,1,Secretaria de Governo,150070000000,Rec. Livres (Imp. e Transf. Const.),239.148.518-21,NATASHA GOUVEA CABRAL,7793.40,0,7793.40,0,7793.40
4, Secretaria de Governo,1,Secretaria de Governo,150070000000,Rec. Livres (Imp. e Transf. Const.),24.277.008/0001-68,CARLOS ALBERTO SCHROEDER,11000.00,0,11000.00,0,11000.00
4, Secretaria de Governo,1,Secretaria de Governo,150070000000,Rec. Livres (Imp. e Transf. Const.),28.893.258/0001-83,PREMIUM PLACAS LTDA,892.00,1368.00,892.00,0,892.00
4, Secretaria de Governo,1,Secretaria de Governo,150070000000,Rec. Livres (Imp. e Transf. Const.),28.900.401/0001-17,LINKMAQ COMERCIO E ASSISTENCIA DE MAQUINAS E EQUIPAMENTOS LTDA,1909.00,0,1909.00,0,1909.00
4, Secretaria de Governo,1,Secretaria de Governo,150070000000,Rec. Livres (Imp. e Transf. Const.),29.979.036/0001-40,INSS- INSTITUTO NACIONAL DO SEGURO SOCIAL,54789.63,0,54789.63,0,46860.00
4, Secretaria de Governo,1,Secretaria de Governo,150070000000,Rec. Livres (Imp. e Transf. Const.),32.475.168/0001-40,LINEART HP IMPRESSOS EIRELI,2250.00,0,870.00,41.76,870.00
4, Secretaria de Governo,1,Secretaria de Governo,150070000000,Rec. Livres (Imp. e Transf. Const.),33.211.200/0001-42,DAVID FRANCISCO DA SILVA 05034835916,800.00,0,400.00,0,400.00
4, Secretaria de Governo,1,Secretaria de Governo,150070000000,Rec. Livres (Imp. e Transf. Const.),35.148.259/0001-69,HUNTER FILM DESIGN LTDA,5000.00,0,5000.00,0,5000.00
4, Secretaria de Governo,1,Secretaria de Governo,150070000000,Rec. Livres (Imp. e Transf. Const.),36.225.268/0001-79,INSTALAR INSTALAÇÃO E MANUTENÇÃO LTDA,3621.31,0,800.71,0,800.71
4, Secretaria de Governo,1,Secretaria de Governo,150070000000,Rec. Livres (Imp. e Transf. Const.),38.613.730/0001-30,JM PAPELARIA LTDA,400.00,0,400.00,4.80,400.00
4, Secretaria de Governo,1,Secretaria de Governo,150070000000,Rec. Livres (Imp. e Transf. Const.),42.166.109/0001-43,WILLIAN KLAUMANN,1150.00,0,1150.00,0,1150.00
4, Secretaria de Governo,1,Secretaria de Governo,150070000000,Rec. Livres (Imp. e Transf. Const.),48.606.374/0001-81,CONGRES CONSULTORIA EM GESTAO POR RESULTADOS LTDA,40800.00,0,10200.00,0,10200.00
4, Secretaria de Governo,1,Secretaria de Governo,150070000000,Rec. Livres (Imp. e Transf. Const.),541.565.688-06,AMANDA MARQUES PEREIRA,7793.40,0,7793.40,0,7793.40
4, Secretaria de Governo,1,Secretaria de Governo,150070000000,Rec. Livres (Imp. e Transf. Const.),54.960.622/0001-90,MOBILIA URBANA COMÉRCIO E SERVIÇOS LTDA,1675.00,0,1675.00,20.10,1675.00
4, Secretaria de Governo,1,Secretaria de Governo,150070000000,Rec. Livres (Imp. e Transf. Const.),57.765.012/0001-24,MH COMERCIO LTDA,100.02,0,100.02,0,100.02
4, Secretaria de Governo,1,Secretaria de Governo,150070000000,Rec. Livres (Imp. e Transf. Const.),59.115.034/0001-74,MOOD PRODUCOES MKT E EVENTOS LTDA,2190.00,0,2190.00,0,2190.00
4, Secretaria de Governo,1,Secretaria de Governo,150070000000,Rec. Livres (Imp. e Transf. Const.),619.821.489-34,JOEL CAMARGO DOS SANTOS,0.00,55.87,0.00,0,0
4, Secretaria de Governo,1,Secretaria de Governo,150070000000,Rec. Livres (Imp. e Transf. Const.),65.847.114/0001-17,OLI COMUNICAÇÃO VISUAL LTDA,2168.00,646.67,2168.00,0,2168.00
4, Secretaria de Governo,1,Secretaria de Governo,150070000000,Rec. Livres (Imp. e Transf. Const.),75.293.126/0001-09,RÁDIO POMERODE LTDA,77277.56,3776.40,77277.56,0,77277.56
4, Secretaria de Governo,1,Secretaria de Governo,150070000000,Rec. Livres (Imp. e Transf. Const.),75.786.459/0001-61,IMPRESSORA MAYER LTDA,9866.00,0,9866.00,473.57,9866.00
4, Secretaria de Governo,1,Secretaria de Governo,150070000000,Rec. Livres (Imp. e Transf. Const.),82.645.003/0001-47,RADIO CLUBE DE BLUMENAU LTDA,1500.00,0,1500.00,0,1500.00
4, Secretaria de Governo,1,Secretaria de Governo,150070000000,Rec. Livres (Imp. e Transf. Const.),83.102.251/0001-04,MUNICÍPIO DE POMERODE,382057.08,0,382057.08,95986.04,382057.08
4, Secretaria de Governo,1,Secretaria de Governo,250170000000,Rec. Livres,03.148.398/0001-04,JORNAL DE POMERODE EDITORA LTDA,15910.00,0,15910.00,0,15910.00
4, Secretaria de Governo,1,Secretaria de Governo,250170000000,Rec. Livres,04.198.254/0001-17,MCR SISTEMAS E CONSULTORIA LTDA,5788.00,0,0,0,0
4, Secretaria de Governo,1,Secretaria de Governo,250170000000,Rec. Livres,04.895.816/0001-81,SOCIEDADE VALE DE COMUNICACOES LTDA,39878.88,0,24042.30,0,19116.18
4, Secretaria de Governo,1,Secretaria de Governo,250170000000,Rec. Livres,05.350.894/0001-63,OLI COMUNICAÇÕES LTDA,2580.00,0,2580.00,0,2580.00
4, Secretaria de Governo,1,Secretaria de Governo,250170000000,Rec. Livres,085.957.089-40,MIKE ANDREW MORETTI,662.50,273.15,662.50,0,662.50
4, Secretaria de Governo,1,Secretaria de Governo,250170000000,Rec. Livres,10.749.284/0001-77,EZCUZÊ AGÊNCIA DE PUBLICIDADE E PROPAGANDA LTDA,173371.57,15.28,28164.72,617.99,20860.52
4, Secretaria de Governo,1,Secretaria de Governo,250170000000,Rec. Livres,11.179.003/0001-50,WEART LTDA,4200.00,0,4200.00,210.00,4200.00
4, Secretaria de Governo,1,Secretaria de Governo,250170000000,Rec. Livres,13.340.171/0001-01,SOPRINT COMUNICACAO VISUAL LTDA,84.00,0,84.00,0,84.00
4, Secretaria de Governo,1,Secretaria de Governo,250170000000,Rec. Livres,15.555.787/0001-25,TESTO EDITORA E EVENTOS LTDA,21900.00,0,21900.00,0,21900.00
4, Secretaria de Governo,1,Secretaria de Governo,250170000000,Rec. Livres,16.937.999/0001-30,RAITER EDITORA E EVENTOS LTDA ME,9000.00,0,9000.00,0,9000.00
4, Secretaria de Governo,1,Secretaria de Governo,250170000000,Rec. Livres,35.148.259/0001-69,HUNTER FILM DESIGN LTDA,17400.00,0,0,0,0
4, Secretaria de Governo,1,Secretaria de Governo,250170000000,Rec. Livres,38.613.730/0001-30,JM PAPELARIA LTDA,689.50,0,689.50,8.27,8.27
4, Secretaria de Governo,1,Secretaria de Governo,250170000000,Rec. Livres,45.487.023/0001-00,45.487.023 CEDRIK BUERGER NEUMANN,3600.00,0,3600.00,0,3600.00
4, Secretaria de Governo,1,Secretaria de Governo,250170000000,Rec. Livres,47.348.215/0001-61,DANIEL ZIMMERMANN LTDA.,1100.00,0,1100.00,0,1100.00
4, Secretaria de Governo,1,Secretaria de Governo,250170000000,Rec. Livres,61.320.862/0001-96,GRAFICA POMERODE ARTES LTDA,243.50,0,243.50,0,243.50
4, Secretaria de Governo,1,Secretaria de Governo,250170000000,Rec. Livres,65.847.114/0001-17,OLI COMUNICAÇÃO VISUAL LTDA,1520.00,0,500.00,0,500.00
4, Secretaria de Governo,1,Secretaria de Governo,250170000000,Rec. Livres,664.978.689-68,GERMAINE ALINE BERNHARDT,96.00,71.60,96.00,0,96.00
4, Secretaria de Governo,1,Secretaria de Governo,250170000000,Rec. Livres,75.293.126/0001-09,RÁDIO POMERODE LTDA,39878.88,0,24042.30,0,8583.36
4, Secretaria de Governo,2,Fundo Municipal de Defesa Civil,150070000000,Rec. Livres (Imp. e Transf. Const.),005.061.879-26,JOEL DOS SANTOS,0.00,55.87,0.00,0,0.00
4, Secretaria de Governo,2,Fundo Municipal de Defesa Civil,150070000000,Rec. Livres (Imp. e Transf. Const.),07.448.130/0001-30,SELL MADEIRAS E GUINDASTES LTDA,11008.50,35800.00,11008.50,0,11008.50
4, Secretaria de Governo,2,Fundo Municipal de Defesa Civil,150070000000,Rec. Livres (Imp. e Transf. Const.),10.928.104/0001-14,POMERODE DECALQUE PRESTADORA DE SERVICOS LTDA,285.00,0,0,0,0
4, Secretaria de Governo,2,Fundo Municipal de Defesa Civil,150070000000,Rec. Livres (Imp. e Transf. Const.),12.399.060/0001-08,ASCONTRAN TREINAMENTOS ESPECIALIZADOS LTDA,718.92,0,718.92,0,718.92
4, Secretaria de Governo,2,Fundo Municipal de Defesa Civil,150070000000,Rec. Livres (Imp. e Transf. Const.),18.138.763/0001-69,COMERCIAL VITÓRIA LTDA,361.44,0,361.44,0,0
4, Secretaria de Governo,2,Fundo Municipal de Defesa Civil,150070000000,Rec. Livres (Imp. e Transf. Const.),22.669.103/0001-81,SANITARY SERVICOS DE CONSERVACAO E LIMPEZA LTDA EM RECUPERACAO JUDICIAL,299124.86,0,140794.40,27173.32,140794.40
4, Secretaria de Governo,2,Fundo Municipal de Defesa Civil,150070000000,Rec. Livres (Imp. e Transf. Const.),22.873.594/0001-88,BLU PLACAS VEICULARES LTDA,140.00,0,140.00,0,140.00
4, Secretaria de Governo,2,Fundo Municipal de Defesa Civil,150070000000,Rec. Livres (Imp. e Transf. Const.),28.900.401/0001-17,LINKMAQ COMERCIO E ASSISTENCIA DE MAQUINAS E EQUIPAMENTOS LTDA,447.30,60.00,447.30,4.53,437.30
4, Secretaria de Governo,2,Fundo Municipal de Defesa Civil,150070000000,Rec. Livres (Imp. e Transf. Const.),36.225.268/0001-79,INSTALAR INSTALAÇÃO E MANUTENÇÃO LTDA,326.85,0,326.85,0,326.85
4, Secretaria de Governo,2,Fundo Municipal de Defesa Civil,150070000000,Rec. Livres (Imp. e Transf. Const.),38.315.947/0001-64,CK RASTREAMENTO VEICULAR LTDA,1829.80,0,385.85,0,385.85
4, Secretaria de Governo,2,Fundo Municipal de Defesa Civil,150070000000,Rec. Livres (Imp. e Transf. Const.),54.960.622/0001-90,MOBILIA URBANA COMÉRCIO E SERVIÇOS LTDA,990.00,0,990.00,11.88,990.00
4, Secretaria de Governo,2,Fundo Municipal de Defesa Civil,150070000000,Rec. Livres (Imp. e Transf. Const.),58.613.526/0001-27,TREVENZA SOLUCOES LTDA,1678.90,0,1678.90,0,1678.90
4, Secretaria de Governo,2,Fundo Municipal de Defesa Civil,150070000000,Rec. Livres (Imp. e Transf. Const.),664.978.689-68,GERMAINE ALINE BERNHARDT,212.19,11.29,212.19,0,212.19
4, Secretaria de Governo,2,Fundo Municipal de Defesa Civil,150070000000,Rec. Livres (Imp. e Transf. Const.),80.495.625/0001-00,CONFEITARIA TORTEN PARADIES LTDA,2403.18,0,2403.18,28.84,2403.18
4, Secretaria de Governo,2,Fundo Municipal de Defesa Civil,150070000000,Rec. Livres (Imp. e Transf. Const.),82.511.643/0001-64,CONSELHO REGIONAL DE ENGENHARIA E AGRONOMIA DE SANTA CATARINA - CREA-SC,325.17,0,0,0,0
4, Secretaria de Governo,2,Fundo Municipal de Defesa Civil,150070000000,Rec. Livres (Imp. e Transf. Const.),82.951.310/0001-56,SECRETARIA DE ESTADO DA FAZENDA,183.12,0,183.12,0,183.12
4, Secretaria de Governo,2,Fundo Municipal de Defesa Civil,150070000000,Rec. Livres (Imp. e Transf. Const.),86.910.148/0001-89,DIBRAPE - DISTRIBUIDORA BRASILEIRA DE PETRÓLEO LTDA,8971.20,0,1735.50,4.15,1735.50
4, Secretaria de Governo,2,Fundo Municipal de Defesa Civil,150170000000,Rec. Livres,01.060.303/0002-43,AGROPECUARIA POMMERLINK LTDA,2640.00,0,1320.00,15.84,1320.00
4, Secretaria de Governo,2,Fundo Municipal de Defesa Civil,150170000000,Rec. Livres,28.900.401/0001-17,LINKMAQ COMERCIO E ASSISTENCIA DE MAQUINAS E EQUIPAMENTOS LTDA,15.00,0,15.00,0,0
4, Secretaria de Governo,2,Fundo Municipal de Defesa Civil,150170000000,Rec. Livres,42.327.679/0001-78,CAJO COMERCIAL LTDA,6500.00,0,6500.00,0,6500.00
4, Secretaria de Governo,2,Fundo Municipal de Defesa Civil,150170000000,Rec. Livres,664.978.689-68,GERMAINE ALINE BERNHARDT,82.85,28.89,82.85,0,82.85
4, Secretaria de Governo,2,Fundo Municipal de Defesa Civil,150170000000,Rec. Livres,80.942.410/0001-90,"MIRA INDUSTRIA E COMERCIO DE BOLSAS, ACESSORIOS E ARTIGOS TEXTEIS LTDA",198.00,0,198.00,0,198.00
4, Secretaria de Governo,2,Fundo Municipal de Defesa Civil,150170000000,Rec. Livres,81.004.988/0001-69,JOCA COMERCIO DE MATERIAIS DE CONSTRUCAO LTDA,0.00,6500.00,0,0,0
4, Secretaria de Governo,2,Fundo Municipal de Defesa Civil,150170000000,Rec. Livres,82.511.643/0001-64,CONSELHO REGIONAL DE ENGENHARIA E AGRONOMIA DE SANTA CATARINA - CREA-SC,108.39,0,0,0,0
4, Secretaria de Governo,2,Fundo Municipal de Defesa Civil,170170000039,Portaria Conjunta SGG/SEF Nº 033/2026 - Aquisição de Kit para Defesa Civil (Convênio SCC 6585/2026),33.419.290/0001-61,VIPH IT COMERCIO E SERVIÇOS DE EQUIPAMENTOS DE INFORMATICA EIRELI,3737.30,0,0,0,0
4, Secretaria de Governo,2,Fundo Municipal de Defesa Civil,170170000039,Portaria Conjunta SGG/SEF Nº 033/2026 - Aquisição de Kit para Defesa Civil (Convênio SCC 6585/2026),42.973.356/0001-51,JK TECNOLOGIA LTDA,12313.00,0,0,0,0
4, Secretaria de Governo,2,Fundo Municipal de Defesa Civil,170170000039,Portaria Conjunta SGG/SEF Nº 033/2026 - Aquisição de Kit para Defesa Civil (Convênio SCC 6585/2026),65.149.197/0002-51,REPREMIG REPRESENTAÇÃO COMERCIO DE MINAS GERAIS LTDA,1884.26,0,1884.26,22.61,22.61
4, Secretaria de Governo,2,Fundo Municipal de Defesa Civil,170170000039,Portaria Conjunta SGG/SEF Nº 033/2026 - Aquisição de Kit para Defesa Civil (Convênio SCC 6585/2026),78.556.156/0002-21,J L PEREIRA ARCHILLA LTDA,12300.00,0,0,0,0
4, Secretaria de Governo,2,Fundo Municipal de Defesa Civil,170170000039,Portaria Conjunta SGG/SEF Nº 033/2026 - Aquisição de Kit para Defesa Civil (Convênio SCC 6585/2026),83.227.421/0007-72,GLOBO PLANALTO COMÉRCIO DE VEÍCULOS LTDA,191322.93,0,0,0,0
4, Secretaria de Governo,2,Fundo Municipal de Defesa Civil,170170000040,Convênio: Desassoreamento e limpeza do Rio Testo (Processo SCC 19224/2025),67.718.874/0001-50,PENASCAL ENGENHARIA E CONSTRUÇÃO LTDA.,3569790.13,0,70790.13,4495.17,70790.13
4, Secretaria de Governo,2,Fundo Municipal de Defesa Civil,250170000001, Rec. Livres (Concessão SAMAE),12.532.303/0001-34,TEIXEIRA & DIAS LTDA,1159268.10,0,459408.10,0,459408.10
4, Secretaria de Governo,2,Fundo Municipal de Defesa Civil,250170000001, Rec. Livres (Concessão SAMAE),664.978.689-68,GERMAINE ALINE BERNHARDT,52.00,3.87,52.00,0,52.00
4, Secretaria de Governo,2,Fundo Municipal de Defesa Civil,270170000016,Portaria Conjunta SGG/SEF Nº 001/2024: Programa Recupera SC (Contratação de Hora-Máquina),82.951.344/0001-40,SECRETARIA DE ESTADO DA INFRAESTRUTURA E MOBILIDADE,43296.98,0,43296.98,0,43296.98
5, Secretaria de Planejamento e Meio Ambiente,1,Secretaria de Planejamento e Meio Ambiente,150070000000,Rec. Livres (Imp. e Transf. Const.),03.111.139/0001-09,CONSORCIO INTERMUNICIPAL DO MEDIO VALE DO ITAJAI,30747.32,0,11327.96,0,11327.96
5, Secretaria de Planejamento e Meio Ambiente,1,Secretaria de Planejamento e Meio Ambiente,150070000000,Rec. Livres (Imp. e Transf. Const.),039.906.859-70,DANIEL DA LUZ,71.24,540.50,71.24,0,71.24
5, Secretaria de Planejamento e Meio Ambiente,1,Secretaria de Planejamento e Meio Ambiente,150070000000,Rec. Livres (Imp. e Transf. Const.),04.515.660/0001-66,INSTITUTO MUNICIPAL DE SEGURIDADE SOCIAL DO SERVIDOR DE BLUMENAU - SC - ISSBLU,15204.65,0.05,15204.65,0,15204.65
5, Secretaria de Planejamento e Meio Ambiente,1,Secretaria de Planejamento e Meio Ambiente,150070000000,Rec. Livres (Imp. e Transf. Const.),04.533.821/0001-44,FUNDO DE APOSENTADORIA E PENSOES,213144.32,0,213144.32,0,182121.52
5, Secretaria de Planejamento e Meio Ambiente,1,Secretaria de Planejamento e Meio Ambiente,150070000000,Rec. Livres (Imp. e Transf. Const.),04.724.655/0001-63,COPY LINE COMÉRCIO E SERVIÇOS LTDA,39292.00,0,12408.00,99.26,12408.00
5, Secretaria de Planejamento e Meio Ambiente,1,Secretaria de Planejamento e Meio Ambiente,150070000000,Rec. Livres (Imp. e Transf. Const.),074.020.129-80,JULIA HEIDORN RODRIGUES,8123.52,0,8123.52,0,8123.52
5, Secretaria de Planejamento e Meio Ambiente,1,Secretaria de Planejamento e Meio Ambiente,150070000000,Rec. Livres (Imp. e Transf. Const.),093.388.599-75,DAYANA LUIZA MANSKE,1630.47,0,1630.47,0,1630.47
5, Secretaria de Planejamento e Meio Ambiente,1,Secretaria de Planejamento e Meio Ambiente,150070000000,Rec. Livres (Imp. e Transf. Const.),10.905.718/0001-80,GRAFICA TIMBO LTDA  ME,481.50,0,0,0,0
5, Secretaria de Planejamento e Meio Ambiente,1,Secretaria de Planejamento e Meio Ambiente,150070000000,Rec. Livres (Imp. e Transf. Const.),10.928.104/0001-14,POMERODE DECALQUE PRESTADORA DE SERVICOS LTDA,855.00,0,0,0,0
5, Secretaria de Planejamento e Meio Ambiente,1,Secretaria de Planejamento e Meio Ambiente,150070000000,Rec. Livres (Imp. e Transf. Const.),111.550.709-50,LYA GABRIELA CUNHA MOSER,6332.12,0,6332.12,0,6332.12
5, Secretaria de Planejamento e Meio Ambiente,1,Secretaria de Planejamento e Meio Ambiente,150070000000,Rec. Livres (Imp. e Transf. Const.),11.507.734/0001-88,GRAFICA POMERODE LTDA EPP,0.00,110.00,0,0,0
5, Secretaria de Planejamento e Meio Ambiente,1,Secretaria de Planejamento e Meio Ambiente,150070000000,Rec. Livres (Imp. e Transf. Const.),121.173.609-12,ANA CAROLINE DZINDZIK,4667.77,0,4667.77,0,4667.77
5, Secretaria de Planejamento e Meio Ambiente,1,Secretaria de Planejamento e Meio Ambiente,150070000000,Rec. Livres (Imp. e Transf. Const.),138.746.379-99,EDUARDA ESPECART,6393.96,0,6393.96,0,6393.96
5, Secretaria de Planejamento e Meio Ambiente,1,Secretaria de Planejamento e Meio Ambiente,150070000000,Rec. Livres (Imp. e Transf. Const.),14.284.430/0001-97,"FUNDO DE MATERIAIS, PUBLICAÇÕES E IMPRESSOS OFICIAIS SC",2152.43,0,2152.43,0,2152.43
5, Secretaria de Planejamento e Meio Ambiente,1,Secretaria de Planejamento e Meio Ambiente,150070000000,Rec. Livres (Imp. e Transf. Const.),161.300.989-52,HELOISA DOS SANTOS,4800.64,0,4800.64,0,4800.64
5, Secretaria de Planejamento e Meio Ambiente,1,Secretaria de Planejamento e Meio Ambiente,150070000000,Rec. Livres (Imp. e Transf. Const.),17.459.428/0001-08,TECNOISO TECNOLOGIA E SOLUÇÕES INDUSTRIAIS LTDA - ME,303.63,0,303.63,14.57,303.63
5, Secretaria de Planejamento e Meio Ambiente,1,Secretaria de Planejamento e Meio Ambiente,150070000000,Rec. Livres (Imp. e Transf. Const.),18.780.623/0001-90,NOAR TURISMO LTDA,782.00,2065.06,782.00,0,782.00
5, Secretaria de Planejamento e Meio Ambiente,1,Secretaria de Planejamento e Meio Ambiente,150070000000,Rec. Livres (Imp. e Transf. Const.),21.613.975/0001-65,TECNOBLU COMÉRCIO DE REFRIGERAÇÃO LTDA,618.13,0,0,0,0
5, Secretaria de Planejamento e Meio Ambiente,1,Secretaria de Planejamento e Meio Ambiente,150070000000,Rec. Livres (Imp. e Transf. Const.),22.609.215/0001-47,ALFA LICITACOES LTDA,4245.00,0,0,0,0
5, Secretaria de Planejamento e Meio Ambiente,1,Secretaria de Planejamento e Meio Ambiente,150070000000,Rec. Livres (Imp. e Transf. Const.),22.873.594/0001-88,BLU PLACAS VEICULARES LTDA,560.00,0,560.00,0,560.00
5, Secretaria de Planejamento e Meio Ambiente,1,Secretaria de Planejamento e Meio Ambiente,150070000000,Rec. Livres (Imp. e Transf. Const.),27.284.516/0001-61,MAXIFROTA SERVIÇOS DE MANUTENÇÃO DE FROTA LTDA,35803.78,0.11,4884.69,43.72,4884.69
5, Secretaria de Planejamento e Meio Ambiente,1,Secretaria de Planejamento e Meio Ambiente,150070000000,Rec. Livres (Imp. e Transf. Const.),28.917.480/0001-79,DIEGO GABRIEL TEIXEIRA - ENGETEST,25898.00,0,12949.00,0,12949.00
5, Secretaria de Planejamento e Meio Ambiente,1,Secretaria de Planejamento e Meio Ambiente,150070000000,Rec. Livres (Imp. e Transf. Const.),29.979.036/0001-40,INSS- INSTITUTO NACIONAL DO SEGURO SOCIAL,8978.35,0,8978.35,0,7596.91
5, Secretaria de Planejamento e Meio Ambiente,1,Secretaria de Planejamento e Meio Ambiente,150070000000,Rec. Livres (Imp. e Transf. Const.),36.091.140/0001-60,BLUSAFE AQUIPAMENTOS DE PROTEÇÃO INDIVIDUAL LTDA,241.60,0,241.60,0,241.60
5, Secretaria de Planejamento e Meio Ambiente,1,Secretaria de Planejamento e Meio Ambiente,150070000000,Rec. Livres (Imp. e Transf. Const.),37.143.430/0001-72,TSI CENTRO AUTOMOTIVO LTDA,5794.80,0,5660.80,0,5660.80
5, Secretaria de Planejamento e Meio Ambiente,1,Secretaria de Planejamento e Meio Ambiente,150070000000,Rec. Livres (Imp. e Transf. Const.),38.315.947/0001-64,CK RASTREAMENTO VEICULAR LTDA,6307.00,2920.00,1929.25,0,1929.25
5, Secretaria de Planejamento e Meio Ambiente,1,Secretaria de Planejamento e Meio Ambiente,150070000000,Rec. Livres (Imp. e Transf. Const.),393.683.648-50,LUIS FELIPE DE FREITAS RODRIGUES,83.80,0,83.80,0,83.80
5, Secretaria de Planejamento e Meio Ambiente,1,Secretaria de Planejamento e Meio Ambiente,150070000000,Rec. Livres (Imp. e Transf. Const.),39.649.812/0001-06,MC COMÉRCIO DE ALIMENTOS E TRANSPORTES LTDA,239.40,0,239.40,2.87,239.40
5, Secretaria de Planejamento e Meio Ambiente,1,Secretaria de Planejamento e Meio Ambiente,150070000000,Rec. Livres (Imp. e Transf. Const.),40.738.368/0001-76,GAMBA CONEXÕES COMÉRCIO ATACADISTA DE ALIMENTOS LTDA,815.20,0,815.20,0,110.00
5, Secretaria de Planejamento e Meio Ambiente,1,Secretaria de Planejamento e Meio Ambiente,150070000000,Rec. Livres (Imp. e Transf. Const.),433.192.709-15,ALEXANDRE GEVAERD,29624.35,0,29624.35,5131.13,29624.35
5, Secretaria de Planejamento e Meio Ambiente,1,Secretaria de Planejamento e Meio Ambiente,150070000000,Rec. Livres (Imp. e Transf. Const.),61.320.862/0001-96,GRAFICA POMERODE ARTES LTDA,110.00,0,110.00,0,110.00
5, Secretaria de Planejamento e Meio Ambiente,1,Secretaria de Planejamento e Meio Ambiente,150070000000,Rec. Livres (Imp. e Transf. Const.),75.786.459/0001-61,IMPRESSORA MAYER LTDA,1200.00,0,1200.00,57.60,57.60
5, Secretaria de Planejamento e Meio Ambiente,1,Secretaria de Planejamento e Meio Ambiente,150070000000,Rec. Livres (Imp. e Transf. Const.),76.291.251/0001-34,MODILAC INDUSTRIA E COMERCIO DE MOVEIS LTDA,2280.00,0,0,0,0
5, Secretaria de Planejamento e Meio Ambiente,1,Secretaria de Planejamento e Meio Ambiente,150070000000,Rec. Livres (Imp. e Transf. Const.),79.227.963/0014-05,NC COMUNICAÇÕES S/A,1156.38,0,1156.38,55.50,1156.38
5, Secretaria de Planejamento e Meio Ambiente,1,Secretaria de Planejamento e Meio Ambiente,150070000000,Rec. Livres (Imp. e Transf. Const.),812.017.539-53,DANIEL KURTH,658.79,760.21,658.79,0,658.79
5, Secretaria de Planejamento e Meio Ambiente,1,Secretaria de Planejamento e Meio Ambiente,150070000000,Rec. Livres (Imp. e Transf. Const.),82.511.643/0001-64,CONSELHO REGIONAL DE ENGENHARIA E AGRONOMIA DE SANTA CATARINA - CREA-SC,1073.18,0,856.40,0,856.40
5, Secretaria de Planejamento e Meio Ambiente,1,Secretaria de Planejamento e Meio Ambiente,150070000000,Rec. Livres (Imp. e Transf. Const.),82.895.970/0001-67,FEDERACAO DAS CAMARAS DE DIRIGENTES LOJISTAS DE SC,978.00,0,978.00,46.94,978.00
5, Secretaria de Planejamento e Meio Ambiente,1,Secretaria de Planejamento e Meio Ambiente,150070000000,Rec. Livres (Imp. e Transf. Const.),82.951.310/0001-56,SECRETARIA DE ESTADO DA FAZENDA,732.48,0,732.48,0,732.48
5, Secretaria de Planejamento e Meio Ambiente,1,Secretaria de Planejamento e Meio Ambiente,150070000000,Rec. Livres (Imp. e Transf. Const.),83.102.251/0001-04,MUNICÍPIO DE POMERODE,1791065.55,0,1791065.55,554784.73,1791065.55
5, Secretaria de Planejamento e Meio Ambiente,1,Secretaria de Planejamento e Meio Ambiente,150070000000,Rec. Livres (Imp. e Transf. Const.),86.910.148/0001-89,DIBRAPE - DISTRIBUIDORA BRASILEIRA DE PETRÓLEO LTDA,29423.40,0,7476.00,17.92,7476.00
5, Secretaria de Planejamento e Meio Ambiente,1,Secretaria de Planejamento e Meio Ambiente,150070000000,Rec. Livres (Imp. e Transf. Const.),90.180.605/0001-02,GENTE SEGURADORA S.A.,1036.86,0,1036.86,24.88,1036.86
5, Secretaria de Planejamento e Meio Ambiente,1,Secretaria de Planejamento e Meio Ambiente,150170001001,Conv. Radio Patrulha da Polícia Militar,00.000.000/2472-43,BANCO DO BRASIL SA,137.30,0,37.30,0,37.30
5, Secretaria de Planejamento e Meio Ambiente,1,Secretaria de Planejamento e Meio Ambiente,150170001001,Conv. Radio Patrulha da Polícia Militar,08.692.456/0001-71,BNB COMERCIO DE EQUIPAMENTOS DE INFORMATICA LTDA,789.92,0,0,0,0
5, Secretaria de Planejamento e Meio Ambiente,1,Secretaria de Planejamento e Meio Ambiente,150170001001,Conv. Radio Patrulha da Polícia Militar,19.633.424/0001-11,PLANALTO COMÉRCIO E TRANSPORTES DE ALIMENTOS LTDA,138.24,0,138.24,1.66,138.24
5, Secretaria de Planejamento e Meio Ambiente,1,Secretaria de Planejamento e Meio Ambiente,150170001001,Conv. Radio Patrulha da Polícia Militar,20.971.821/0001-82,ESTAÇAO DA MUSICA LTDA,165.30,0,0,0,0
5, Secretaria de Planejamento e Meio Ambiente,1,Secretaria de Planejamento e Meio Ambiente,150170001001,Conv. Radio Patrulha da Polícia Militar,26.044.069/0001-00,SOMA ATACADO LTDA,346.50,0,346.50,4.16,346.50
5, Secretaria de Planejamento e Meio Ambiente,1,Secretaria de Planejamento e Meio Ambiente,150170001001,Conv. Radio Patrulha da Polícia Militar,29.222.667/0001-10,SK MATERIAIS PARA ESCRITORIO LTDA,284.72,0,284.72,3.42,3.42
5, Secretaria de Planejamento e Meio Ambiente,1,Secretaria de Planejamento e Meio Ambiente,150170001001,Conv. Radio Patrulha da Polícia Militar,39.649.812/0001-06,MC COMÉRCIO DE ALIMENTOS E TRANSPORTES LTDA,684.00,0,0,0,0
5, Secretaria de Planejamento e Meio Ambiente,1,Secretaria de Planejamento e Meio Ambiente,150170001001,Conv. Radio Patrulha da Polícia Militar,40.738.368/0001-76,GAMBA CONEXÕES COMÉRCIO ATACADISTA DE ALIMENTOS LTDA,1057.80,0,0,0,0
5, Secretaria de Planejamento e Meio Ambiente,1,Secretaria de Planejamento e Meio Ambiente,150170001001,Conv. Radio Patrulha da Polícia Militar,42.826.359/0001-62,FOCO ELETRICA LTDA,126.35,0,126.35,0,126.35
5, Secretaria de Planejamento e Meio Ambiente,1,Secretaria de Planejamento e Meio Ambiente,150170001001,Conv. Radio Patrulha da Polícia Militar,43.877.098/0001-72,CRIATIVA PAPELARIA E ARMARINHOS LTDA,4100.00,0,0,0,0
5, Secretaria de Planejamento e Meio Ambiente,1,Secretaria de Planejamento e Meio Ambiente,150170001001,Conv. Radio Patrulha da Polícia Militar,45.525.687/0001-17,LECTO PROJETOS ESPECIAIS LTDA,8095.50,0,8095.50,0,8095.50
5, Secretaria de Planejamento e Meio Ambiente,1,Secretaria de Planejamento e Meio Ambiente,150170001001,Conv. Radio Patrulha da Polícia Militar,47.171.447/0001-97,"VOGLIO IMPORTADORA, EXPORTADORA E REPRESENTACOES LTDA",103.32,0,0,0,0
5, Secretaria de Planejamento e Meio Ambiente,1,Secretaria de Planejamento e Meio Ambiente,150170001001,Conv. Radio Patrulha da Polícia Militar,48.566.347/0001-22,TELES SOLUCOES EMPRESARIAIS LTDA,140.80,0,140.80,1.68,140.80
5, Secretaria de Planejamento e Meio Ambiente,1,Secretaria de Planejamento e Meio Ambiente,150170001001,Conv. Radio Patrulha da Polícia Militar,80.495.625/0001-00,CONFEITARIA TORTEN PARADIES LTDA,3655.00,0,2421.00,29.04,2421.00
5, Secretaria de Planejamento e Meio Ambiente,1,Secretaria de Planejamento e Meio Ambiente,150170001001,Conv. Radio Patrulha da Polícia Militar,81.004.988/0001-69,JOCA COMERCIO DE MATERIAIS DE CONSTRUCAO LTDA,2098.39,0,2098.39,25.18,2098.39
5, Secretaria de Planejamento e Meio Ambiente,1,Secretaria de Planejamento e Meio Ambiente,250070000000,Rec. Livres (Imp. e Transf. Const.),02.698.430/0001-54,ESFERA TOPOGRAFIA E ENGENHARIA LTDA,5000.00,0,0,0,0
5, Secretaria de Planejamento e Meio Ambiente,1,Secretaria de Planejamento e Meio Ambiente,250070000000,Rec. Livres (Imp. e Transf. Const.),14.284.430/0001-97,"FUNDO DE MATERIAIS, PUBLICAÇÕES E IMPRESSOS OFICIAIS SC",602.13,0,602.13,0,0
5, Secretaria de Planejamento e Meio Ambiente,1,Secretaria de Planejamento e Meio Ambiente,250070000000,Rec. Livres (Imp. e Transf. Const.),18.404.728/0001-44,CEM POR CENTO CADEIRAS  LTDA - ME,560.00,0,380.00,0,380.00
5, Secretaria de Planejamento e Meio Ambiente,2,Gerência de Trânsito de Pomerode - Getran,150070000000,Rec. Livres (Imp. e Transf. Const.),04.533.821/0001-44,FUNDO DE APOSENTADORIA E PENSOES,65813.73,0,65813.73,0,56106.53
5, Secretaria de Planejamento e Meio Ambiente,2,Gerência de Trânsito de Pomerode - Getran,150070000000,Rec. Livres (Imp. e Transf. Const.),057.999.039-78,THIAGO SOUZA RODRIGUES,17969.65,0,17969.65,1733.58,17969.65
5, Secretaria de Planejamento e Meio Ambiente,2,Gerência de Trânsito de Pomerode - Getran,150070000000,Rec. Livres (Imp. e Transf. Const.),29.979.036/0001-40,INSS- INSTITUTO NACIONAL DO SEGURO SOCIAL,14393.22,0,14393.22,0,12274.72
5, Secretaria de Planejamento e Meio Ambiente,2,Gerência de Trânsito de Pomerode - Getran,150070000000,Rec. Livres (Imp. e Transf. Const.),83.102.251/0001-04,MUNICÍPIO DE POMERODE,838495.99,0,838495.99,254112.29,838495.99
5, Secretaria de Planejamento e Meio Ambiente,2,Gerência de Trânsito de Pomerode - Getran,175270040000,Rec. Vinc. ao Trânsito - Policia Militar,00.000.000/2472-43,BANCO DO BRASIL SA,45325.45,0,15095.45,0,15095.45
5, Secretaria de Planejamento e Meio Ambiente,2,Gerência de Trânsito de Pomerode - Getran,175270040000,Rec. Vinc. ao Trânsito - Policia Militar,02.255.187/0001-08,UNIFIQUE TELECOMUNICAÇÕES S/A,5793.60,0,2896.80,139.02,2896.80
5, Secretaria de Planejamento e Meio Ambiente,2,Gerência de Trânsito de Pomerode - Getran,175270040000,Rec. Vinc. ao Trânsito - Policia Militar,03.277.259/0001-72,GUMZ COMERCIO E INDUSTRIA LTDA,873.05,0,873.05,10.47,873.05
5, Secretaria de Planejamento e Meio Ambiente,2,Gerência de Trânsito de Pomerode - Getran,175270040000,Rec. Vinc. ao Trânsito - Policia Militar,04.724.655/0001-63,COPY LINE COMÉRCIO E SERVIÇOS LTDA,3420.00,0,1140.00,9.12,1140.00
5, Secretaria de Planejamento e Meio Ambiente,2,Gerência de Trânsito de Pomerode - Getran,175270040000,Rec. Vinc. ao Trânsito - Policia Militar,05.210.259/0001-80,SANTA PAULINA STRASBOURG VEICULOS LTDA,683.63,0,0,0,0
5, Secretaria de Planejamento e Meio Ambiente,2,Gerência de Trânsito de Pomerode - Getran,175270040000,Rec. Vinc. ao Trânsito - Policia Militar,05.591.590/0001-98,RIBCO DO BRASIL IMP. E EXP. LTDA - EPP,1871.17,0,1871.17,0,1871.17
5, Secretaria de Planejamento e Meio Ambiente,2,Gerência de Trânsito de Pomerode - Getran,175270040000,Rec. Vinc. ao Trânsito - Policia Militar,08.336.783/0001-90,CELESC DISTRIBUICAO S.A,2466.85,0,866.85,0,866.85
5, Secretaria de Planejamento e Meio Ambiente,2,Gerência de Trânsito de Pomerode - Getran,175270040000,Rec. Vinc. ao Trânsito - Policia Militar,33.683.111/0002-80,SERVIÇO FEDERAL DE PROCESSAMENTO DE DADOS (SERPRO),4373.16,0,1506.40,0,1506.40
5, Secretaria de Planejamento e Meio Ambiente,2,Gerência de Trânsito de Pomerode - Getran,175270040000,Rec. Vinc. ao Trânsito - Policia Militar,33.727.262/0002-92,ELITE COMERCIO DE VEICULOS LTDA,947.82,0,947.82,21.89,947.82
5, Secretaria de Planejamento e Meio Ambiente,2,Gerência de Trânsito de Pomerode - Getran,175270040000,Rec. Vinc. ao Trânsito - Policia Militar,33.785.289/0001-50,DETECH COMÉRCIO E MONTAGEM DE PRODUTOS E SISTEMAS ELETROELETRÔNICOS LTDA,1812.34,0,0,0,0
5, Secretaria de Planejamento e Meio Ambiente,2,Gerência de Trânsito de Pomerode - Getran,175270040000,Rec. Vinc. ao Trânsito - Policia Militar,36.225.268/0001-79,INSTALAR INSTALAÇÃO E MANUTENÇÃO LTDA,1099.41,0,1099.41,0,1099.41
5, Secretaria de Planejamento e Meio Ambiente,2,Gerência de Trânsito de Pomerode - Getran,175270040000,Rec. Vinc. ao Trânsito - Policia Militar,36.448.338/0001-58,SAMUEL RICARDO LUDTKE 07281395965,99.00,0,99.00,0,99.00
5, Secretaria de Planejamento e Meio Ambiente,2,Gerência de Trânsito de Pomerode - Getran,175270040000,Rec. Vinc. ao Trânsito - Policia Militar,37.143.430/0001-72,TSI CENTRO AUTOMOTIVO LTDA,15502.96,0,14302.96,0,8925.48
5, Secretaria de Planejamento e Meio Ambiente,2,Gerência de Trânsito de Pomerode - Getran,175270040000,Rec. Vinc. ao Trânsito - Policia Militar,38.613.730/0001-30,JM PAPELARIA LTDA,1304.00,0,1304.00,15.64,561.02
5, Secretaria de Planejamento e Meio Ambiente,2,Gerência de Trânsito de Pomerode - Getran,175270040000,Rec. Vinc. ao Trânsito - Policia Militar,39.649.812/0001-06,MC COMÉRCIO DE ALIMENTOS E TRANSPORTES LTDA,685.00,0,685.00,8.22,8.22
5, Secretaria de Planejamento e Meio Ambiente,2,Gerência de Trânsito de Pomerode - Getran,175270040000,Rec. Vinc. ao Trânsito - Policia Militar,40.738.368/0001-76,GAMBA CONEXÕES COMÉRCIO ATACADISTA DE ALIMENTOS LTDA,2311.00,1350.00,1299.40,15.59,1299.40
5, Secretaria de Planejamento e Meio Ambiente,2,Gerência de Trânsito de Pomerode - Getran,175270040000,Rec. Vinc. ao Trânsito - Policia Militar,40.807.222/0001-35,BÉLICA MILITAR LTDA,6304.60,0,6304.60,75.65,6304.60
5, Secretaria de Planejamento e Meio Ambiente,2,Gerência de Trânsito de Pomerode - Getran,175270040000,Rec. Vinc. ao Trânsito - Policia Militar,44.899.803/0001-03,3B COMERCIAL LTDA,116.00,0,116.00,0,116.00
5, Secretaria de Planejamento e Meio Ambiente,2,Gerência de Trânsito de Pomerode - Getran,175270040000,Rec. Vinc. ao Trânsito - Policia Militar,58.530.679/0001-00,ALPHA GLOBAL COMERCIO LTDA,130.00,0,130.00,0,130.00
5, Secretaria de Planejamento e Meio Ambiente,2,Gerência de Trânsito de Pomerode - Getran,175270040000,Rec. Vinc. ao Trânsito - Policia Militar,72.114.903/0001-04,EXTIMBRÁS COMÉRCIO DE EXTINTORES LTDA,140.00,0,140.00,0,140.00
5, Secretaria de Planejamento e Meio Ambiente,2,Gerência de Trânsito de Pomerode - Getran,175270040000,Rec. Vinc. ao Trânsito - Policia Militar,80.495.625/0001-00,CONFEITARIA TORTEN PARADIES LTDA,4479.88,0,4479.88,53.74,4479.88
5, Secretaria de Planejamento e Meio Ambiente,2,Gerência de Trânsito de Pomerode - Getran,175270040000,Rec. Vinc. ao Trânsito - Policia Militar,82.951.310/0001-56,SECRETARIA DE ESTADO DA FAZENDA,448.11,0,0,0,0
5, Secretaria de Planejamento e Meio Ambiente,2,Gerência de Trânsito de Pomerode - Getran,175270040000,Rec. Vinc. ao Trânsito - Policia Militar,83.043.745/0001-65,CENTRO DE INFORMÁTICA E AUTOMAÇÃO DO ESTADO DE SC S/A,74788.79,31.34,29820.13,0,29820.13
5, Secretaria de Planejamento e Meio Ambiente,2,Gerência de Trânsito de Pomerode - Getran,175270040000,Rec. Vinc. ao Trânsito - Policia Militar,85.104.289/0001-41,M.D.M. COMÉRCIO E SERVIÇOS LTDA,6316.90,0,6316.90,141.86,6316.90
5, Secretaria de Planejamento e Meio Ambiente,2,Gerência de Trânsito de Pomerode - Getran,175270040000,Rec. Vinc. ao Trânsito - Policia Militar,93.315.190/0001-17,ELISEU KOPP & CIA. LTDA.,200194.04,0,51884.15,0,43196.75
5, Secretaria de Planejamento e Meio Ambiente,2,Gerência de Trânsito de Pomerode - Getran,175270050000,Rec. Vinc. ao Trânsito - Polícia Civil,00.000.000/2472-43,BANCO DO BRASIL SA,45225.86,0,15095.86,0,15095.86
5, Secretaria de Planejamento e Meio Ambiente,2,Gerência de Trânsito de Pomerode - Getran,175270050000,Rec. Vinc. ao Trânsito - Polícia Civil,00.360.305/1880-73,CAIXA ECONOMICA FEDERAL,1368.00,31.00,499.00,0,499.00
5, Secretaria de Planejamento e Meio Ambiente,2,Gerência de Trânsito de Pomerode - Getran,175270050000,Rec. Vinc. ao Trânsito - Polícia Civil,02.255.187/0001-08,UNIFIQUE TELECOMUNICAÇÕES S/A,5793.60,0,2896.80,139.02,2896.80
5, Secretaria de Planejamento e Meio Ambiente,2,Gerência de Trânsito de Pomerode - Getran,175270050000,Rec. Vinc. ao Trânsito - Polícia Civil,04.724.655/0001-63,COPY LINE COMÉRCIO E SERVIÇOS LTDA,3096.00,0,1032.00,8.25,1032.00
5, Secretaria de Planejamento e Meio Ambiente,2,Gerência de Trânsito de Pomerode - Getran,175270050000,Rec. Vinc. ao Trânsito - Polícia Civil,08.336.783/0001-90,CELESC DISTRIBUICAO S.A,2466.85,0,866.85,6.18,866.85
5, Secretaria de Planejamento e Meio Ambiente,2,Gerência de Trânsito de Pomerode - Getran,175270050000,Rec. Vinc. ao Trânsito - Polícia Civil,18.624.186/0002-04,KAYO VEÍCULOS LTDA,2396.63,1804.45,2126.63,19.79,2126.63
5, Secretaria de Planejamento e Meio Ambiente,2,Gerência de Trânsito de Pomerode - Getran,175270050000,Rec. Vinc. ao Trânsito - Polícia Civil,26.892.064/0001-38,26.892.064 FABIO JOSE KRUEGER,12780.00,0,0,0,0
5, Secretaria de Planejamento e Meio Ambiente,2,Gerência de Trânsito de Pomerode - Getran,175270050000,Rec. Vinc. ao Trânsito - Polícia Civil,31.038.666/0001-62,JULIANO SILVIO TAFNER,841.00,0,771.00,0,771.00
5, Secretaria de Planejamento e Meio Ambiente,2,Gerência de Trânsito de Pomerode - Getran,175270050000,Rec. Vinc. ao Trânsito - Polícia Civil,33.683.111/0002-80,SERVIÇO FEDERAL DE PROCESSAMENTO DE DADOS (SERPRO),4373.16,0,1506.40,0,1506.40
5, Secretaria de Planejamento e Meio Ambiente,2,Gerência de Trânsito de Pomerode - Getran,175270050000,Rec. Vinc. ao Trânsito - Polícia Civil,33.785.289/0001-50,DETECH COMÉRCIO E MONTAGEM DE PRODUTOS E SISTEMAS ELETROELETRÔNICOS LTDA,20000.00,0,0,0,0
5, Secretaria de Planejamento e Meio Ambiente,2,Gerência de Trânsito de Pomerode - Getran,175270050000,Rec. Vinc. ao Trânsito - Polícia Civil,36.225.268/0001-79,INSTALAR INSTALAÇÃO E MANUTENÇÃO LTDA,340.28,0,340.28,0,340.28
5, Secretaria de Planejamento e Meio Ambiente,2,Gerência de Trânsito de Pomerode - Getran,175270050000,Rec. Vinc. ao Trânsito - Polícia Civil,37.143.430/0001-72,TSI CENTRO AUTOMOTIVO LTDA,274.64,0,274.64,0,274.64
5, Secretaria de Planejamento e Meio Ambiente,2,Gerência de Trânsito de Pomerode - Getran,175270050000,Rec. Vinc. ao Trânsito - Polícia Civil,39.988.022/0001-47,FGS COMERCIAL LTDA,432.00,0,0,0,0
5, Secretaria de Planejamento e Meio Ambiente,2,Gerência de Trânsito de Pomerode - Getran,175270050000,Rec. Vinc. ao Trânsito - Polícia Civil,50.117.026/0001-92,MEPS LED ATACADO E DISTRIBUIDORA LTDA,147.20,0,0,0,0
5, Secretaria de Planejamento e Meio Ambiente,2,Gerência de Trânsito de Pomerode - Getran,175270050000,Rec. Vinc. ao Trânsito - Polícia Civil,72.114.903/0001-04,EXTIMBRÁS COMÉRCIO DE EXTINTORES LTDA,184.00,0,184.00,0,184.00
5, Secretaria de Planejamento e Meio Ambiente,2,Gerência de Trânsito de Pomerode - Getran,175270050000,Rec. Vinc. ao Trânsito - Polícia Civil,81.004.988/0001-69,JOCA COMERCIO DE MATERIAIS DE CONSTRUCAO LTDA,751.35,0,266.25,3.20,266.25
5, Secretaria de Planejamento e Meio Ambiente,2,Gerência de Trânsito de Pomerode - Getran,175270050000,Rec. Vinc. ao Trânsito - Polícia Civil,82.951.310/0001-56,SECRETARIA DE ESTADO DA FAZENDA,481.86,0,481.86,0,298.74
5, Secretaria de Planejamento e Meio Ambiente,2,Gerência de Trânsito de Pomerode - Getran,175270050000,Rec. Vinc. ao Trânsito - Polícia Civil,83.043.745/0001-65,CENTRO DE INFORMÁTICA E AUTOMAÇÃO DO ESTADO DE SC S/A,74788.79,31.34,29820.13,0,29820.13
5, Secretaria de Planejamento e Meio Ambiente,2,Gerência de Trânsito de Pomerode - Getran,175270050000,Rec. Vinc. ao Trânsito - Polícia Civil,86.910.148/0001-89,DIBRAPE - DISTRIBUIDORA BRASILEIRA DE PETRÓLEO LTDA,14884.11,0,3744.11,8.96,3744.11
5, Secretaria de Planejamento e Meio Ambiente,2,Gerência de Trânsito de Pomerode - Getran,175270050000,Rec. Vinc. ao Trânsito - Polícia Civil,93.315.190/0001-17,ELISEU KOPP & CIA. LTDA.,200194.04,0,51884.15,0,43196.75
5, Secretaria de Planejamento e Meio Ambiente,2,Gerência de Trânsito de Pomerode - Getran,175270060000,Rec. Vinc. ao Trânsito - Prefeitura,00.000.000/2472-43,BANCO DO BRASIL SA,233911.27,1252.18,104723.45,0,104723.45
5, Secretaria de Planejamento e Meio Ambiente,2,Gerência de Trânsito de Pomerode - Getran,175270060000,Rec. Vinc. ao Trânsito - Prefeitura,00.360.305/1880-73,CAIXA ECONOMICA FEDERAL,1407.00,31.00,538.00,0,538.00
5, Secretaria de Planejamento e Meio Ambiente,2,Gerência de Trânsito de Pomerode - Getran,175270060000,Rec. Vinc. ao Trânsito - Prefeitura,00.662.270/0003-20,"INSTITUTO NACIONAL DE METROLOGIA, QUALIDADE E TECNOLOGIA - INMETRO.",1600.34,0,1600.34,0,1600.34
5, Secretaria de Planejamento e Meio Ambiente,2,Gerência de Trânsito de Pomerode - Getran,175270060000,Rec. Vinc. ao Trânsito - Prefeitura,02.255.187/0001-08,UNIFIQUE TELECOMUNICAÇÕES S/A,5596.80,164.00,2700.00,129.60,2700.00
5, Secretaria de Planejamento e Meio Ambiente,2,Gerência de Trânsito de Pomerode - Getran,175270060000,Rec. Vinc. ao Trânsito - Prefeitura,04.724.655/0001-63,COPY LINE COMÉRCIO E SERVIÇOS LTDA,5130.00,0,1710.00,13.68,1710.00
5, Secretaria de Planejamento e Meio Ambiente,2,Gerência de Trânsito de Pomerode - Getran,175270060000,Rec. Vinc. ao Trânsito - Prefeitura,05.111.060/0001-03,SSAT SINALIZAÇÃO E ADESIVOS EIRELI,38405.60,0,32725.60,1261.51,32725.60
5, Secretaria de Planejamento e Meio Ambiente,2,Gerência de Trânsito de Pomerode - Getran,175270060000,Rec. Vinc. ao Trânsito - Prefeitura,052.134.299-63,MAIKON DIEHL BUENO,367.60,0,367.60,0,367.60
5, Secretaria de Planejamento e Meio Ambiente,2,Gerência de Trânsito de Pomerode - Getran,175270060000,Rec. Vinc. ao Trânsito - Prefeitura,057.999.039-78,THIAGO SOUZA RODRIGUES,167.60,0,167.60,0,167.60
5, Secretaria de Planejamento e Meio Ambiente,2,Gerência de Trânsito de Pomerode - Getran,175270060000,Rec. Vinc. ao Trânsito - Prefeitura,07.889.040/0001-85,BRYCH COMERCIO DE MOTOCICLETAS E VEICULOS LTDA,1020.00,0,1020.00,12.24,1020.00
5, Secretaria de Planejamento e Meio Ambiente,2,Gerência de Trânsito de Pomerode - Getran,175270060000,Rec. Vinc. ao Trânsito - Prefeitura,08.336.783/0001-90,CELESC DISTRIBUICAO S.A,19434.87,0,6934.87,96.23,6934.87
5, Secretaria de Planejamento e Meio Ambiente,2,Gerência de Trânsito de Pomerode - Getran,175270060000,Rec. Vinc. ao Trânsito - Prefeitura,10.905.718/0001-80,GRAFICA TIMBO LTDA  ME,142.00,0,142.00,0,142.00
5, Secretaria de Planejamento e Meio Ambiente,2,Gerência de Trânsito de Pomerode - Getran,175270060000,Rec. Vinc. ao Trânsito - Prefeitura,13.307.081/0001-19,FITFUN INDÚSTRIA E COMÉRCIO TÊXTIL LTDA,10434.00,0,10434.00,0,10434.00
5, Secretaria de Planejamento e Meio Ambiente,2,Gerência de Trânsito de Pomerode - Getran,175270060000,Rec. Vinc. ao Trânsito - Prefeitura,18.780.623/0001-90,NOAR TURISMO LTDA,1097.02,0,1097.02,0,1097.02
5, Secretaria de Planejamento e Meio Ambiente,2,Gerência de Trânsito de Pomerode - Getran,175270060000,Rec. Vinc. ao Trânsito - Prefeitura,22.434.514/0001-98,C L ABREU JUNIOR LTDA,189381.40,30.10,45750.00,2196.00,45750.00
5, Secretaria de Planejamento e Meio Ambiente,2,Gerência de Trânsito de Pomerode - Getran,175270060000,Rec. Vinc. ao Trânsito - Prefeitura,22.873.594/0001-88,BLU PLACAS VEICULARES LTDA,140.00,0,140.00,0,140.00
5, Secretaria de Planejamento e Meio Ambiente,2,Gerência de Trânsito de Pomerode - Getran,175270060000,Rec. Vinc. ao Trânsito - Prefeitura,23.604.388/0001-35,E. L WESTPHAL SINALIZACOES VIARIAS LTDA,645694.13,0,645694.13,21293.18,645694.13
5, Secretaria de Planejamento e Meio Ambiente,2,Gerência de Trânsito de Pomerode - Getran,175270060000,Rec. Vinc. ao Trânsito - Prefeitura,23.750.760/0001-11,LÉIA AVIAMENTOS LTDA,350.00,0,350.00,0,350.00
5, Secretaria de Planejamento e Meio Ambiente,2,Gerência de Trânsito de Pomerode - Getran,175270060000,Rec. Vinc. ao Trânsito - Prefeitura,24.094.082/0001-49,JD ABRASIVOS E FERRAMENTAS LTDA,2890.00,0,0,0,0
5, Secretaria de Planejamento e Meio Ambiente,2,Gerência de Trânsito de Pomerode - Getran,175270060000,Rec. Vinc. ao Trânsito - Prefeitura,26.262.878/0001-99,PGO ENGENHARIA LTDA,6117.16,0,3058.58,253.86,3058.58
5, Secretaria de Planejamento e Meio Ambiente,2,Gerência de Trânsito de Pomerode - Getran,175270060000,Rec. Vinc. ao Trânsito - Prefeitura,26.673.492/0001-70,SEMEAR CONSULTORIA E CAPACITAÇÃO LTDA,112189.55,0,58589.55,0,58589.55
5, Secretaria de Planejamento e Meio Ambiente,2,Gerência de Trânsito de Pomerode - Getran,175270060000,Rec. Vinc. ao Trânsito - Prefeitura,272.784.108-60,SARA REGINA ROCHA DOS SANTOS,167.60,0,167.60,0,167.60
5, Secretaria de Planejamento e Meio Ambiente,2,Gerência de Trânsito de Pomerode - Getran,175270060000,Rec. Vinc. ao Trânsito - Prefeitura,27.284.516/0001-61,MAXIFROTA SERVIÇOS DE MANUTENÇÃO DE FROTA LTDA,30495.95,0.25,5495.95,0,5495.95
5, Secretaria de Planejamento e Meio Ambiente,2,Gerência de Trânsito de Pomerode - Getran,175270060000,Rec. Vinc. ao Trânsito - Prefeitura,29.039.646/0001-64,TOTTAL SINALIZAÇÃO LTDA,110901.00,0,24080.00,1131.76,24080.00
5, Secretaria de Planejamento e Meio Ambiente,2,Gerência de Trânsito de Pomerode - Getran,175270060000,Rec. Vinc. ao Trânsito - Prefeitura,29.979.036/0001-40,INSS- INSTITUTO NACIONAL DO SEGURO SOCIAL,826.62,0,826.62,0,826.62
5, Secretaria de Planejamento e Meio Ambiente,2,Gerência de Trânsito de Pomerode - Getran,175270060000,Rec. Vinc. ao Trânsito - Prefeitura,33.683.111/0002-80,SERVIÇO FEDERAL DE PROCESSAMENTO DE DADOS (SERPRO),39185.60,0,12051.46,723.07,12051.46
5, Secretaria de Planejamento e Meio Ambiente,2,Gerência de Trânsito de Pomerode - Getran,175270060000,Rec. Vinc. ao Trânsito - Prefeitura,35.605.748/0001-00,TRANSPORTE E TURISMO CONTINI LTDA,16222.03,0,0,0,0
5, Secretaria de Planejamento e Meio Ambiente,2,Gerência de Trânsito de Pomerode - Getran,175270060000,Rec. Vinc. ao Trânsito - Prefeitura,36.091.140/0001-60,BLUSAFE AQUIPAMENTOS DE PROTEÇÃO INDIVIDUAL LTDA,16856.50,0,16856.50,0,16856.50
5, Secretaria de Planejamento e Meio Ambiente,2,Gerência de Trânsito de Pomerode - Getran,175270060000,Rec. Vinc. ao Trânsito - Prefeitura,37.143.430/0001-72,TSI CENTRO AUTOMOTIVO LTDA,8479.08,83.54,8418.44,0,8418.44
5, Secretaria de Planejamento e Meio Ambiente,2,Gerência de Trânsito de Pomerode - Getran,175270060000,Rec. Vinc. ao Trânsito - Prefeitura,38.315.947/0001-64,CK RASTREAMENTO VEICULAR LTDA,4088.00,0,2336.00,0,2336.00
5, Secretaria de Planejamento e Meio Ambiente,2,Gerência de Trânsito de Pomerode - Getran,175270060000,Rec. Vinc. ao Trânsito - Prefeitura,40.738.368/0001-76,GAMBA CONEXÕES COMÉRCIO ATACADISTA DE ALIMENTOS LTDA,1515.35,0,1389.95,11.22,684.75
5, Secretaria de Planejamento e Meio Ambiente,2,Gerência de Trânsito de Pomerode - Getran,175270060000,Rec. Vinc. ao Trânsito - Prefeitura,41.955.367/0001-46,ALIMENTOS SORETTO LTDA,1299.50,0,1299.50,0,1299.50
5, Secretaria de Planejamento e Meio Ambiente,2,Gerência de Trânsito de Pomerode - Getran,175270060000,Rec. Vinc. ao Trânsito - Prefeitura,455.397.589-00,YHON CESAR SILVA,13444.76,1.47,4133.16,0,4133.16
5, Secretaria de Planejamento e Meio Ambiente,2,Gerência de Trânsito de Pomerode - Getran,175270060000,Rec. Vinc. ao Trânsito - Prefeitura,50.675.079/0001-29,POMERWASSER AMBIENTAL S.P.E. S.A.,1760.03,0,360.03,15.14,360.03
5, Secretaria de Planejamento e Meio Ambiente,2,Gerência de Trânsito de Pomerode - Getran,175270060000,Rec. Vinc. ao Trânsito - Prefeitura,50.974.600/0001-29,GRAFTIM COMUNICAçAO VISUAL,640.00,0,640.00,0,640.00
5, Secretaria de Planejamento e Meio Ambiente,2,Gerência de Trânsito de Pomerode - Getran,175270060000,Rec. Vinc. ao Trânsito - Prefeitura,53.795.421/0001-12,M A F VILAS BOAS SERVICOS & CIA LTDA,6252.00,0,1252.00,194.27,1252.00
5, Secretaria de Planejamento e Meio Ambiente,2,Gerência de Trânsito de Pomerode - Getran,175270060000,Rec. Vinc. ao Trânsito - Prefeitura,53.881.602/0001-61,LDM COMERCIAL DISTRIBUIDORA LTDA,10800.00,10600.00,10800.00,0,10800.00
5, Secretaria de Planejamento e Meio Ambiente,2,Gerência de Trânsito de Pomerode - Getran,175270060000,Rec. Vinc. ao Trânsito - Prefeitura,75.786.459/0001-61,IMPRESSORA MAYER LTDA,650.00,0,650.00,31.20,650.00
5, Secretaria de Planejamento e Meio Ambiente,2,Gerência de Trânsito de Pomerode - Getran,175270060000,Rec. Vinc. ao Trânsito - Prefeitura,76.840.594/0001-00,GESSNER MATERIAL DE CONSTRUCAO LTDA,599.38,0,599.38,7.19,599.38
5, Secretaria de Planejamento e Meio Ambiente,2,Gerência de Trânsito de Pomerode - Getran,175270060000,Rec. Vinc. ao Trânsito - Prefeitura,80.495.625/0001-00,CONFEITARIA TORTEN PARADIES LTDA,6065.74,0,6065.74,72.78,6065.74
5, Secretaria de Planejamento e Meio Ambiente,2,Gerência de Trânsito de Pomerode - Getran,175270060000,Rec. Vinc. ao Trânsito - Prefeitura,81.004.988/0001-69,JOCA COMERCIO DE MATERIAIS DE CONSTRUCAO LTDA,226.80,0,226.80,2.72,226.80
5, Secretaria de Planejamento e Meio Ambiente,2,Gerência de Trânsito de Pomerode - Getran,175270060000,Rec. Vinc. ao Trânsito - Prefeitura,82.951.310/0001-56,SECRETARIA DE ESTADO DA FAZENDA,963.72,0,963.72,0,963.72
5, Secretaria de Planejamento e Meio Ambiente,2,Gerência de Trânsito de Pomerode - Getran,175270060000,Rec. Vinc. ao Trânsito - Prefeitura,83.043.745/0001-65,CENTRO DE INFORMÁTICA E AUTOMAÇÃO DO ESTADO DE SC S/A,259701.48,149.26,129850.74,0,129850.74
5, Secretaria de Planejamento e Meio Ambiente,2,Gerência de Trânsito de Pomerode - Getran,175270060000,Rec. Vinc. ao Trânsito - Prefeitura,84.584.556/0014-87,DE MARCO LTDA,1962.45,0,425.60,0,425.60
5, Secretaria de Planejamento e Meio Ambiente,2,Gerência de Trânsito de Pomerode - Getran,175270060000,Rec. Vinc. ao Trânsito - Prefeitura,86.910.148/0001-89,DIBRAPE - DISTRIBUIDORA BRASILEIRA DE PETRÓLEO LTDA,90167.50,0,27128.00,65.06,27128.00
5, Secretaria de Planejamento e Meio Ambiente,2,Gerência de Trânsito de Pomerode - Getran,175270060000,Rec. Vinc. ao Trânsito - Prefeitura,901.151.048-87,FRANCISCO JEFERSON LOPONI,16936.61,1.47,7625.01,838.72,6589.09
5, Secretaria de Planejamento e Meio Ambiente,2,Gerência de Trânsito de Pomerode - Getran,175270060000,Rec. Vinc. ao Trânsito - Prefeitura,90.180.605/0001-02,GENTE SEGURADORA S.A.,848.26,0,848.26,20.36,848.26
5, Secretaria de Planejamento e Meio Ambiente,2,Gerência de Trânsito de Pomerode - Getran,175270060000,Rec. Vinc. ao Trânsito - Prefeitura,93.315.190/0001-17,ELISEU KOPP & CIA. LTDA.,1431972.46,0.02,415073.26,24904.40,349744.00
5, Secretaria de Planejamento e Meio Ambiente,2,Gerência de Trânsito de Pomerode - Getran,275270060000,Rec. Vinc. ao Trânsito - Prefeitura,01.132.614/0001-90,ORACIDES ADRIANO ENGENHARIA ESPECIAL LTDA,105156.76,0,0,0,0
5, Secretaria de Planejamento e Meio Ambiente,2,Gerência de Trânsito de Pomerode - Getran,275270060000,Rec. Vinc. ao Trânsito - Prefeitura,01.993.902/0001-39,MORE SINALIZAÇÃO E CONSTRUÇÃO LTDA,32773.00,0,0,0,0
5, Secretaria de Planejamento e Meio Ambiente,2,Gerência de Trânsito de Pomerode - Getran,275270060000,Rec. Vinc. ao Trânsito - Prefeitura,08.144.793/0001-24,I L I G METALURGICA LTDA,14969.09,0,14969.09,0,14969.09
5, Secretaria de Planejamento e Meio Ambiente,2,Gerência de Trânsito de Pomerode - Getran,275270060000,Rec. Vinc. ao Trânsito - Prefeitura,10.158.356/0001-01,CPX DISTRIBUIDORA S/A,3008.00,0,3008.00,36.10,3008.00
5, Secretaria de Planejamento e Meio Ambiente,2,Gerência de Trânsito de Pomerode - Getran,275270060000,Rec. Vinc. ao Trânsito - Prefeitura,14.255.257/0001-07,RAFAEL KUHN - ME,417.00,0,417.00,5.00,417.00
5, Secretaria de Planejamento e Meio Ambiente,2,Gerência de Trânsito de Pomerode - Getran,275270060000,Rec. Vinc. ao Trânsito - Prefeitura,14.284.430/0001-97,"FUNDO DE MATERIAIS, PUBLICAÇÕES E IMPRESSOS OFICIAIS SC",554.11,0,554.11,0,554.11
5, Secretaria de Planejamento e Meio Ambiente,2,Gerência de Trânsito de Pomerode - Getran,275270060000,Rec. Vinc. ao Trânsito - Prefeitura,17.314.177/0001-65,17.314.177 JORGE MIGUEL FROTSCHER,240.00,0,0,0,0
5, Secretaria de Planejamento e Meio Ambiente,2,Gerência de Trânsito de Pomerode - Getran,275270060000,Rec. Vinc. ao Trânsito - Prefeitura,21.285.299/0001-48,ENGENFOX TERRAPLANAGENS E SERVICOS LTDA,701963.68,0,181915.18,15735.65,181915.18
5, Secretaria de Planejamento e Meio Ambiente,2,Gerência de Trânsito de Pomerode - Getran,275270060000,Rec. Vinc. ao Trânsito - Prefeitura,23.604.388/0001-35,E. L WESTPHAL SINALIZACOES VIARIAS LTDA,896439.21,0,326959.21,10470.92,326959.21
5, Secretaria de Planejamento e Meio Ambiente,2,Gerência de Trânsito de Pomerode - Getran,275270060000,Rec. Vinc. ao Trânsito - Prefeitura,28.900.401/0001-17,LINKMAQ COMERCIO E ASSISTENCIA DE MAQUINAS E EQUIPAMENTOS LTDA,2890.00,0,2890.00,0,2890.00
5, Secretaria de Planejamento e Meio Ambiente,2,Gerência de Trânsito de Pomerode - Getran,275270060000,Rec. Vinc. ao Trânsito - Prefeitura,29.039.646/0001-64,TOTTAL SINALIZAÇÃO LTDA,1160.00,0,0,0,0
5, Secretaria de Planejamento e Meio Ambiente,2,Gerência de Trânsito de Pomerode - Getran,275270060000,Rec. Vinc. ao Trânsito - Prefeitura,29.180.955/0002-30,NEW WORK EPI LTDA,3908.06,0,0,0,0
5, Secretaria de Planejamento e Meio Ambiente,2,Gerência de Trânsito de Pomerode - Getran,275270060000,Rec. Vinc. ao Trânsito - Prefeitura,29.979.036/0001-40,INSS- INSTITUTO NACIONAL DO SEGURO SOCIAL,698.37,0,698.37,0,465.58
5, Secretaria de Planejamento e Meio Ambiente,2,Gerência de Trânsito de Pomerode - Getran,275270060000,Rec. Vinc. ao Trânsito - Prefeitura,37.143.430/0001-72,TSI CENTRO AUTOMOTIVO LTDA,3316.00,0,3316.00,0,3316.00
5, Secretaria de Planejamento e Meio Ambiente,2,Gerência de Trânsito de Pomerode - Getran,275270060000,Rec. Vinc. ao Trânsito - Prefeitura,38.315.947/0001-64,CK RASTREAMENTO VEICULAR LTDA,14523.40,0,2602.05,0,2602.05
5, Secretaria de Planejamento e Meio Ambiente,2,Gerência de Trânsito de Pomerode - Getran,275270060000,Rec. Vinc. ao Trânsito - Prefeitura,42.741.289/0001-40,EG SERVIÇOS DE URBANIZAÇÃO LTDA,640600.07,0,290600.07,11188.06,290600.07
5, Secretaria de Planejamento e Meio Ambiente,2,Gerência de Trânsito de Pomerode - Getran,275270060000,Rec. Vinc. ao Trânsito - Prefeitura,53.795.421/0001-12,M A F VILAS BOAS SERVICOS & CIA LTDA,1294.00,0,1294.00,200.77,1294.00
5, Secretaria de Planejamento e Meio Ambiente,2,Gerência de Trânsito de Pomerode - Getran,275270060000,Rec. Vinc. ao Trânsito - Prefeitura,53.881.602/0001-61,LDM COMERCIAL DISTRIBUIDORA LTDA,105.00,0,105.00,0,105.00
5, Secretaria de Planejamento e Meio Ambiente,2,Gerência de Trânsito de Pomerode - Getran,275270060000,Rec. Vinc. ao Trânsito - Prefeitura,54.271.886/0001-37,LUIZ CARLOS DE SOUZA,5432.00,0,0,0,0
5, Secretaria de Planejamento e Meio Ambiente,2,Gerência de Trânsito de Pomerode - Getran,275270060000,Rec. Vinc. ao Trânsito - Prefeitura,81.004.988/0001-69,JOCA COMERCIO DE MATERIAIS DE CONSTRUCAO LTDA,132.48,0,0,0,0
5, Secretaria de Planejamento e Meio Ambiente,2,Gerência de Trânsito de Pomerode - Getran,275270060000,Rec. Vinc. ao Trânsito - Prefeitura,82.951.310/0001-56,SECRETARIA DE ESTADO DA FAZENDA,746.85,0,746.85,0,746.85
5, Secretaria de Planejamento e Meio Ambiente,2,Gerência de Trânsito de Pomerode - Getran,275270060000,Rec. Vinc. ao Trânsito - Prefeitura,83.043.745/0001-65,CENTRO DE INFORMÁTICA E AUTOMAÇÃO DO ESTADO DE SC S/A,165809.72,0,65809.72,0,65809.72
5, Secretaria de Planejamento e Meio Ambiente,3,Fundo Municipal do Meio Ambiente - FMMA,150070000000,Rec. Livres (Imp. e Transf. Const.),03.939.423/0001-60,FLOHR MADEIRAS LTDA,3870.00,0,1230.00,0,960.00
5, Secretaria de Planejamento e Meio Ambiente,3,Fundo Municipal do Meio Ambiente - FMMA,150070000000,Rec. Livres (Imp. e Transf. Const.),04.583.419/0001-74,STINGHEN RECICLAVEIS LTDA,480.00,0,480.00,0,480.00
5, Secretaria de Planejamento e Meio Ambiente,3,Fundo Municipal do Meio Ambiente - FMMA,150070000000,Rec. Livres (Imp. e Transf. Const.),07.448.130/0001-30,SELL MADEIRAS E GUINDASTES LTDA,1253.00,0,1253.00,0,1253.00
5, Secretaria de Planejamento e Meio Ambiente,3,Fundo Municipal do Meio Ambiente - FMMA,150070000000,Rec. Livres (Imp. e Transf. Const.),13.340.171/0001-01,SOPRINT COMUNICACAO VISUAL LTDA,2766.00,0,2766.00,0,2766.00
5, Secretaria de Planejamento e Meio Ambiente,3,Fundo Municipal do Meio Ambiente - FMMA,150070000000,Rec. Livres (Imp. e Transf. Const.),21.170.596/0001-48,BRESCIANI COMERCIO DE CEREAIS LTDA,2160.00,0,2160.00,0,2160.00
5, Secretaria de Planejamento e Meio Ambiente,3,Fundo Municipal do Meio Ambiente - FMMA,150070000000,Rec. Livres (Imp. e Transf. Const.),52.560.739/0001-51,EGEFLOR ESSÊNCIA LTDA,839.72,0,839.72,0,839.72
5, Secretaria de Planejamento e Meio Ambiente,3,Fundo Municipal do Meio Ambiente - FMMA,175970000005,FMMA - Taxas de Licenças Ambientais,00.000.000/2472-43,BANCO DO BRASIL SA,571.91,0,271.91,0,271.91
5, Secretaria de Planejamento e Meio Ambiente,3,Fundo Municipal do Meio Ambiente - FMMA,175970000005,FMMA - Taxas de Licenças Ambientais,00.360.305/1880-73,CAIXA ECONOMICA FEDERAL,1407.00,131.00,538.00,0,538.00
5, Secretaria de Planejamento e Meio Ambiente,3,Fundo Municipal do Meio Ambiente - FMMA,175970000005,FMMA - Taxas de Licenças Ambientais,03.111.139/0001-09,CONSORCIO INTERMUNICIPAL DO MEDIO VALE DO ITAJAI,481558.42,0,177416.26,0,177416.26
5, Secretaria de Planejamento e Meio Ambiente,3,Fundo Municipal do Meio Ambiente - FMMA,175970000005,FMMA - Taxas de Licenças Ambientais,21.347.557/0001-73,HSENG ENGENHARIA LTDA,33190.92,0,33190.92,1875.29,33190.92
5, Secretaria de Planejamento e Meio Ambiente,3,Fundo Municipal do Meio Ambiente - FMMA,175970000007,FMMA - CRA/ Lei 368/2019 - Certidão de Regularização Ambiental,47.854.932/0001-65,DIEGO LOPES NEGÓCIOS IMOBILIÁRIOS LTDA,7132.71,0,0,0,0
5, Secretaria de Planejamento e Meio Ambiente,3,Fundo Municipal do Meio Ambiente - FMMA,275970000005,FMMA - Taxas de Licenças Ambientais,29.935.857/0001-85,ALFAGEO CONSULTORIA E SERVIÇOS GEOLOGICOS LTDA,56420.00,0,27160.00,0,27160.00
5, Secretaria de Planejamento e Meio Ambiente,3,Fundo Municipal do Meio Ambiente - FMMA,275970000005,FMMA - Taxas de Licenças Ambientais,30.537.077/0001-66,NANDO MATHEUS ROCHA 04802042922,9930.00,0,9930.00,0,9930.00
5, Secretaria de Planejamento e Meio Ambiente,3,Fundo Municipal do Meio Ambiente - FMMA,275970000005,FMMA - Taxas de Licenças Ambientais,83.227.421/0007-72,GLOBO PLANALTO COMÉRCIO DE VEÍCULOS LTDA,188700.00,0,188700.00,2264.40,188700.00
5, Secretaria de Planejamento e Meio Ambiente,3,Fundo Municipal do Meio Ambiente - FMMA,275970000007,FMMA - CRA/ Lei 368/2019 - Certidão de Regularização Ambiental,03.068.774/0001-42,AGRO FÊNIX COMÉRCIO DE FLORES LTDA,49454.00,0,24727.00,0,24727.00
5, Secretaria de Planejamento e Meio Ambiente,3,Fundo Municipal do Meio Ambiente - FMMA,275970000007,FMMA - CRA/ Lei 368/2019 - Certidão de Regularização Ambiental,03.868.731/0001-41,DISK GRAMA COMERCIAL LTDA,4400.00,0,4400.00,0,4400.00
5, Secretaria de Planejamento e Meio Ambiente,3,Fundo Municipal do Meio Ambiente - FMMA,275970000007,FMMA - CRA/ Lei 368/2019 - Certidão de Regularização Ambiental,08.144.793/0001-24,I L I G METALURGICA LTDA,15133.26,0,15133.26,0,15133.26
5, Secretaria de Planejamento e Meio Ambiente,3,Fundo Municipal do Meio Ambiente - FMMA,275970000007,FMMA - CRA/ Lei 368/2019 - Certidão de Regularização Ambiental,36.811.724/0001-62,ALESSANDRO ENGEL,236023.17,0,67523.17,7427.53,67523.17
5, Secretaria de Planejamento e Meio Ambiente,3,Fundo Municipal do Meio Ambiente - FMMA,275970000007,FMMA - CRA/ Lei 368/2019 - Certidão de Regularização Ambiental,42.768.221/0001-54,42.468.221 AUGUSTINHO QUIODELLI,315895.52,0,107995.52,11879.51,107995.52
6,Secretaria de Gestão Administrativa e Fazendária,1,Secretaria de Gestão Administrativa e Fazendária,150070000000,Rec. Livres (Imp. e Transf. Const.),00.000.000/2472-43,BANCO DO BRASIL SA,30221.02,88.25,14949.27,0,14949.27
6,Secretaria de Gestão Administrativa e Fazendária,1,Secretaria de Gestão Administrativa e Fazendária,150070000000,Rec. Livres (Imp. e Transf. Const.),002.808.892-16,BRUNA CAROLINA FREITAS ESPINDOLA,4712.51,0,4712.51,1368.35,4712.51
6,Secretaria de Gestão Administrativa e Fazendária,1,Secretaria de Gestão Administrativa e Fazendária,150070000000,Rec. Livres (Imp. e Transf. Const.),00.360.305/1880-73,CAIXA ECONOMICA FEDERAL,10503486.23,142259.71,3737025.17,0,3737025.17
6,Secretaria de Gestão Administrativa e Fazendária,1,Secretaria de Gestão Administrativa e Fazendária,150070000000,Rec. Livres (Imp. e Transf. Const.),00.394.460/0001-41,MINISTERIO DA ECONOMIA,4390519.80,1375458.85,1628519.80,0,1628519.80
6,Secretaria de Gestão Administrativa e Fazendária,1,Secretaria de Gestão Administrativa e Fazendária,150070000000,Rec. Livres (Imp. e Transf. Const.),005.293.242-70,QUEILA FURTADO DE SOUZA,2400.00,1440.00,1200.00,145.20,1200.00
6,Secretaria de Gestão Administrativa e Fazendária,1,Secretaria de Gestão Administrativa e Fazendária,150070000000,Rec. Livres (Imp. e Transf. Const.),00.703.157/0001-83,CONFEDERACAO NACIONAL DE MUNICIPIOS,31585.00,0,11585.00,0,11585.00
6,Secretaria de Gestão Administrativa e Fazendária,1,Secretaria de Gestão Administrativa e Fazendária,150070000000,Rec. Livres (Imp. e Transf. Const.),00.736.251/0001-39,QUALICOPY SERVIÇOS E COMÉRCIO LTDA,1200.00,0,900.00,0,900.00
6,Secretaria de Gestão Administrativa e Fazendária,1,Secretaria de Gestão Administrativa e Fazendária,150070000000,Rec. Livres (Imp. e Transf. Const.),01.258.027/0003-03,IPM SISTEMAS LTDA,1367066.01,4960.01,463875.33,22266.00,463875.33
6,Secretaria de Gestão Administrativa e Fazendária,1,Secretaria de Gestão Administrativa e Fazendária,150070000000,Rec. Livres (Imp. e Transf. Const.),019.749.759-40,ADELSIR STURZBECHER,500000.00,0,250000.00,0,250000.00
6,Secretaria de Gestão Administrativa e Fazendária,1,Secretaria de Gestão Administrativa e Fazendária,150070000000,Rec. Livres (Imp. e Transf. Const.),02.030.715/0001-12,AGÊNCIA NACIONAL DE TELECOMUNICAÇÕES - ANATEL,20.10,0,20.10,0,20.10
6,Secretaria de Gestão Administrativa e Fazendária,1,Secretaria de Gestão Administrativa e Fazendária,150070000000,Rec. Livres (Imp. e Transf. Const.),02.255.187/0001-08,UNIFIQUE TELECOMUNICAÇÕES S/A,27823.05,0,27823.05,1531.34,27823.05
6,Secretaria de Gestão Administrativa e Fazendária,1,Secretaria de Gestão Administrativa e Fazendária,150070000000,Rec. Livres (Imp. e Transf. Const.),02.323.274/0001-47,KRUEGER COMÉRCIO DE MATERIAIS ELÉTRICOS E HIDRÁULICOS LTDA,70.40,0,70.40,0.84,70.40
6,Secretaria de Gestão Administrativa e Fazendária,1,Secretaria de Gestão Administrativa e Fazendária,150070000000,Rec. Livres (Imp. e Transf. Const.),02.351.877/0001-52,LOCAWEB SERVIÇOS DE INTERNET S/A,3230.52,0,3230.52,155.07,3230.52
6,Secretaria de Gestão Administrativa e Fazendária,1,Secretaria de Gestão Administrativa e Fazendária,150070000000,Rec. Livres (Imp. e Transf. Const.),026.858.379-06,GILSON JUARI WUDTKE,88.00,23.74,88.00,0,88.00
6,Secretaria de Gestão Administrativa e Fazendária,1,Secretaria de Gestão Administrativa e Fazendária,150070000000,Rec. Livres (Imp. e Transf. Const.),02.772.704/0001-08,FUNDO DE FISCALIZAÇÃO DAS TELECOMUNICAÇÕES - FISTEL,66.39,0,66.39,0,66.39
6,Secretaria de Gestão Administrativa e Fazendária,1,Secretaria de Gestão Administrativa e Fazendária,150070000000,Rec. Livres (Imp. e Transf. Const.),03.111.139/0001-09,CONSORCIO INTERMUNICIPAL DO MEDIO VALE DO ITAJAI,751624.77,0,276914.40,0,276914.40
6,Secretaria de Gestão Administrativa e Fazendária,1,Secretaria de Gestão Administrativa e Fazendária,150070000000,Rec. Livres (Imp. e Transf. Const.),03.269.695/0001-08,CONSORCIO PUBLICO INTERFEDERATIVO DE SAUDE E SERVICOS DO VALE EUROPEU CISAMVE,125797.14,0,44030.00,0,44030.00
6,Secretaria de Gestão Administrativa e Fazendária,1,Secretaria de Gestão Administrativa e Fazendária,150070000000,Rec. Livres (Imp. e Transf. Const.),03.925.280/0014-51,DIOCESE DE BLUMENAU,2000.00,0,2000.00,0,2000.00
6,Secretaria de Gestão Administrativa e Fazendária,1,Secretaria de Gestão Administrativa e Fazendária,150070000000,Rec. Livres (Imp. e Transf. Const.),042.140.259-89,DANIEL BAUMANN,10833.25,0,10833.25,0,10833.25
6,Secretaria de Gestão Administrativa e Fazendária,1,Secretaria de Gestão Administrativa e Fazendária,150070000000,Rec. Livres (Imp. e Transf. Const.),04.310.564/0001-81,CENTRO DE INTEGRAÇÃO EMPRESA ESCOLA DO ESTADO DE SANTA CATARINA - CIEE/SC,22552.60,0,10123.75,0,10123.75
6,Secretaria de Gestão Administrativa e Fazendária,1,Secretaria de Gestão Administrativa e Fazendária,150070000000,Rec. Livres (Imp. e Transf. Const.),043.361.659-80,DAYANE TORRES DOS REIS,52.00,3.87,52.00,0,52.00
6,Secretaria de Gestão Administrativa e Fazendária,1,Secretaria de Gestão Administrativa e Fazendária,150070000000,Rec. Livres (Imp. e Transf. Const.),04.533.821/0001-44,FUNDO DE APOSENTADORIA E PENSOES,8308963.43,0,3730963.43,0,3316915.10
6,Secretaria de Gestão Administrativa e Fazendária,1,Secretaria de Gestão Administrativa e Fazendária,150070000000,Rec. Livres (Imp. e Transf. Const.),04.586.694/0001-41,INFOTRIZ COMERCIAL EIRELI,370.60,0,370.60,4.45,370.60
6,Secretaria de Gestão Administrativa e Fazendária,1,Secretaria de Gestão Administrativa e Fazendária,150070000000,Rec. Livres (Imp. e Transf. Const.),04.724.655/0001-63,COPY LINE COMÉRCIO E SERVIÇOS LTDA,44604.00,0,14868.00,118.94,14868.00
6,Secretaria de Gestão Administrativa e Fazendária,1,Secretaria de Gestão Administrativa e Fazendária,150070000000,Rec. Livres (Imp. e Transf. Const.),049.400.899-75,ALEX AUDINO,28592.89,0,28592.89,3075.13,28592.89
6,Secretaria de Gestão Administrativa e Fazendária,1,Secretaria de Gestão Administrativa e Fazendária,150070000000,Rec. Livres (Imp. e Transf. Const.),053.583.030-06,ARTHUR ULBRIKI COSTA,7793.40,0,7793.40,0,7793.40
6,Secretaria de Gestão Administrativa e Fazendária,1,Secretaria de Gestão Administrativa e Fazendária,150070000000,Rec. Livres (Imp. e Transf. Const.),054.058.739-77,ANDERSON AMAURI PERINI,265.05,134.95,265.05,0,265.05
6,Secretaria de Gestão Administrativa e Fazendária,1,Secretaria de Gestão Administrativa e Fazendária,150070000000,Rec. Livres (Imp. e Transf. Const.),061.592.119-19,WILLIAN KREUTZFELD,55.87,0.13,55.87,0,55.87
6,Secretaria de Gestão Administrativa e Fazendária,1,Secretaria de Gestão Administrativa e Fazendária,150070000000,Rec. Livres (Imp. e Transf. Const.),07.500.596/0001-38,AIDC TECNOLOGIA LTDA,2325.61,0,2325.61,27.90,2325.61
6,Secretaria de Gestão Administrativa e Fazendária,1,Secretaria de Gestão Administrativa e Fazendária,150070000000,Rec. Livres (Imp. e Transf. Const.),075.434.579-38,DONAIRE BAADE,49.00,6.87,49.00,0,49.00
6,Secretaria de Gestão Administrativa e Fazendária,1,Secretaria de Gestão Administrativa e Fazendária,150070000000,Rec. Livres (Imp. e Transf. Const.),075.694.729-42,EDUARDO BAARTZ DE LIMA,143.80,240.00,143.80,0,143.80
6,Secretaria de Gestão Administrativa e Fazendária,1,Secretaria de Gestão Administrativa e Fazendária,150070000000,Rec. Livres (Imp. e Transf. Const.),07.758.175/0001-01,GOEDE HAUS CENTER MATERIAIS DE CONSTRUCAO LTDA,0.00,670.50,0,0,0
6,Secretaria de Gestão Administrativa e Fazendária,1,Secretaria de Gestão Administrativa e Fazendária,150070000000,Rec. Livres (Imp. e Transf. Const.),081.756.644-95,LOURACI DOS SANTOS LIMA,6602.47,0,6602.47,99.29,6602.47
6,Secretaria de Gestão Administrativa e Fazendária,1,Secretaria de Gestão Administrativa e Fazendária,150070000000,Rec. Livres (Imp. e Transf. Const.),087.389.379-48,JOANNA HARRYELI SCHEIDEMANTEL,5247.87,0,5247.87,0,5247.87
6,Secretaria de Gestão Administrativa e Fazendária,1,Secretaria de Gestão Administrativa e Fazendária,150070000000,Rec. Livres (Imp. e Transf. Const.),08.940.383/0001-90,ESCOLA DE GESTAO PUBLICA MUNICIPAL - EGEM,650.00,0,650.00,0,650.00
6,Secretaria de Gestão Administrativa e Fazendária,1,Secretaria de Gestão Administrativa e Fazendária,150070000000,Rec. Livres (Imp. e Transf. Const.),09.209.146/0001-16,PONTOGOV SISTEMAS LTDA,207295.16,59200.00,65174.97,3128.41,65174.97
6,Secretaria de Gestão Administrativa e Fazendária,1,Secretaria de Gestão Administrativa e Fazendária,150070000000,Rec. Livres (Imp. e Transf. Const.),09.316.105/0001-29,FRIOVIX COMERCIO DE REFRIGERAÇÃO LTDA,10517.85,0,10517.85,126.21,10517.85
6,Secretaria de Gestão Administrativa e Fazendária,1,Secretaria de Gestão Administrativa e Fazendária,150070000000,Rec. Livres (Imp. e Transf. Const.),09.427.503/0001-12,CONSÓRCIO DE INOVAÇÃO NA GESTÃO PÚBLICA - CIGA,55496.49,0,20445.70,0,20445.70
6,Secretaria de Gestão Administrativa e Fazendária,1,Secretaria de Gestão Administrativa e Fazendária,150070000000,Rec. Livres (Imp. e Transf. Const.),099.586.989-86,EDUARDA TABALIPA,6312.11,0,6312.11,0,6312.11
6,Secretaria de Gestão Administrativa e Fazendária,1,Secretaria de Gestão Administrativa e Fazendária,150070000000,Rec. Livres (Imp. e Transf. Const.),099.599.389-05,WALKIRIA ARIELY VIEBRANTZ,7793.40,0,7793.40,0,7793.40
6,Secretaria de Gestão Administrativa e Fazendária,1,Secretaria de Gestão Administrativa e Fazendária,150070000000,Rec. Livres (Imp. e Transf. Const.),10.473.681/0001-69,JIT SERVIÇOS E COMÉRCIO DE MATERIAL ELÉTRICO LTDA,185.40,0,0,0,0
6,Secretaria de Gestão Administrativa e Fazendária,1,Secretaria de Gestão Administrativa e Fazendária,150070000000,Rec. Livres (Imp. e Transf. Const.),10.685.446/0002-31,SUPER IDEAL COMÉRCIO VAREJISTA SUPERMERCADISTA LTDA,117.00,0,117.00,1.39,117.00
6,Secretaria de Gestão Administrativa e Fazendária,1,Secretaria de Gestão Administrativa e Fazendária,150070000000,Rec. Livres (Imp. e Transf. Const.),10.749.284/0001-77,EZCUZÊ AGÊNCIA DE PUBLICIDADE E PROPAGANDA LTDA,1445.40,0,1445.40,69.45,1445.40
6,Secretaria de Gestão Administrativa e Fazendária,1,Secretaria de Gestão Administrativa e Fazendária,150070000000,Rec. Livres (Imp. e Transf. Const.),11.118.645/0001-40,SPOTECH INFORMÁTICA CORAL LTDA,139.68,0,139.68,1.68,139.68
6,Secretaria de Gestão Administrativa e Fazendária,1,Secretaria de Gestão Administrativa e Fazendária,150070000000,Rec. Livres (Imp. e Transf. Const.),11.413.908/0001-43,TCMS TELECOMUNICAÇÕES LTDA,87260.00,0,30877.00,0,30877.00
6,Secretaria de Gestão Administrativa e Fazendária,1,Secretaria de Gestão Administrativa e Fazendária,150070000000,Rec. Livres (Imp. e Transf. Const.),114.476.099-21,CAMILA LEAL PRIESTER,6059.24,0,6059.24,0,6059.24
6,Secretaria de Gestão Administrativa e Fazendária,1,Secretaria de Gestão Administrativa e Fazendária,150070000000,Rec. Livres (Imp. e Transf. Const.),11.517.150/0001-93,META CURSOS E TREINAMENTOS LTDA,3380.00,0,3380.00,0,3380.00
6,Secretaria de Gestão Administrativa e Fazendária,1,Secretaria de Gestão Administrativa e Fazendária,150070000000,Rec. Livres (Imp. e Transf. Const.),115.353.549-17,JOÃO CÂNDIDO BRYCH,7793.40,0,7793.40,0,7793.40
6,Secretaria de Gestão Administrativa e Fazendária,1,Secretaria de Gestão Administrativa e Fazendária,150070000000,Rec. Livres (Imp. e Transf. Const.),116.749.809-73,NATHALIA MORAES DE SOUZA,8496.94,0,8496.94,1889.25,8496.94
6,Secretaria de Gestão Administrativa e Fazendária,1,Secretaria de Gestão Administrativa e Fazendária,150070000000,Rec. Livres (Imp. e Transf. Const.),12.075.748/0001-32,CONSÓRCIO INTERFEDERATIVO SANTA CATARINA - CINCATARINA,243554.39,0,96556.39,0,86262.39
6,Secretaria de Gestão Administrativa e Fazendária,1,Secretaria de Gestão Administrativa e Fazendária,150070000000,Rec. Livres (Imp. e Transf. Const.),124.155.429-38,CAROLINA KRUEGER,2250.28,0,2250.28,0,2250.28
6,Secretaria de Gestão Administrativa e Fazendária,1,Secretaria de Gestão Administrativa e Fazendária,150070000000,Rec. Livres (Imp. e Transf. Const.),126.967.059-09,MANUELLY DE JESUS CORREA,2250.28,0,2250.28,0,2250.28
6,Secretaria de Gestão Administrativa e Fazendária,1,Secretaria de Gestão Administrativa e Fazendária,150070000000,Rec. Livres (Imp. e Transf. Const.),129.512.169-71,JESSICA RUECKERT,6095.33,0,6095.33,0,6095.33
6,Secretaria de Gestão Administrativa e Fazendária,1,Secretaria de Gestão Administrativa e Fazendária,150070000000,Rec. Livres (Imp. e Transf. Const.),133.269.749-65,GABRIELLY CRISTINA PEREIRA,2547.04,0,2547.04,0,2547.04
6,Secretaria de Gestão Administrativa e Fazendária,1,Secretaria de Gestão Administrativa e Fazendária,150070000000,Rec. Livres (Imp. e Transf. Const.),135.045.829-52,MARIEH VITORIA CORREIA,6420.48,0,6420.48,0,6420.48
6,Secretaria de Gestão Administrativa e Fazendária,1,Secretaria de Gestão Administrativa e Fazendária,150070000000,Rec. Livres (Imp. e Transf. Const.),135.838.849-06,ANATACHA PERINI RAMOS,4197.68,0,4197.68,0,4197.68
6,Secretaria de Gestão Administrativa e Fazendária,1,Secretaria de Gestão Administrativa e Fazendária,150070000000,Rec. Livres (Imp. e Transf. Const.),13.965.228/0001-68,JLM DISTRIBUIDORA BR LTDA,792.00,0,792.00,9.50,792.00
6,Secretaria de Gestão Administrativa e Fazendária,1,Secretaria de Gestão Administrativa e Fazendária,150070000000,Rec. Livres (Imp. e Transf. Const.),14.284.430/0001-97,"FUNDO DE MATERIAIS, PUBLICAÇÕES E IMPRESSOS OFICIAIS SC",5092.26,0,5092.26,0,5092.26
6,Secretaria de Gestão Administrativa e Fazendária,1,Secretaria de Gestão Administrativa e Fazendária,150070000000,Rec. Livres (Imp. e Transf. Const.),18.138.763/0001-69,COMERCIAL VITÓRIA LTDA,133.95,0,133.95,0,133.95
6,Secretaria de Gestão Administrativa e Fazendária,1,Secretaria de Gestão Administrativa e Fazendária,150070000000,Rec. Livres (Imp. e Transf. Const.),18.404.728/0001-44,CEM POR CENTO CADEIRAS  LTDA - ME,415.00,0,415.00,0,415.00
6,Secretaria de Gestão Administrativa e Fazendária,1,Secretaria de Gestão Administrativa e Fazendária,150070000000,Rec. Livres (Imp. e Transf. Const.),19.032.430/0001-13,PRINTSUL COMÉRCIO ATACADISTA LTDA,237.16,0,237.16,2.84,237.16
6,Secretaria de Gestão Administrativa e Fazendária,1,Secretaria de Gestão Administrativa e Fazendária,150070000000,Rec. Livres (Imp. e Transf. Const.),22.609.215/0001-47,ALFA LICITACOES LTDA,4245.00,0,4245.00,0,4245.00
6,Secretaria de Gestão Administrativa e Fazendária,1,Secretaria de Gestão Administrativa e Fazendária,150070000000,Rec. Livres (Imp. e Transf. Const.),250.028.378-08,HONORIO DOS SANTOS JUNIOR,164.70,2.90,164.70,0,164.70
6,Secretaria de Gestão Administrativa e Fazendária,1,Secretaria de Gestão Administrativa e Fazendária,150070000000,Rec. Livres (Imp. e Transf. Const.),26.044.069/0001-00,SOMA ATACADO LTDA,605.60,0,605.60,7.27,605.60
6,Secretaria de Gestão Administrativa e Fazendária,1,Secretaria de Gestão Administrativa e Fazendária,150070000000,Rec. Livres (Imp. e Transf. Const.),26.262.878/0001-99,PGO ENGENHARIA LTDA,960.00,0,960.00,79.68,960.00
6,Secretaria de Gestão Administrativa e Fazendária,1,Secretaria de Gestão Administrativa e Fazendária,150070000000,Rec. Livres (Imp. e Transf. Const.),28.474.582/0001-67,IGAM SC CURSOS E CONSULTORIA LTDA,36085.60,4531.52,30422.80,1460.28,30422.80
6,Secretaria de Gestão Administrativa e Fazendária,1,Secretaria de Gestão Administrativa e Fazendária,150070000000,Rec. Livres (Imp. e Transf. Const.),29.222.667/0001-10,SK MATERIAIS PARA ESCRITORIO LTDA,471.94,0,471.94,5.66,471.94
6,Secretaria de Gestão Administrativa e Fazendária,1,Secretaria de Gestão Administrativa e Fazendária,150070000000,Rec. Livres (Imp. e Transf. Const.),29.979.036/0001-40,INSS- INSTITUTO NACIONAL DO SEGURO SOCIAL,249491.12,0,165491.12,0,147569.71
6,Secretaria de Gestão Administrativa e Fazendária,1,Secretaria de Gestão Administrativa e Fazendária,150070000000,Rec. Livres (Imp. e Transf. Const.),31.030.858/0001-22,MEDIC LIFE DISTRIBUIDORA DE MEDICAMENTOS LTDA,532.40,0,532.40,0,532.40
6,Secretaria de Gestão Administrativa e Fazendária,1,Secretaria de Gestão Administrativa e Fazendária,150070000000,Rec. Livres (Imp. e Transf. Const.),310.923.739-34,EGON BENDLIN,1440.00,480.00,1440.00,158.40,1440.00
6,Secretaria de Gestão Administrativa e Fazendária,1,Secretaria de Gestão Administrativa e Fazendária,150070000000,Rec. Livres (Imp. e Transf. Const.),33.842.718/0001-84,NSC COMERCIO DE ALIMENTOS LTDA,335.00,236.00,335.00,4.02,335.00
6,Secretaria de Gestão Administrativa e Fazendária,1,Secretaria de Gestão Administrativa e Fazendária,150070000000,Rec. Livres (Imp. e Transf. Const.),34.028.316/0028-23,EMPRESA BRASILEIRA DE CORREIOS E TELEGRAFOS,115067.28,0,25067.28,0,25067.28
6,Secretaria de Gestão Administrativa e Fazendária,1,Secretaria de Gestão Administrativa e Fazendária,150070000000,Rec. Livres (Imp. e Transf. Const.),34.060.183/0001-52,DEPARTAMENTO ESTADUAL DE TRANSITO,500.12,0,500.12,0,500.12
6,Secretaria de Gestão Administrativa e Fazendária,1,Secretaria de Gestão Administrativa e Fazendária,150070000000,Rec. Livres (Imp. e Transf. Const.),34.887.479/0001-41,R.S. ELETRO LTDA,126.00,0,126.00,1.51,126.00
6,Secretaria de Gestão Administrativa e Fazendária,1,Secretaria de Gestão Administrativa e Fazendária,150070000000,Rec. Livres (Imp. e Transf. Const.),35.248.973/0001-29,DUPLO I LTDA,1440.00,0,960.00,0,960.00
6,Secretaria de Gestão Administrativa e Fazendária,1,Secretaria de Gestão Administrativa e Fazendária,150070000000,Rec. Livres (Imp. e Transf. Const.),36.160.222/0001-19,CENTER MOVEIS INDUSTRIA E COMERCIO DE MOVEIS LTDA,614.00,0,0,0,0
6,Secretaria de Gestão Administrativa e Fazendária,1,Secretaria de Gestão Administrativa e Fazendária,150070000000,Rec. Livres (Imp. e Transf. Const.),36.225.268/0001-79,INSTALAR INSTALAÇÃO E MANUTENÇÃO LTDA,2556.30,0,2189.92,0,2189.92
6,Secretaria de Gestão Administrativa e Fazendária,1,Secretaria de Gestão Administrativa e Fazendária,150070000000,Rec. Livres (Imp. e Transf. Const.),36.521.392/0002-62,GO VENDAS ELETRONICAS LTDA,169.78,0,169.78,2.04,169.78
6,Secretaria de Gestão Administrativa e Fazendária,1,Secretaria de Gestão Administrativa e Fazendária,150070000000,Rec. Livres (Imp. e Transf. Const.),37.115.367/0001-60,MINISTERIO DO TRABALHO - MTE,3151.31,0,3151.31,0,2289.92
6,Secretaria de Gestão Administrativa e Fazendária,1,Secretaria de Gestão Administrativa e Fazendária,150070000000,Rec. Livres (Imp. e Transf. Const.),37.143.430/0001-72,TSI CENTRO AUTOMOTIVO LTDA,479.90,0,479.90,0,479.90
6,Secretaria de Gestão Administrativa e Fazendária,1,Secretaria de Gestão Administrativa e Fazendária,150070000000,Rec. Livres (Imp. e Transf. Const.),37.692.602/0001-67,LAVORO SOLUÇÕES AVANÇADAS LTDA,110378.24,0,50378.24,2448.43,50378.24
6,Secretaria de Gestão Administrativa e Fazendária,1,Secretaria de Gestão Administrativa e Fazendária,150070000000,Rec. Livres (Imp. e Transf. Const.),381.981.509-00,DARCILO DOEGE,83.80,0,83.80,0,83.80
6,Secretaria de Gestão Administrativa e Fazendária,1,Secretaria de Gestão Administrativa e Fazendária,150070000000,Rec. Livres (Imp. e Transf. Const.),38.315.947/0001-64,CK RASTREAMENTO VEICULAR LTDA,1752.00,0,876.00,0,876.00
6,Secretaria de Gestão Administrativa e Fazendária,1,Secretaria de Gestão Administrativa e Fazendária,150070000000,Rec. Livres (Imp. e Transf. Const.),38.613.730/0001-30,JM PAPELARIA LTDA,568.00,0,568.00,6.82,568.00
6,Secretaria de Gestão Administrativa e Fazendária,1,Secretaria de Gestão Administrativa e Fazendária,150070000000,Rec. Livres (Imp. e Transf. Const.),40.644.829/0001-41,SIGFRID BAHR,480.00,0,480.00,0,480.00
6,Secretaria de Gestão Administrativa e Fazendária,1,Secretaria de Gestão Administrativa e Fazendária,150070000000,Rec. Livres (Imp. e Transf. Const.),40.738.368/0001-76,GAMBA CONEXÕES COMÉRCIO ATACADISTA DE ALIMENTOS LTDA,275.00,0,275.00,3.30,275.00
6,Secretaria de Gestão Administrativa e Fazendária,1,Secretaria de Gestão Administrativa e Fazendária,150070000000,Rec. Livres (Imp. e Transf. Const.),41.955.367/0001-46,ALIMENTOS SORETTO LTDA,2079.20,0,2079.20,62.38,2079.20
6,Secretaria de Gestão Administrativa e Fazendária,1,Secretaria de Gestão Administrativa e Fazendária,150070000000,Rec. Livres (Imp. e Transf. Const.),44.010.279/0001-60,IDEO LICITACOES E COMERCIO,253.20,0,253.20,0,253.20
6,Secretaria de Gestão Administrativa e Fazendária,1,Secretaria de Gestão Administrativa e Fazendária,150070000000,Rec. Livres (Imp. e Transf. Const.),44.649.812/0001-38,NOTRE DAME INTERMÉDICA SAÚDE S.A.,44603.88,10081.68,41265.88,0,0
6,Secretaria de Gestão Administrativa e Fazendária,1,Secretaria de Gestão Administrativa e Fazendária,150070000000,Rec. Livres (Imp. e Transf. Const.),45.747.626/0001-02,OTHALA COMERCIO LTDA,4106.90,0,4106.90,49.28,4106.90
6,Secretaria de Gestão Administrativa e Fazendária,1,Secretaria de Gestão Administrativa e Fazendária,150070000000,Rec. Livres (Imp. e Transf. Const.),46.042.373/0001-26,SIMON SERVIÇOS ADMINISTRATIVOS LTDA,43275.68,0,21637.84,0,21637.84
6,Secretaria de Gestão Administrativa e Fazendária,1,Secretaria de Gestão Administrativa e Fazendária,150070000000,Rec. Livres (Imp. e Transf. Const.),460.996.039-72,MARIA ANGELICA FAGGIANI,49.40,150.80,49.40,0,49.40
6,Secretaria de Gestão Administrativa e Fazendária,1,Secretaria de Gestão Administrativa e Fazendária,150070000000,Rec. Livres (Imp. e Transf. Const.),46.671.453/0001-40,EVY MOVEIS E EQUIPAMENTOS LTDA,868.70,0,0,0,0
6,Secretaria de Gestão Administrativa e Fazendária,1,Secretaria de Gestão Administrativa e Fazendária,150070000000,Rec. Livres (Imp. e Transf. Const.),49.512.790/0001-83,KINDERBABY COMERCIO DE FRALDAS E ACESSÓRIOS LTDA,239.76,0,239.76,0,239.76
6,Secretaria de Gestão Administrativa e Fazendária,1,Secretaria de Gestão Administrativa e Fazendária,150070000000,Rec. Livres (Imp. e Transf. Const.),50.675.079/0001-29,POMERWASSER AMBIENTAL S.P.E. S.A.,14540.97,0,5840.97,273.94,5840.97
6,Secretaria de Gestão Administrativa e Fazendária,1,Secretaria de Gestão Administrativa e Fazendária,150070000000,Rec. Livres (Imp. e Transf. Const.),51.174.001/0001-93,SAO PAULO TRIBUNAL DE JUSTICA,111.06,0,111.06,0,111.06
6,Secretaria de Gestão Administrativa e Fazendária,1,Secretaria de Gestão Administrativa e Fazendária,150070000000,Rec. Livres (Imp. e Transf. Const.),54.960.622/0001-90,MOBILIA URBANA COMÉRCIO E SERVIÇOS LTDA,11050.00,0,11050.00,0,11050.00
6,Secretaria de Gestão Administrativa e Fazendária,1,Secretaria de Gestão Administrativa e Fazendária,150070000000,Rec. Livres (Imp. e Transf. Const.),568.857.410-00,FLAVIO BATISTA DE OLIVEIRA,55.87,0,55.87,0,55.87
6,Secretaria de Gestão Administrativa e Fazendária,1,Secretaria de Gestão Administrativa e Fazendária,150070000000,Rec. Livres (Imp. e Transf. Const.),60.746.948/2094-29,BANCO BRADESCO SA,100.00,0,0,0,0
6,Secretaria de Gestão Administrativa e Fazendária,1,Secretaria de Gestão Administrativa e Fazendária,150070000000,Rec. Livres (Imp. e Transf. Const.),61.364.019/0001-01,GOEDE MÓVEIS E DECORAÇÕES LTDA,670.00,0.50,670.00,8.04,670.00
6,Secretaria de Gestão Administrativa e Fazendária,1,Secretaria de Gestão Administrativa e Fazendária,150070000000,Rec. Livres (Imp. e Transf. Const.),75.303.982/0001-90,FEDERAÇÃO CATARINENSE DE MUNICIPIOS,62352.12,0,22352.12,0,22352.12
6,Secretaria de Gestão Administrativa e Fazendária,1,Secretaria de Gestão Administrativa e Fazendária,150070000000,Rec. Livres (Imp. e Transf. Const.),76.291.251/0001-34,MODILAC INDUSTRIA E COMERCIO DE MOVEIS LTDA,2210.00,0,0,0,0
6,Secretaria de Gestão Administrativa e Fazendária,1,Secretaria de Gestão Administrativa e Fazendária,150070000000,Rec. Livres (Imp. e Transf. Const.),79.227.963/0014-05,NC COMUNICAÇÕES S/A,1541.84,0,1541.84,74.00,1541.84
6,Secretaria de Gestão Administrativa e Fazendária,1,Secretaria de Gestão Administrativa e Fazendária,150070000000,Rec. Livres (Imp. e Transf. Const.),79.846.465/0001-18,GOEDERT LTDA,238.70,0,0,0,0
6,Secretaria de Gestão Administrativa e Fazendária,1,Secretaria de Gestão Administrativa e Fazendária,150070000000,Rec. Livres (Imp. e Transf. Const.),80.685.381/0001-29,INCORZUL COMERCIO DE FERRAGENS LTDA,65.80,0,65.80,0.78,65.80
6,Secretaria de Gestão Administrativa e Fazendária,1,Secretaria de Gestão Administrativa e Fazendária,150070000000,Rec. Livres (Imp. e Transf. Const.),82.133.182/0002-14,COOPERATIVA DE CRÉDITO DO VALE EUROPEU - SICOOB EURO VALE,115.07,0,15.07,0,15.07
6,Secretaria de Gestão Administrativa e Fazendária,1,Secretaria de Gestão Administrativa e Fazendária,150070000000,Rec. Livres (Imp. e Transf. Const.),82.476.144/0001-83,ALER COMÉRCIO DE MÓVEIS LTDA,1620.00,0,1620.00,19.44,1620.00
6,Secretaria de Gestão Administrativa e Fazendária,1,Secretaria de Gestão Administrativa e Fazendária,150070000000,Rec. Livres (Imp. e Transf. Const.),82.624.776/0001-47,UNIMED BLUMENAU - COOPERATIVA DE TRABALHO MÉDICO,75613.70,31179.47,75613.70,10097.80,75613.70
6,Secretaria de Gestão Administrativa e Fazendária,1,Secretaria de Gestão Administrativa e Fazendária,150070000000,Rec. Livres (Imp. e Transf. Const.),82.895.970/0001-67,FEDERACAO DAS CAMARAS DE DIRIGENTES LOJISTAS DE SC,1837.00,0,1837.00,88.16,1837.00
6,Secretaria de Gestão Administrativa e Fazendária,1,Secretaria de Gestão Administrativa e Fazendária,150070000000,Rec. Livres (Imp. e Transf. Const.),82.951.310/0001-56,SECRETARIA DE ESTADO DA FAZENDA,2600.00,0,910.00,0,910.00
6,Secretaria de Gestão Administrativa e Fazendária,1,Secretaria de Gestão Administrativa e Fazendária,150070000000,Rec. Livres (Imp. e Transf. Const.),83.102.251/0001-04,MUNICÍPIO DE POMERODE,4119272.00,10285.24,4119272.00,1240854.52,4116290.14
6,Secretaria de Gestão Administrativa e Fazendária,1,Secretaria de Gestão Administrativa e Fazendária,150070000000,Rec. Livres (Imp. e Transf. Const.),83.552.125/0001-51,CLUBE ESPORTIVO RECREATIVO E CULTURAL PRIMAVERA,3000.00,0,3000.00,0,3000.00
6,Secretaria de Gestão Administrativa e Fazendária,1,Secretaria de Gestão Administrativa e Fazendária,150070000000,Rec. Livres (Imp. e Transf. Const.),83.779.413/0001-43,ASSOCIACAO DE MUNICIPIOS DO VALE EUROPEU,739369.00,0,269369.00,0,269369.00
6,Secretaria de Gestão Administrativa e Fazendária,1,Secretaria de Gestão Administrativa e Fazendária,150070000000,Rec. Livres (Imp. e Transf. Const.),83.845.701/0001-59,SANTA CATARINA TRIBUNAL DE JUSTICA,191110.60,0,191110.60,0,191110.60
6,Secretaria de Gestão Administrativa e Fazendária,1,Secretaria de Gestão Administrativa e Fazendária,150070000000,Rec. Livres (Imp. e Transf. Const.),86.910.148/0001-89,DIBRAPE - DISTRIBUIDORA BRASILEIRA DE PETRÓLEO LTDA,1495.00,0,747.50,1.79,747.50
6,Secretaria de Gestão Administrativa e Fazendária,1,Secretaria de Gestão Administrativa e Fazendária,150070000000,Rec. Livres (Imp. e Transf. Const.),93.920.361/0001-37,REIFLEX INDUSTRIA E COMÉRCIO DE MÓVEIS LTDA,1680.00,483.00,1120.00,13.44,1120.00
6,Secretaria de Gestão Administrativa e Fazendária,1,Secretaria de Gestão Administrativa e Fazendária,150070000000,Rec. Livres (Imp. e Transf. Const.),95.764.890/0001-14,VIRTUAL SUPRIMENTOS LTDA,420.00,0,420.00,5.04,420.00
6,Secretaria de Gestão Administrativa e Fazendária,1,Secretaria de Gestão Administrativa e Fazendária,150070000000,Rec. Livres (Imp. e Transf. Const.),95.855.078/0001-02,PANIFICADORA E CONFEITARIA DONA ELLA LTDA,178.61,0,178.61,0,178.61
6,Secretaria de Gestão Administrativa e Fazendária,1,Secretaria de Gestão Administrativa e Fazendária,150170000000,Rec. Livres,00.000.000/2472-43,BANCO DO BRASIL SA,102395.51,0,41195.51,0,41195.51
6,Secretaria de Gestão Administrativa e Fazendária,1,Secretaria de Gestão Administrativa e Fazendária,150170000000,Rec. Livres,00.360.305/1880-73,CAIXA ECONOMICA FEDERAL,14837.55,276.18,4837.55,0,4837.55
6,Secretaria de Gestão Administrativa e Fazendária,1,Secretaria de Gestão Administrativa e Fazendária,150170000000,Rec. Livres,00.394.460/0001-41,MINISTERIO DA ECONOMIA,2907.41,0,907.41,0,907.41
6,Secretaria de Gestão Administrativa e Fazendária,1,Secretaria de Gestão Administrativa e Fazendária,150170000000,Rec. Livres,00.394.460/0409-50,MINISTERIO DA FAZENDA,29.46,0,29.46,0,29.46
6,Secretaria de Gestão Administrativa e Fazendária,1,Secretaria de Gestão Administrativa e Fazendária,150170000000,Rec. Livres,01.258.027/0003-03,IPM SISTEMAS LTDA,20348.07,0,6174.81,296.39,6174.81
6,Secretaria de Gestão Administrativa e Fazendária,1,Secretaria de Gestão Administrativa e Fazendária,150170000000,Rec. Livres,02.255.187/0001-08,UNIFIQUE TELECOMUNICAÇÕES S/A,192529.74,10711.33,69962.28,3417.25,69962.28
6,Secretaria de Gestão Administrativa e Fazendária,1,Secretaria de Gestão Administrativa e Fazendária,150170000000,Rec. Livres,02.323.274/0001-47,KRUEGER COMÉRCIO DE MATERIAIS ELÉTRICOS E HIDRÁULICOS LTDA,486.00,0,48.00,0.57,48.00
6,Secretaria de Gestão Administrativa e Fazendária,1,Secretaria de Gestão Administrativa e Fazendária,150170000000,Rec. Livres,02.351.877/0001-52,LOCAWEB SERVIÇOS DE INTERNET S/A,2153.68,0,2153.68,103.38,2153.68
6,Secretaria de Gestão Administrativa e Fazendária,1,Secretaria de Gestão Administrativa e Fazendária,150170000000,Rec. Livres,026.858.379-06,GILSON JUARI WUDTKE,40.00,260.00,40.00,0,40.00
6,Secretaria de Gestão Administrativa e Fazendária,1,Secretaria de Gestão Administrativa e Fazendária,150170000000,Rec. Livres,02.817.932/0001-57,GLISS INDUSTRIA E COMERCIO LTDA EPP,1204.60,0,1204.60,0,1204.60
6,Secretaria de Gestão Administrativa e Fazendária,1,Secretaria de Gestão Administrativa e Fazendária,150170000000,Rec. Livres,03.725.725/0001-35,LEIS LTDA,3969.00,0,3969.00,199.40,3969.00
6,Secretaria de Gestão Administrativa e Fazendária,1,Secretaria de Gestão Administrativa e Fazendária,150170000000,Rec. Livres,04.196.645/0001-00,IMPRENSA NACIONAL,538.56,0,538.56,0,538.56
6,Secretaria de Gestão Administrativa e Fazendária,1,Secretaria de Gestão Administrativa e Fazendária,150170000000,Rec. Livres,043.361.659-80,DAYANE TORRES DOS REIS,150.34,101.06,150.34,0,150.34
6,Secretaria de Gestão Administrativa e Fazendária,1,Secretaria de Gestão Administrativa e Fazendária,150170000000,Rec. Livres,047.035.269-80,OFICIO DOS REGISTROS PUBLICOS GUSTAVO HENRIQUE MATTOS VOLTOLINI,61.82,0,61.82,0,61.82
6,Secretaria de Gestão Administrativa e Fazendária,1,Secretaria de Gestão Administrativa e Fazendária,150170000000,Rec. Livres,04.724.655/0001-63,COPY LINE COMÉRCIO E SERVIÇOS LTDA,56.00,0,56.00,0.67,56.00
6,Secretaria de Gestão Administrativa e Fazendária,1,Secretaria de Gestão Administrativa e Fazendária,150170000000,Rec. Livres,054.058.739-77,ANDERSON AMAURI PERINI,120.00,180.00,120.00,0,120.00
6,Secretaria de Gestão Administrativa e Fazendária,1,Secretaria de Gestão Administrativa e Fazendária,150170000000,Rec. Livres,061.592.119-19,WILLIAN KREUTZFELD,102.66,120.82,102.66,0,102.66
6,Secretaria de Gestão Administrativa e Fazendária,1,Secretaria de Gestão Administrativa e Fazendária,150170000000,Rec. Livres,072.744.419-06,LEANDRO CORREIA,87.15,24.59,87.15,0,87.15
6,Secretaria de Gestão Administrativa e Fazendária,1,Secretaria de Gestão Administrativa e Fazendária,150170000000,Rec. Livres,074.970.959-60,RODOLFO PRIESE WENDHAUSEN,0.00,1050.00,0,0,0
6,Secretaria de Gestão Administrativa e Fazendária,1,Secretaria de Gestão Administrativa e Fazendária,150170000000,Rec. Livres,075.434.579-38,DONAIRE BAADE,139.45,111.95,139.45,0,139.45
6,Secretaria de Gestão Administrativa e Fazendária,1,Secretaria de Gestão Administrativa e Fazendária,150170000000,Rec. Livres,075.694.729-42,EDUARDO BAARTZ DE LIMA,251.40,500.00,251.40,0,251.40
6,Secretaria de Gestão Administrativa e Fazendária,1,Secretaria de Gestão Administrativa e Fazendária,150170000000,Rec. Livres,11.517.150/0001-93,META CURSOS E TREINAMENTOS LTDA,1860.00,0,1860.00,0,1860.00
6,Secretaria de Gestão Administrativa e Fazendária,1,Secretaria de Gestão Administrativa e Fazendária,150170000000,Rec. Livres,14.284.430/0001-97,"FUNDO DE MATERIAIS, PUBLICAÇÕES E IMPRESSOS OFICIAIS SC",3983.35,0,3983.35,0,3983.35
6,Secretaria de Gestão Administrativa e Fazendária,1,Secretaria de Gestão Administrativa e Fazendária,150170000000,Rec. Livres,17.354.297/0001-96,CASP ONLINE TREINAMENTOS LTDA,126400.00,0,23700.00,0,23700.00
6,Secretaria de Gestão Administrativa e Fazendária,1,Secretaria de Gestão Administrativa e Fazendária,150170000000,Rec. Livres,18.780.623/0001-90,NOAR TURISMO LTDA,2345.30,0,2345.30,0,2345.30
6,Secretaria de Gestão Administrativa e Fazendária,1,Secretaria de Gestão Administrativa e Fazendária,150170000000,Rec. Livres,19.767.270/0001-50,AUTOMAXCODE SOLUÇÕES EM TECNOLOGIA DE IDENTIFICAÇÃO LTDA,2607.08,0.02,2607.08,0,2607.08
6,Secretaria de Gestão Administrativa e Fazendária,1,Secretaria de Gestão Administrativa e Fazendária,150170000000,Rec. Livres,250.028.378-08,HONORIO DOS SANTOS JUNIOR,335.20,0,335.20,0,335.20
6,Secretaria de Gestão Administrativa e Fazendária,1,Secretaria de Gestão Administrativa e Fazendária,150170000000,Rec. Livres,26.044.069/0001-00,SOMA ATACADO LTDA,739.20,0,739.20,8.87,739.20
6,Secretaria de Gestão Administrativa e Fazendária,1,Secretaria de Gestão Administrativa e Fazendária,150170000000,Rec. Livres,27.284.516/0001-61,MAXIFROTA SERVIÇOS DE MANUTENÇÃO DE FROTA LTDA,30361.62,0,2680.81,48.37,2680.81
6,Secretaria de Gestão Administrativa e Fazendária,1,Secretaria de Gestão Administrativa e Fazendária,150170000000,Rec. Livres,28.474.582/0001-67,IGAM SC CURSOS E CONSULTORIA LTDA,3280.00,0,3280.00,157.44,3280.00
6,Secretaria de Gestão Administrativa e Fazendária,1,Secretaria de Gestão Administrativa e Fazendária,150170000000,Rec. Livres,29.979.036/0001-40,INSS- INSTITUTO NACIONAL DO SEGURO SOCIAL,2957.60,0,2957.60,0,2957.60
6,Secretaria de Gestão Administrativa e Fazendária,1,Secretaria de Gestão Administrativa e Fazendária,150170000000,Rec. Livres,32.496.398/0001-95,NM80 ASSESSORIA LTDA,131300.00,0,30300.00,1454.40,30300.00
6,Secretaria de Gestão Administrativa e Fazendária,1,Secretaria de Gestão Administrativa e Fazendária,150170000000,Rec. Livres,33.842.718/0001-84,NSC COMERCIO DE ALIMENTOS LTDA,436.05,0,436.05,5.23,436.05
6,Secretaria de Gestão Administrativa e Fazendária,1,Secretaria de Gestão Administrativa e Fazendária,150170000000,Rec. Livres,35.248.973/0001-29,DUPLO I LTDA,1050.00,0,1050.00,0,1050.00
6,Secretaria de Gestão Administrativa e Fazendária,1,Secretaria de Gestão Administrativa e Fazendária,150170000000,Rec. Livres,36.225.268/0001-79,INSTALAR INSTALAÇÃO E MANUTENÇÃO LTDA,746.53,0,746.53,0,746.53
6,Secretaria de Gestão Administrativa e Fazendária,1,Secretaria de Gestão Administrativa e Fazendária,150170000000,Rec. Livres,37.143.430/0001-72,TSI CENTRO AUTOMOTIVO LTDA,354.20,0,354.20,0,354.20
6,Secretaria de Gestão Administrativa e Fazendária,1,Secretaria de Gestão Administrativa e Fazendária,150170000000,Rec. Livres,37.777.734/0001-91,37.777.734 SANDRO JOSE NUNES,190.00,0,190.00,0,190.00
6,Secretaria de Gestão Administrativa e Fazendária,1,Secretaria de Gestão Administrativa e Fazendária,150170000000,Rec. Livres,38.315.947/0001-64,CK RASTREAMENTO VEICULAR LTDA,408.80,0,408.80,0,408.80
6,Secretaria de Gestão Administrativa e Fazendária,1,Secretaria de Gestão Administrativa e Fazendária,150170000000,Rec. Livres,39.649.812/0001-06,MC COMÉRCIO DE ALIMENTOS E TRANSPORTES LTDA,464.16,0,464.16,4.10,464.16
6,Secretaria de Gestão Administrativa e Fazendária,1,Secretaria de Gestão Administrativa e Fazendária,150170000000,Rec. Livres,40.738.368/0001-76,GAMBA CONEXÕES COMÉRCIO ATACADISTA DE ALIMENTOS LTDA,2725.30,0,2725.30,31.19,2725.30
6,Secretaria de Gestão Administrativa e Fazendária,1,Secretaria de Gestão Administrativa e Fazendária,150170000000,Rec. Livres,42.785.776/0001-04,ALLY COMERCIO DE PRODUTOS E EQUIPAMENTOS LTDA,559.90,0,559.90,0,559.90
6,Secretaria de Gestão Administrativa e Fazendária,1,Secretaria de Gestão Administrativa e Fazendária,150170000000,Rec. Livres,44.649.812/0001-38,NOTRE DAME INTERMÉDICA SAÚDE S.A.,64719.58,28236.97,52563.89,3140.34,26474.02
6,Secretaria de Gestão Administrativa e Fazendária,1,Secretaria de Gestão Administrativa e Fazendária,150170000000,Rec. Livres,45.290.045/0001-86,"INSTITUTO DE ESTUDOS, PESQUISA E PROJETOS - INSTITUTO FUCAP",32020.94,0,16010.47,0,16010.47
6,Secretaria de Gestão Administrativa e Fazendária,1,Secretaria de Gestão Administrativa e Fazendária,150170000000,Rec. Livres,460.996.039-72,MARIA ANGELICA FAGGIANI,125.37,74.83,125.37,0,125.37
6,Secretaria de Gestão Administrativa e Fazendária,1,Secretaria de Gestão Administrativa e Fazendária,150170000000,Rec. Livres,533.688.869-91,URSULA DALLABONA DUWE,1323.09,0,1323.09,0,1323.09
6,Secretaria de Gestão Administrativa e Fazendária,1,Secretaria de Gestão Administrativa e Fazendária,150170000000,Rec. Livres,53.795.421/0001-12,M A F VILAS BOAS SERVICOS & CIA LTDA,10626.35,0,10626.35,1648.84,10626.35
6,Secretaria de Gestão Administrativa e Fazendária,1,Secretaria de Gestão Administrativa e Fazendária,150170000000,Rec. Livres,56.099.508/0001-43,BALBINOTI SOLUCOES ELETRICAS E TECNOLOGIA LTDA,427.50,0,427.50,0,427.50
6,Secretaria de Gestão Administrativa e Fazendária,1,Secretaria de Gestão Administrativa e Fazendária,150170000000,Rec. Livres,568.857.410-00,FLAVIO BATISTA DE OLIVEIRA,88.89,78.71,88.89,0,88.89
6,Secretaria de Gestão Administrativa e Fazendária,1,Secretaria de Gestão Administrativa e Fazendária,150170000000,Rec. Livres,58.534.435/0001-04,SAFEHIRE SERVICOS DE CONSULTORIA LTDA,13689.00,0,5239.00,251.48,5239.00
6,Secretaria de Gestão Administrativa e Fazendária,1,Secretaria de Gestão Administrativa e Fazendária,150170000000,Rec. Livres,62.917.826/0001-77,A.F DISTRIBUIDORA E COMERCIO LTDA,564.00,0,564.00,0,564.00
6,Secretaria de Gestão Administrativa e Fazendária,1,Secretaria de Gestão Administrativa e Fazendária,150170000000,Rec. Livres,64.893.113/0001-46,64.893.113 EDUARDA MAYARA DEMENECK DE FIGUEIREDO,4900.00,0,4900.00,0,4900.00
6,Secretaria de Gestão Administrativa e Fazendária,1,Secretaria de Gestão Administrativa e Fazendária,150170000000,Rec. Livres,72.114.903/0001-04,EXTIMBRÁS COMÉRCIO DE EXTINTORES LTDA,962.00,0,962.00,0,962.00
6,Secretaria de Gestão Administrativa e Fazendária,1,Secretaria de Gestão Administrativa e Fazendária,150170000000,Rec. Livres,75.786.459/0001-61,IMPRESSORA MAYER LTDA,500.00,450.00,500.00,24.00,500.00
6,Secretaria de Gestão Administrativa e Fazendária,1,Secretaria de Gestão Administrativa e Fazendária,150170000000,Rec. Livres,79.227.963/0014-05,NC COMUNICAÇÕES S/A,3854.60,0,3854.60,185.00,3854.60
6,Secretaria de Gestão Administrativa e Fazendária,1,Secretaria de Gestão Administrativa e Fazendária,150170000000,Rec. Livres,80.495.625/0001-00,CONFEITARIA TORTEN PARADIES LTDA,4337.60,642.96,4337.60,52.04,4337.60
6,Secretaria de Gestão Administrativa e Fazendária,1,Secretaria de Gestão Administrativa e Fazendária,150170000000,Rec. Livres,82.624.776/0001-47,UNIMED BLUMENAU - COOPERATIVA DE TRABALHO MÉDICO,103447.32,51276.15,103447.32,30189.75,103447.32
6,Secretaria de Gestão Administrativa e Fazendária,1,Secretaria de Gestão Administrativa e Fazendária,150170000000,Rec. Livres,86.910.148/0001-89,DIBRAPE - DISTRIBUIDORA BRASILEIRA DE PETRÓLEO LTDA,22721.70,0,3017.10,7.23,3017.10
6,Secretaria de Gestão Administrativa e Fazendária,1,Secretaria de Gestão Administrativa e Fazendária,150170000000,Rec. Livres,95.855.078/0001-02,PANIFICADORA E CONFEITARIA DONA ELLA LTDA,412.00,0,412.00,0,412.00
6,Secretaria de Gestão Administrativa e Fazendária,1,Secretaria de Gestão Administrativa e Fazendária,170870000000,CFEM (Transferência da União Referente à Compensação Financeira de Recursos Minerais ),00.394.460/0001-41,MINISTERIO DA ECONOMIA,11053.21,0,2053.21,0,2053.21
6,Secretaria de Gestão Administrativa e Fazendária,1,Secretaria de Gestão Administrativa e Fazendária,172070000000, Transferências da União Referentes às participações na exploração de Petróleo e Gás Natural destinadas ao FEP - Lei 9.478/1997,00.394.460/0001-41,MINISTERIO DA ECONOMIA,14495.62,0,5495.62,0,5495.62
6,Secretaria de Gestão Administrativa e Fazendária,1,Secretaria de Gestão Administrativa e Fazendária,172070000001,Royalties da ANP (Lei 7.990/89),00.394.460/0001-41,MINISTERIO DA ECONOMIA,128332.40,0,50552.40,0,50552.40
6,Secretaria de Gestão Administrativa e Fazendária,1,Secretaria de Gestão Administrativa e Fazendária,175070000000,CIDE (Rec. da Contrib. de Intervenção no Domínio Econômico ),00.394.460/0001-41,MINISTERIO DA ECONOMIA,1307.13,0,307.13,0,307.13
6,Secretaria de Gestão Administrativa e Fazendária,1,Secretaria de Gestão Administrativa e Fazendária,250070000000,Rec. Livres (Imp. e Transf. Const.),09.283.185/0001-63,TRIBUNAL DE JUSTIÇA DO ESTADO DA PARAIBA,275.77,0,275.77,0,275.77
6,Secretaria de Gestão Administrativa e Fazendária,1,Secretaria de Gestão Administrativa e Fazendária,250070000000,Rec. Livres (Imp. e Transf. Const.),12.075.748/0001-32,CONSÓRCIO INTERFEDERATIVO SANTA CATARINA - CINCATARINA,3326.00,0,0,0,0
6,Secretaria de Gestão Administrativa e Fazendária,1,Secretaria de Gestão Administrativa e Fazendária,250070000000,Rec. Livres (Imp. e Transf. Const.),83.845.701/0001-59,SANTA CATARINA TRIBUNAL DE JUSTICA,127111.19,0,127111.19,0,91601.42
6,Secretaria de Gestão Administrativa e Fazendária,1,Secretaria de Gestão Administrativa e Fazendária,250170000000,Rec. Livres,00.000.000/2472-43,BANCO DO BRASIL SA,160.25,0,10.25,0,10.25
6,Secretaria de Gestão Administrativa e Fazendária,1,Secretaria de Gestão Administrativa e Fazendária,250170000000,Rec. Livres,00.394.460/0001-41,MINISTERIO DA ECONOMIA,705.15,0,705.15,0,705.15
6,Secretaria de Gestão Administrativa e Fazendária,1,Secretaria de Gestão Administrativa e Fazendária,250170000000,Rec. Livres,00.528.262/0001-23,FERRALLY - COMERCIO DE EMBALAGENS LTDA,872.00,0,872.00,0,872.00
6,Secretaria de Gestão Administrativa e Fazendária,1,Secretaria de Gestão Administrativa e Fazendária,250170000000,Rec. Livres,005.293.242-70,QUEILA FURTADO DE SOUZA,960.00,0,240.00,13.20,240.00
6,Secretaria de Gestão Administrativa e Fazendária,1,Secretaria de Gestão Administrativa e Fazendária,250170000000,Rec. Livres,01.258.027/0003-03,IPM SISTEMAS LTDA,52524.56,713.07,13178.68,632.59,13178.68
6,Secretaria de Gestão Administrativa e Fazendária,1,Secretaria de Gestão Administrativa e Fazendária,250170000000,Rec. Livres,013.677.322-20,GABRIEL JOSE BREMGARTNER DA FROTA,88.25,0,88.25,0,88.25
6,Secretaria de Gestão Administrativa e Fazendária,1,Secretaria de Gestão Administrativa e Fazendária,250170000000,Rec. Livres,021.454.239-40,IRACI RIBEIRO REINKE,11483.25,0,11483.25,0,11483.25
6,Secretaria de Gestão Administrativa e Fazendária,1,Secretaria de Gestão Administrativa e Fazendária,250170000000,Rec. Livres,02.351.877/0001-52,LOCAWEB SERVIÇOS DE INTERNET S/A,2174.52,0,2174.52,103.38,2174.52
6,Secretaria de Gestão Administrativa e Fazendária,1,Secretaria de Gestão Administrativa e Fazendária,250170000000,Rec. Livres,026.896.599-48,VIVIEN VANESSA VOLKMANN,40.00,43.80,40.00,0,40.00
6,Secretaria de Gestão Administrativa e Fazendária,1,Secretaria de Gestão Administrativa e Fazendária,250170000000,Rec. Livres,03.277.259/0001-72,GUMZ COMERCIO E INDUSTRIA LTDA,7197.00,0,7197.00,86.36,7197.00
6,Secretaria de Gestão Administrativa e Fazendária,1,Secretaria de Gestão Administrativa e Fazendária,250170000000,Rec. Livres,04.196.645/0001-00,IMPRENSA NACIONAL,1032.24,0,1032.24,0,1032.24
6,Secretaria de Gestão Administrativa e Fazendária,1,Secretaria de Gestão Administrativa e Fazendária,250170000000,Rec. Livres,043.361.659-80,DAYANE TORRES DOS REIS,308.19,166.68,252.32,0,252.32
6,Secretaria de Gestão Administrativa e Fazendária,1,Secretaria de Gestão Administrativa e Fazendária,250170000000,Rec. Livres,04.533.821/0001-44,FUNDO DE APOSENTADORIA E PENSOES,2661738.00,0,742219.00,0,742219.00
6,Secretaria de Gestão Administrativa e Fazendária,1,Secretaria de Gestão Administrativa e Fazendária,250170000000,Rec. Livres,057.937.829-23,LOUISE RELINDES BURDZAKI,251.40,0,251.40,0,251.40
6,Secretaria de Gestão Administrativa e Fazendária,1,Secretaria de Gestão Administrativa e Fazendária,250170000000,Rec. Livres,059.479.774-86,AECIO ANDERSON ALVES SILVA,41.00,42.80,41.00,0,41.00
6,Secretaria de Gestão Administrativa e Fazendária,1,Secretaria de Gestão Administrativa e Fazendária,250170000000,Rec. Livres,061.592.119-19,WILLIAN KREUTZFELD,407.31,337.62,332.82,0,332.82
6,Secretaria de Gestão Administrativa e Fazendária,1,Secretaria de Gestão Administrativa e Fazendária,250170000000,Rec. Livres,072.744.419-06,LEANDRO CORREIA,111.74,0,111.74,0,111.74
6,Secretaria de Gestão Administrativa e Fazendária,1,Secretaria de Gestão Administrativa e Fazendária,250170000000,Rec. Livres,075.434.579-38,DONAIRE BAADE,248.77,142.30,192.90,0,192.90
6,Secretaria de Gestão Administrativa e Fazendária,1,Secretaria de Gestão Administrativa e Fazendária,250170000000,Rec. Livres,075.694.729-42,EDUARDO BAARTZ DE LIMA,0.00,1.00,0.00,0,0.00
6,Secretaria de Gestão Administrativa e Fazendária,1,Secretaria de Gestão Administrativa e Fazendária,250170000000,Rec. Livres,09.391.371/0001-16,GEOMAIS GEOTECNOLOGIA LTDA,1049806.57,0.10,380003.63,18980.00,380003.63
6,Secretaria de Gestão Administrativa e Fazendária,1,Secretaria de Gestão Administrativa e Fazendária,250170000000,Rec. Livres,13.965.228/0001-68,JLM DISTRIBUIDORA BR LTDA,561.00,0,121.00,1.45,121.00
6,Secretaria de Gestão Administrativa e Fazendária,1,Secretaria de Gestão Administrativa e Fazendária,250170000000,Rec. Livres,14.255.257/0001-07,RAFAEL KUHN - ME,466.50,0,466.50,5.60,466.50
6,Secretaria de Gestão Administrativa e Fazendária,1,Secretaria de Gestão Administrativa e Fazendária,250170000000,Rec. Livres,14.284.430/0001-97,"FUNDO DE MATERIAIS, PUBLICAÇÕES E IMPRESSOS OFICIAIS SC",1477.59,0,1477.59,0,1477.59
6,Secretaria de Gestão Administrativa e Fazendária,1,Secretaria de Gestão Administrativa e Fazendária,250170000000,Rec. Livres,18.233.020/0001-78,MARTINES EMPRESARIAL LTDA,569.70,0,0,0,0
6,Secretaria de Gestão Administrativa e Fazendária,1,Secretaria de Gestão Administrativa e Fazendária,250170000000,Rec. Livres,18.404.728/0001-44,CEM POR CENTO CADEIRAS  LTDA - ME,300.00,0,300.00,0,300.00
6,Secretaria de Gestão Administrativa e Fazendária,1,Secretaria de Gestão Administrativa e Fazendária,250170000000,Rec. Livres,18.934.959/0001-60,LUMENS ASSESSORIA E CONSULTORIA ATUARIAL LTDA,11750.00,0,0,0,0
6,Secretaria de Gestão Administrativa e Fazendária,1,Secretaria de Gestão Administrativa e Fazendária,250170000000,Rec. Livres,21.597.324/0001-29,POMERANOS LOJA DE VARIEDADES LTDA,59.99,0,0,0,0
6,Secretaria de Gestão Administrativa e Fazendária,1,Secretaria de Gestão Administrativa e Fazendária,250170000000,Rec. Livres,22.637.568/0001-50,RDC PRESTADORA DE SERVICOS LTDA,1652.40,0,1652.40,181.76,1652.40
6,Secretaria de Gestão Administrativa e Fazendária,1,Secretaria de Gestão Administrativa e Fazendária,250170000000,Rec. Livres,250.028.378-08,HONORIO DOS SANTOS JUNIOR,167.60,0,167.60,0,0
6,Secretaria de Gestão Administrativa e Fazendária,1,Secretaria de Gestão Administrativa e Fazendária,250170000000,Rec. Livres,28.474.582/0001-67,IGAM SC CURSOS E CONSULTORIA LTDA,26270.00,0,4470.00,214.56,214.56
6,Secretaria de Gestão Administrativa e Fazendária,1,Secretaria de Gestão Administrativa e Fazendária,250170000000,Rec. Livres,29.979.036/0001-40,INSS- INSTITUTO NACIONAL DO SEGURO SOCIAL,282.00,0,282.00,0,240.00
6,Secretaria de Gestão Administrativa e Fazendária,1,Secretaria de Gestão Administrativa e Fazendária,250170000000,Rec. Livres,310.923.739-34,EGON BENDLIN,210.00,0,210.00,23.10,23.10
6,Secretaria de Gestão Administrativa e Fazendária,1,Secretaria de Gestão Administrativa e Fazendária,250170000000,Rec. Livres,33.393.798/0002-19,PAULO ROBERTO DOS SANTOS LTDA,462.50,0,462.50,0,462.50
6,Secretaria de Gestão Administrativa e Fazendária,1,Secretaria de Gestão Administrativa e Fazendária,250170000000,Rec. Livres,35.613.151/0001-08,ECOWSOLAR ENERGIAS SUSTENTAVEIS LTDA,807.00,0,0,0,0
6,Secretaria de Gestão Administrativa e Fazendária,1,Secretaria de Gestão Administrativa e Fazendária,250170000000,Rec. Livres,35.944.400/0001-30,ROTTA DO REPARO MATERIAIS DE CONSTRUÇÃO LTDA,842.80,0,0,0,0
6,Secretaria de Gestão Administrativa e Fazendária,1,Secretaria de Gestão Administrativa e Fazendária,250170000000,Rec. Livres,36.225.268/0001-79,INSTALAR INSTALAÇÃO E MANUTENÇÃO LTDA,469.59,0,469.59,0,469.59
6,Secretaria de Gestão Administrativa e Fazendária,1,Secretaria de Gestão Administrativa e Fazendária,250170000000,Rec. Livres,37.143.430/0001-72,TSI CENTRO AUTOMOTIVO LTDA,395.64,0,395.64,0,350.32
6,Secretaria de Gestão Administrativa e Fazendária,1,Secretaria de Gestão Administrativa e Fazendária,250170000000,Rec. Livres,37.777.734/0001-91,37.777.734 SANDRO JOSE NUNES,220.00,0,220.00,0,0
6,Secretaria de Gestão Administrativa e Fazendária,1,Secretaria de Gestão Administrativa e Fazendária,250170000000,Rec. Livres,39.649.812/0001-06,MC COMÉRCIO DE ALIMENTOS E TRANSPORTES LTDA,1206.00,0,1206.00,14.47,1206.00
6,Secretaria de Gestão Administrativa e Fazendária,1,Secretaria de Gestão Administrativa e Fazendária,250170000000,Rec. Livres,42.785.776/0001-04,ALLY COMERCIO DE PRODUTOS E EQUIPAMENTOS LTDA,715.00,0,0,0,0
6,Secretaria de Gestão Administrativa e Fazendária,1,Secretaria de Gestão Administrativa e Fazendária,250170000000,Rec. Livres,44.649.812/0001-38,NOTRE DAME INTERMÉDICA SAÚDE S.A.,77209.22,12713.68,71434.84,6096.10,47074.50
6,Secretaria de Gestão Administrativa e Fazendária,1,Secretaria de Gestão Administrativa e Fazendária,250170000000,Rec. Livres,45.747.626/0001-02,OTHALA COMERCIO LTDA,287.00,0,287.00,3.44,3.44
6,Secretaria de Gestão Administrativa e Fazendária,1,Secretaria de Gestão Administrativa e Fazendária,250170000000,Rec. Livres,460.996.039-72,MARIA ANGELICA FAGGIANI,0.00,121.05,0,0,0
6,Secretaria de Gestão Administrativa e Fazendária,1,Secretaria de Gestão Administrativa e Fazendária,250170000000,Rec. Livres,47.799.315/0001-04,ELAINE CRISTINA R C DE RESENDE SERVIÇOS DE ENGENHARIA LTDA,3150.00,0,630.00,21.48,630.00
6,Secretaria de Gestão Administrativa e Fazendária,1,Secretaria de Gestão Administrativa e Fazendária,250170000000,Rec. Livres,47.854.932/0001-65,DIEGO LOPES NEGÓCIOS IMOBILIÁRIOS LTDA,889.59,0,0,0,0
6,Secretaria de Gestão Administrativa e Fazendária,1,Secretaria de Gestão Administrativa e Fazendária,250170000000,Rec. Livres,50.675.079/0001-29,POMERWASSER AMBIENTAL S.P.E. S.A.,7000.00,0,0,0,0
6,Secretaria de Gestão Administrativa e Fazendária,1,Secretaria de Gestão Administrativa e Fazendária,250170000000,Rec. Livres,53.121.054/0001-71,LOPES LIMPEZA LTDA,924.96,0,924.96,0,924.96
6,Secretaria de Gestão Administrativa e Fazendária,1,Secretaria de Gestão Administrativa e Fazendária,250170000000,Rec. Livres,533.688.869-91,URSULA DALLABONA DUWE,1323.09,0,1323.09,0,1323.09
6,Secretaria de Gestão Administrativa e Fazendária,1,Secretaria de Gestão Administrativa e Fazendária,250170000000,Rec. Livres,568.857.410-00,FLAVIO BATISTA DE OLIVEIRA,375.93,182.74,320.06,0,320.06
6,Secretaria de Gestão Administrativa e Fazendária,1,Secretaria de Gestão Administrativa e Fazendária,250170000000,Rec. Livres,588.517.989-15,TANIA MARA GRUETZMACHER DOEGE,5884.28,0,5884.28,0,0
6,Secretaria de Gestão Administrativa e Fazendária,1,Secretaria de Gestão Administrativa e Fazendária,250170000000,Rec. Livres,724.217.209-82,CLAUDIA PRISCILLA KAHL HEGENBERG,31015.21,0,31015.21,0,0
6,Secretaria de Gestão Administrativa e Fazendária,1,Secretaria de Gestão Administrativa e Fazendária,250170000000,Rec. Livres,781.324.529-68,ROSEMERI PACKER DE ARAUJO,5741.62,0,5741.62,0,5741.62
6,Secretaria de Gestão Administrativa e Fazendária,1,Secretaria de Gestão Administrativa e Fazendária,250170000000,Rec. Livres,82.624.776/0001-47,UNIMED BLUMENAU - COOPERATIVA DE TRABALHO MÉDICO,139002.90,29464.27,139002.90,21493.64,90922.41
6,Secretaria de Gestão Administrativa e Fazendária,1,Secretaria de Gestão Administrativa e Fazendária,250170000000,Rec. Livres,82.895.970/0001-67,FEDERACAO DAS CAMARAS DE DIRIGENTES LOJISTAS DE SC,320.00,0,320.00,15.36,320.00
6,Secretaria de Gestão Administrativa e Fazendária,1,Secretaria de Gestão Administrativa e Fazendária,250170000000,Rec. Livres,82.951.310/0001-56,SECRETARIA DE ESTADO DA FAZENDA,448.11,0,0,0,0
6,Secretaria de Gestão Administrativa e Fazendária,1,Secretaria de Gestão Administrativa e Fazendária,250170000000,Rec. Livres,833.256.389-53,LORI RAHN,87.87,0,87.87,0,87.87
6,Secretaria de Gestão Administrativa e Fazendária,1,Secretaria de Gestão Administrativa e Fazendária,250170000000,Rec. Livres,83.566.299/0001-73,FUNDAÇÃO DE ESTUDOS E PESQUISAS SOCIOECONÔMICAS - FEPESE,599.80,0,599.80,0,599.80
6,Secretaria de Gestão Administrativa e Fazendária,1,Secretaria de Gestão Administrativa e Fazendária,250170000000,Rec. Livres,863.456.056-20,MARISA CALISSI,14914.18,0,14914.18,0,0
6,Secretaria de Gestão Administrativa e Fazendária,1,Secretaria de Gestão Administrativa e Fazendária,250170000000,Rec. Livres,905.001.569-72,ROVENA EISCHTAEDT,5741.63,0,5741.63,0,5741.63
6,Secretaria de Gestão Administrativa e Fazendária,1,Secretaria de Gestão Administrativa e Fazendária,250170000000,Rec. Livres,936.468.289-00,ANA PAULA MANFRINI,516.93,818.29,516.93,0,516.93
6,Secretaria de Gestão Administrativa e Fazendária,1,Secretaria de Gestão Administrativa e Fazendária,250170000000,Rec. Livres,95.822.136/0001-93,3A MATERIAIS DE CONSTRUÇÃO LTDA,301.00,0,301.00,0,0
6,Secretaria de Gestão Administrativa e Fazendária,1,Secretaria de Gestão Administrativa e Fazendária,250170000001, Rec. Livres (Concessão SAMAE),00.360.305/1880-73,CAIXA ECONOMICA FEDERAL,1499.00,0,499.00,0,499.00
6,Secretaria de Gestão Administrativa e Fazendária,1,Secretaria de Gestão Administrativa e Fazendária,250170000001, Rec. Livres (Concessão SAMAE),067.152.349-06,JACKSON ENGEL,5264.25,0,5264.25,0,5264.25
6,Secretaria de Gestão Administrativa e Fazendária,1,Secretaria de Gestão Administrativa e Fazendária,250170000001, Rec. Livres (Concessão SAMAE),10.749.284/0001-77,EZCUZÊ AGÊNCIA DE PUBLICIDADE E PROPAGANDA LTDA,2119.98,0,1557.86,74.81,716.92
6,Secretaria de Gestão Administrativa e Fazendária,1,Secretaria de Gestão Administrativa e Fazendária,250170000001, Rec. Livres (Concessão SAMAE),14.284.430/0001-97,"FUNDO DE MATERIAIS, PUBLICAÇÕES E IMPRESSOS OFICIAIS SC",1001.07,0,1001.07,0,1001.07
6,Secretaria de Gestão Administrativa e Fazendária,1,Secretaria de Gestão Administrativa e Fazendária,250170000001, Rec. Livres (Concessão SAMAE),18.404.728/0001-44,CEM POR CENTO CADEIRAS  LTDA - ME,70.00,0,70.00,0,0
6,Secretaria de Gestão Administrativa e Fazendária,1,Secretaria de Gestão Administrativa e Fazendária,250170000001, Rec. Livres (Concessão SAMAE),18.780.623/0001-90,NOAR TURISMO LTDA,2033.91,0,2033.91,0,2033.91
6,Secretaria de Gestão Administrativa e Fazendária,1,Secretaria de Gestão Administrativa e Fazendária,250170000001, Rec. Livres (Concessão SAMAE),28.474.582/0001-67,IGAM SC CURSOS E CONSULTORIA LTDA,23400.00,0,5850.00,280.80,5850.00
6,Secretaria de Gestão Administrativa e Fazendária,1,Secretaria de Gestão Administrativa e Fazendária,250170000001, Rec. Livres (Concessão SAMAE),38.315.947/0001-64,CK RASTREAMENTO VEICULAR LTDA,4669.00,0,761.25,0,761.25
6,Secretaria de Gestão Administrativa e Fazendária,1,Secretaria de Gestão Administrativa e Fazendária,250170000001, Rec. Livres (Concessão SAMAE),44.649.812/0001-38,NOTRE DAME INTERMÉDICA SAÚDE S.A.,2004.43,0,2004.43,138.92,2004.43
6,Secretaria de Gestão Administrativa e Fazendária,1,Secretaria de Gestão Administrativa e Fazendária,250170000001, Rec. Livres (Concessão SAMAE),45.290.045/0001-86,"INSTITUTO DE ESTUDOS, PESQUISA E PROJETOS - INSTITUTO FUCAP",81240.00,0,81240.00,0,81240.00
6,Secretaria de Gestão Administrativa e Fazendária,1,Secretaria de Gestão Administrativa e Fazendária,250170000001, Rec. Livres (Concessão SAMAE),46.042.373/0001-26,SIMON SERVIÇOS ADMINISTRATIVOS LTDA,61746.63,0,11226.66,0,11226.66
6,Secretaria de Gestão Administrativa e Fazendária,1,Secretaria de Gestão Administrativa e Fazendária,250170000001, Rec. Livres (Concessão SAMAE),47.799.315/0001-04,ELAINE CRISTINA R C DE RESENDE SERVIÇOS DE ENGENHARIA LTDA,1050.00,0,0,0,0
6,Secretaria de Gestão Administrativa e Fazendária,1,Secretaria de Gestão Administrativa e Fazendária,250170000001, Rec. Livres (Concessão SAMAE),586.383.189-87,CARMELITA VOLKMANN KANIS,1594.00,0,1594.00,0,1594.00
6,Secretaria de Gestão Administrativa e Fazendária,1,Secretaria de Gestão Administrativa e Fazendária,250170000001, Rec. Livres (Concessão SAMAE),79.227.963/0014-05,NC COMUNICAÇÕES S/A,1541.84,0,1541.84,74.00,1541.84
6,Secretaria de Gestão Administrativa e Fazendária,1,Secretaria de Gestão Administrativa e Fazendária,250170000001, Rec. Livres (Concessão SAMAE),81.340.762/0001-39,FARMALAN COMERCIO DE PRODUTOS FARMACEUTICOS LTDA,279.80,0,279.80,3.35,279.80
6,Secretaria de Gestão Administrativa e Fazendária,1,Secretaria de Gestão Administrativa e Fazendária,250170000001, Rec. Livres (Concessão SAMAE),82.624.776/0001-47,UNIMED BLUMENAU - COOPERATIVA DE TRABALHO MÉDICO,969.13,0,969.13,0,969.13
6,Secretaria de Gestão Administrativa e Fazendária,1,Secretaria de Gestão Administrativa e Fazendária,275970000002,Fundo PROGEM: 35% (LC 548/2024),05.427.319/0001-11,JUSTICA FEDERAL DE PRIMEIRO GRAU EM SANTA CATARINA,1746.36,0,1746.36,0,1746.36
6,Secretaria de Gestão Administrativa e Fazendária,1,Secretaria de Gestão Administrativa e Fazendária,275970000002,Fundo PROGEM: 35% (LC 548/2024),83.845.701/0001-59,SANTA CATARINA TRIBUNAL DE JUSTICA,69079.59,0,69079.59,0,69079.59
6,Secretaria de Gestão Administrativa e Fazendária,2,Fundo de Reequipamento do Corpo de Bombeiros Militar - FUNREBOM,175970000008,FUNREBOM: LC Nº 370/2019 - Corpo de Bombeiros Voluntários (60%),00.000.000/2472-43,BANCO DO BRASIL SA,208.80,0,8.80,0,8.80
6,Secretaria de Gestão Administrativa e Fazendária,2,Fundo de Reequipamento do Corpo de Bombeiros Militar - FUNREBOM,175970000008,FUNREBOM: LC Nº 370/2019 - Corpo de Bombeiros Voluntários (60%),00.360.305/1880-73,CAIXA ECONOMICA FEDERAL,889.98,1.46,391.44,0,391.44
6,Secretaria de Gestão Administrativa e Fazendária,2,Fundo de Reequipamento do Corpo de Bombeiros Militar - FUNREBOM,175970000008,FUNREBOM: LC Nº 370/2019 - Corpo de Bombeiros Voluntários (60%),02.255.187/0001-08,UNIFIQUE TELECOMUNICAÇÕES S/A,965.60,4345.20,965.60,46.34,965.60
6,Secretaria de Gestão Administrativa e Fazendária,2,Fundo de Reequipamento do Corpo de Bombeiros Militar - FUNREBOM,175970000008,FUNREBOM: LC Nº 370/2019 - Corpo de Bombeiros Voluntários (60%),36.225.268/0001-79,INSTALAR INSTALAÇÃO E MANUTENÇÃO LTDA,2963.94,0,2963.94,0,2963.94
6,Secretaria de Gestão Administrativa e Fazendária,2,Fundo de Reequipamento do Corpo de Bombeiros Militar - FUNREBOM,175970000008,FUNREBOM: LC Nº 370/2019 - Corpo de Bombeiros Voluntários (60%),80.495.625/0001-00,CONFEITARIA TORTEN PARADIES LTDA,480.86,0,480.86,5.77,480.86
6,Secretaria de Gestão Administrativa e Fazendária,2,Fundo de Reequipamento do Corpo de Bombeiros Militar - FUNREBOM,175970000008,FUNREBOM: LC Nº 370/2019 - Corpo de Bombeiros Voluntários (60%),82.951.310/0001-56,SECRETARIA DE ESTADO DA FAZENDA,149.37,0,149.37,0,149.37
6,Secretaria de Gestão Administrativa e Fazendária,2,Fundo de Reequipamento do Corpo de Bombeiros Militar - FUNREBOM,175970000008,FUNREBOM: LC Nº 370/2019 - Corpo de Bombeiros Voluntários (60%),95.855.078/0001-02,PANIFICADORA E CONFEITARIA DONA ELLA LTDA,122.49,0.02,122.49,0,122.49
6,Secretaria de Gestão Administrativa e Fazendária,2,Fundo de Reequipamento do Corpo de Bombeiros Militar - FUNREBOM,175970000009,FUNREBOM: LC Nº 370/2019 - FUNREBOM (40%),00.000.000/2472-43,BANCO DO BRASIL SA,0.00,100.00,0,0,0
6,Secretaria de Gestão Administrativa e Fazendária,2,Fundo de Reequipamento do Corpo de Bombeiros Militar - FUNREBOM,175970000009,FUNREBOM: LC Nº 370/2019 - FUNREBOM (40%),00.360.305/1880-73,CAIXA ECONOMICA FEDERAL,692.02,2.84,294.86,0,294.86
6,Secretaria de Gestão Administrativa e Fazendária,2,Fundo de Reequipamento do Corpo de Bombeiros Militar - FUNREBOM,175970000009,FUNREBOM: LC Nº 370/2019 - FUNREBOM (40%),02.255.187/0001-08,UNIFIQUE TELECOMUNICAÇÕES S/A,4828.00,0,1931.20,92.68,1931.20
6,Secretaria de Gestão Administrativa e Fazendária,2,Fundo de Reequipamento do Corpo de Bombeiros Militar - FUNREBOM,175970000009,FUNREBOM: LC Nº 370/2019 - FUNREBOM (40%),03.277.259/0001-72,GUMZ COMERCIO E INDUSTRIA LTDA,431.72,0.04,71.92,0.86,71.92
6,Secretaria de Gestão Administrativa e Fazendária,2,Fundo de Reequipamento do Corpo de Bombeiros Militar - FUNREBOM,175970000009,FUNREBOM: LC Nº 370/2019 - FUNREBOM (40%),07.918.422/0001-90,"911 EMERGENCIA, COMERCIO, REPRESENTACOES E MANUTENCAO DE EQUIPAMENTOS DE SEGURANCA LTDA",57750.00,0,57750.00,0,57750.00
6,Secretaria de Gestão Administrativa e Fazendária,2,Fundo de Reequipamento do Corpo de Bombeiros Militar - FUNREBOM,175970000009,FUNREBOM: LC Nº 370/2019 - FUNREBOM (40%),11.514.654/0001-50,TRAÇÃO TOTAL COMERCIO DE AUTO PEÇAS LTDA,5200.00,0,5200.00,0,5200.00
6,Secretaria de Gestão Administrativa e Fazendária,2,Fundo de Reequipamento do Corpo de Bombeiros Militar - FUNREBOM,175970000009,FUNREBOM: LC Nº 370/2019 - FUNREBOM (40%),21.831.246/0001-85,TECH-SUL MEDICAL INDÚSTRIA E COMÉRCIO LTDA,1600.00,0,1600.00,0,1600.00
6,Secretaria de Gestão Administrativa e Fazendária,2,Fundo de Reequipamento do Corpo de Bombeiros Militar - FUNREBOM,175970000009,FUNREBOM: LC Nº 370/2019 - FUNREBOM (40%),37.143.430/0001-72,TSI CENTRO AUTOMOTIVO LTDA,774.16,0,774.16,0,774.16
6,Secretaria de Gestão Administrativa e Fazendária,2,Fundo de Reequipamento do Corpo de Bombeiros Militar - FUNREBOM,175970000009,FUNREBOM: LC Nº 370/2019 - FUNREBOM (40%),50.974.600/0001-29,GRAFTIM COMUNICAçAO VISUAL,8476.00,0,8476.00,0,8476.00
6,Secretaria de Gestão Administrativa e Fazendária,2,Fundo de Reequipamento do Corpo de Bombeiros Militar - FUNREBOM,175970000009,FUNREBOM: LC Nº 370/2019 - FUNREBOM (40%),80.495.625/0001-00,CONFEITARIA TORTEN PARADIES LTDA,490.72,0,490.72,5.88,490.72
6,Secretaria de Gestão Administrativa e Fazendária,2,Fundo de Reequipamento do Corpo de Bombeiros Militar - FUNREBOM,175970000009,FUNREBOM: LC Nº 370/2019 - FUNREBOM (40%),86.910.148/0001-89,DIBRAPE - DISTRIBUIDORA BRASILEIRA DE PETRÓLEO LTDA,16941.10,667.50,7442.60,17.83,7442.60
6,Secretaria de Gestão Administrativa e Fazendária,2,Fundo de Reequipamento do Corpo de Bombeiros Militar - FUNREBOM,275970000009,FUNREBOM: LC Nº 370/2019 - FUNREBOM (40%),14.186.135/0001-06,FUNDO DE MELHORIA DO CORPO DE BOMBEIROS MILITAR,707217.00,0,707217.00,0,707217.00
6,Secretaria de Gestão Administrativa e Fazendária,3,Tecnologia da Informação e Comunicação,150070000000,Rec. Livres (Imp. e Transf. Const.),01.258.027/0003-03,IPM SISTEMAS LTDA,45648.31,18552.24,37493.64,1799.70,37493.64
6,Secretaria de Gestão Administrativa e Fazendária,3,Tecnologia da Informação e Comunicação,150070000000,Rec. Livres (Imp. e Transf. Const.),05.047.599/0001-32,FENIX INFORMATICA E TELEFONIA LTDA,24968.00,0,24968.00,0,24968.00
6,Secretaria de Gestão Administrativa e Fazendária,3,Tecnologia da Informação e Comunicação,150070000000,Rec. Livres (Imp. e Transf. Const.),07.448.130/0001-30,SELL MADEIRAS E GUINDASTES LTDA,1286.00,0,0,0,0
6,Secretaria de Gestão Administrativa e Fazendária,3,Tecnologia da Informação e Comunicação,150070000000,Rec. Livres (Imp. e Transf. Const.),07.953.689/0001-18,FAGUNDEZ DISTRIBUICAO LTDA,3480.00,0,3480.00,41.76,3480.00
6,Secretaria de Gestão Administrativa e Fazendária,3,Tecnologia da Informação e Comunicação,150070000000,Rec. Livres (Imp. e Transf. Const.),08.336.783/0001-90,CELESC DISTRIBUICAO S.A,12134.46,0,3634.46,43.63,3634.46
6,Secretaria de Gestão Administrativa e Fazendária,3,Tecnologia da Informação e Comunicação,150070000000,Rec. Livres (Imp. e Transf. Const.),10.402.061/0001-39,IRD PRODUTOS DE INFORMATICA LTDA,12698.50,0,12698.50,0,12698.50
6,Secretaria de Gestão Administrativa e Fazendária,3,Tecnologia da Informação e Comunicação,150070000000,Rec. Livres (Imp. e Transf. Const.),10.592.584/0002-76,CONTROLE SERVIÇOS E COMERCIO DE INFORMATICA LTDA,2165.73,0,2165.73,25.98,2165.73
6,Secretaria de Gestão Administrativa e Fazendária,3,Tecnologia da Informação e Comunicação,150070000000,Rec. Livres (Imp. e Transf. Const.),11.118.645/0001-40,SPOTECH INFORMÁTICA CORAL LTDA,14195.90,0,5210.18,62.52,5210.18
6,Secretaria de Gestão Administrativa e Fazendária,3,Tecnologia da Informação e Comunicação,150070000000,Rec. Livres (Imp. e Transf. Const.),18.177.266/0001-70,CONECTA.COM TELECOMUNICAÇÕES E INFORMÁTICA LTDA,206852.98,0,194012.98,0,194012.98
6,Secretaria de Gestão Administrativa e Fazendária,3,Tecnologia da Informação e Comunicação,150070000000,Rec. Livres (Imp. e Transf. Const.),21.748.841/0001-51,TECNETWORKING SERVICOS E SOLUCOES EM TI LTDA,62500.00,62500.00,0,0,0
6,Secretaria de Gestão Administrativa e Fazendária,3,Tecnologia da Informação e Comunicação,150070000000,Rec. Livres (Imp. e Transf. Const.),21.873.370/0001-03,PERFORM TECNOLOGIA LTDA,16876.74,0,16876.74,202.52,16876.74
6,Secretaria de Gestão Administrativa e Fazendária,3,Tecnologia da Informação e Comunicação,150070000000,Rec. Livres (Imp. e Transf. Const.),22.816.315/0001-44,INCOTECH COMPANY LTDA,1000.00,0,1000.00,0,1000.00
6,Secretaria de Gestão Administrativa e Fazendária,3,Tecnologia da Informação e Comunicação,150070000000,Rec. Livres (Imp. e Transf. Const.),26.044.069/0001-00,SOMA ATACADO LTDA,5290.00,0,5290.00,63.48,5290.00
6,Secretaria de Gestão Administrativa e Fazendária,3,Tecnologia da Informação e Comunicação,150070000000,Rec. Livres (Imp. e Transf. Const.),27.192.258/0001-93,C. C. GALLO SEGURANÇA ELETRÔNICA,2000.00,0,2000.00,0,2000.00
6,Secretaria de Gestão Administrativa e Fazendária,3,Tecnologia da Informação e Comunicação,150070000000,Rec. Livres (Imp. e Transf. Const.),28.909.725/0001-16,RADIO COSTEIRA NACIONAL LTDA,6216.00,0,6216.00,0,6216.00
6,Secretaria de Gestão Administrativa e Fazendária,3,Tecnologia da Informação e Comunicação,150070000000,Rec. Livres (Imp. e Transf. Const.),31.322.368/0001-08,R.S. VAREJO LTDA,1539.46,0,1539.46,18.48,1539.46
6,Secretaria de Gestão Administrativa e Fazendária,3,Tecnologia da Informação e Comunicação,150070000000,Rec. Livres (Imp. e Transf. Const.),31.495.962/0002-73,B2W INFORMATICA LTDA,10370.24,0,10370.24,124.44,10370.24
6,Secretaria de Gestão Administrativa e Fazendária,3,Tecnologia da Informação e Comunicação,150070000000,Rec. Livres (Imp. e Transf. Const.),31.851.052/0001-03,EDER BASTOS & CIA LTDA,25200.70,0,379.04,0,379.04
6,Secretaria de Gestão Administrativa e Fazendária,3,Tecnologia da Informação e Comunicação,150070000000,Rec. Livres (Imp. e Transf. Const.),34.180.582/0001-57,SUPREMA MOVEIS E INFORMATICA LTDA,598.50,0,598.50,0,598.50
6,Secretaria de Gestão Administrativa e Fazendária,3,Tecnologia da Informação e Comunicação,150070000000,Rec. Livres (Imp. e Transf. Const.),36.469.275/0001-16,SO BATERIAS - COMERCIO DE BATERIAS LTDA,1380.00,0,1380.00,0,1380.00
6,Secretaria de Gestão Administrativa e Fazendária,3,Tecnologia da Informação e Comunicação,150070000000,Rec. Livres (Imp. e Transf. Const.),41.786.083/0001-73,NOVI GAMING COMERCIO DE PRODUTOS PARA INFORMÁTICA LTDA,574.95,0,574.95,0,574.95
6,Secretaria de Gestão Administrativa e Fazendária,3,Tecnologia da Informação e Comunicação,150070000000,Rec. Livres (Imp. e Transf. Const.),43.877.098/0001-72,CRIATIVA PAPELARIA E ARMARINHOS LTDA,1159.00,0,1159.00,13.90,892.24
6,Secretaria de Gestão Administrativa e Fazendária,3,Tecnologia da Informação e Comunicação,150070000000,Rec. Livres (Imp. e Transf. Const.),44.189.336/0001-10,L2 TECNOLOGIA LTDA,10649.66,0,0,0,0
6,Secretaria de Gestão Administrativa e Fazendária,3,Tecnologia da Informação e Comunicação,150070000000,Rec. Livres (Imp. e Transf. Const.),44.562.943/0002-64,RML PRODUTOS IMPORTADOS LTDA,184.00,0,0,0,0
6,Secretaria de Gestão Administrativa e Fazendária,3,Tecnologia da Informação e Comunicação,150070000000,Rec. Livres (Imp. e Transf. Const.),45.908.107/0001-70,AI.BRAZIL TECHNOLOGIES & DATACENTER LTDA,87274.05,0,12403.10,297.67,12403.10
6,Secretaria de Gestão Administrativa e Fazendária,3,Tecnologia da Informação e Comunicação,150070000000,Rec. Livres (Imp. e Transf. Const.),46.158.347/0001-68,SUPRITECH TECNOLOGIA LTDA,16975.00,0,0,0,0
6,Secretaria de Gestão Administrativa e Fazendária,3,Tecnologia da Informação e Comunicação,150070000000,Rec. Livres (Imp. e Transf. Const.),50.158.941/0001-26,LP TECNOLOGIA LTDA,14380.00,0,0,0,0
6,Secretaria de Gestão Administrativa e Fazendária,3,Tecnologia da Informação e Comunicação,150070000000,Rec. Livres (Imp. e Transf. Const.),50.958.011/0001-57,LICITA SHOP COMERCIO E SERVICOS LTDA,5836.15,0,2336.15,0,2336.15
6,Secretaria de Gestão Administrativa e Fazendária,3,Tecnologia da Informação e Comunicação,150070000000,Rec. Livres (Imp. e Transf. Const.),54.860.605/0001-81,LUCAS RICARDO MANIERI DE ALMEIDA LTDA,42450.00,0,0,0,0
6,Secretaria de Gestão Administrativa e Fazendária,3,Tecnologia da Informação e Comunicação,150070000000,Rec. Livres (Imp. e Transf. Const.),81.243.735/0009-03,POSITIVO TECNOLOGIA S.A.,137400.00,137400.00,137400.00,1648.80,137400.00
6,Secretaria de Gestão Administrativa e Fazendária,3,Tecnologia da Informação e Comunicação,150070000000,Rec. Livres (Imp. e Transf. Const.),83.845.818/0001-32,BLUPEL COMÉRCIO DE COMPONENTES ELETRÔNICOS LTDA,1044.00,0,1044.00,12.52,12.52
6,Secretaria de Gestão Administrativa e Fazendária,3,Tecnologia da Informação e Comunicação,150070000000,Rec. Livres (Imp. e Transf. Const.),95.822.136/0001-93,3A MATERIAIS DE CONSTRUÇÃO LTDA,1195.68,0,0,0,0
7,Secretaria de Educação e Formação Empreendedora,1,Educação Infantil,150010010000, Rec. Livres (Imp. e Transf. Const.): MDE 25%,00.456.865/0001-67,BETHA SISTEMAS LTDA,60311.48,0,45233.61,2171.22,45233.61
7,Secretaria de Educação e Formação Empreendedora,1,Educação Infantil,150010010000, Rec. Livres (Imp. e Transf. Const.): MDE 25%,00.752.862/0001-70,METALÚRGICA MASKE LTDA,250.00,0,250.00,0,250.00
7,Secretaria de Educação e Formação Empreendedora,1,Educação Infantil,150010010000, Rec. Livres (Imp. e Transf. Const.): MDE 25%,00.792.866/0001-82,HIBISCUS ORNAMENTAÇÕES LTDA,53.60,0,53.60,0,53.60
7,Secretaria de Educação e Formação Empreendedora,1,Educação Infantil,150010010000, Rec. Livres (Imp. e Transf. Const.): MDE 25%,016.369.321-85,MARLENE MORAIS SILVANO,6810.09,0,6810.09,893.93,6810.09
7,Secretaria de Educação e Formação Empreendedora,1,Educação Infantil,150010010000, Rec. Livres (Imp. e Transf. Const.): MDE 25%,02.048.610/0002-71,COMERCIAL HERZOG LTDA,430.67,0,430.67,0,430.67
7,Secretaria de Educação e Formação Empreendedora,1,Educação Infantil,150010010000, Rec. Livres (Imp. e Transf. Const.): MDE 25%,02.255.187/0001-08,UNIFIQUE TELECOMUNICAÇÕES S/A,85133.58,1233.82,40716.06,1954.38,40716.06
7,Secretaria de Educação e Formação Empreendedora,1,Educação Infantil,150010010000, Rec. Livres (Imp. e Transf. Const.): MDE 25%,03.774.688/0029-56,SERVIÇO NACIONAL DE APRENDIZAGEM INDUSTRIAL,5706.62,0,0,0,0
7,Secretaria de Educação e Formação Empreendedora,1,Educação Infantil,150010010000, Rec. Livres (Imp. e Transf. Const.): MDE 25%,03.868.731/0001-41,DISK GRAMA COMERCIAL LTDA,11019.00,0,9247.00,0,9247.00
7,Secretaria de Educação e Formação Empreendedora,1,Educação Infantil,150010010000, Rec. Livres (Imp. e Transf. Const.): MDE 25%,03.999.762/0001-31,ELMO PAPELARIA EIRELI,854.00,0,0,0,0
7,Secretaria de Educação e Formação Empreendedora,1,Educação Infantil,150010010000, Rec. Livres (Imp. e Transf. Const.): MDE 25%,04.310.364/0001-29,EMBRAST INDUSTRIA E COMERCIO,4948.77,1.23,4948.77,59.39,4948.77
7,Secretaria de Educação e Formação Empreendedora,1,Educação Infantil,150010010000, Rec. Livres (Imp. e Transf. Const.): MDE 25%,04.533.821/0001-44,FUNDO DE APOSENTADORIA E PENSOES,820461.57,0,820461.57,0,781429.20
7,Secretaria de Educação e Formação Empreendedora,1,Educação Infantil,150010010000, Rec. Livres (Imp. e Transf. Const.): MDE 25%,04.586.694/0001-41,INFOTRIZ COMERCIAL EIRELI,492.48,0,0,0,0
7,Secretaria de Educação e Formação Empreendedora,1,Educação Infantil,150010010000, Rec. Livres (Imp. e Transf. Const.): MDE 25%,04.724.655/0001-63,COPY LINE COMÉRCIO E SERVIÇOS LTDA,25920.00,0,8640.00,69.12,8640.00
7,Secretaria de Educação e Formação Empreendedora,1,Educação Infantil,150010010000, Rec. Livres (Imp. e Transf. Const.): MDE 25%,048.535.009-28,PRISCILA DE OLIVEIRA SOUZA WEBER,11288.48,0,11288.48,518.40,11288.48
7,Secretaria de Educação e Formação Empreendedora,1,Educação Infantil,150010010000, Rec. Livres (Imp. e Transf. Const.): MDE 25%,05.035.000/0001-40,REGA - MATERIAIS DE CONSTRUÇÃO LTDA,1304.00,0,1304.00,0,1304.00
7,Secretaria de Educação e Formação Empreendedora,1,Educação Infantil,150010010000, Rec. Livres (Imp. e Transf. Const.): MDE 25%,05.117.514/0001-45,INSTALART MATERIAIS ELETRICOS LTDA,101.52,0,101.52,0,101.52
7,Secretaria de Educação e Formação Empreendedora,1,Educação Infantil,150010010000, Rec. Livres (Imp. e Transf. Const.): MDE 25%,056.301.499-70,LUANA JESSYCA SPENAZZATTO,2477.14,0,2477.14,69.15,2477.14
7,Secretaria de Educação e Formação Empreendedora,1,Educação Infantil,150010010000, Rec. Livres (Imp. e Transf. Const.): MDE 25%,059.479.774-86,AECIO ANDERSON ALVES SILVA,7803.33,0,7803.33,173.02,7803.33
7,Secretaria de Educação e Formação Empreendedora,1,Educação Infantil,150010010000, Rec. Livres (Imp. e Transf. Const.): MDE 25%,059.557.909-42,KATLEN DENISE RADUENZ,2222.40,0,2222.40,66.33,2222.40
7,Secretaria de Educação e Formação Empreendedora,1,Educação Infantil,150010010000, Rec. Livres (Imp. e Transf. Const.): MDE 25%,062.207.639-63,STHEFANY YASMINE MIRANDA,1048.65,0,1048.65,47.31,1048.65
7,Secretaria de Educação e Formação Empreendedora,1,Educação Infantil,150010010000, Rec. Livres (Imp. e Transf. Const.): MDE 25%,066.305.729-98,JOSIANE MAIA,5204.96,0,5204.96,392.80,5204.96
7,Secretaria de Educação e Formação Empreendedora,1,Educação Infantil,150010010000, Rec. Livres (Imp. e Transf. Const.): MDE 25%,07.752.236/0001-23,MEDILAR IMPORTAÇÃO E DISTRIBUIÇÃO DE PRODUTOS MÉDICO HOSPITALARES S/A,2146.50,0,2146.50,25.75,2146.50
7,Secretaria de Educação e Formação Empreendedora,1,Educação Infantil,150010010000, Rec. Livres (Imp. e Transf. Const.): MDE 25%,078.553.069-00,PATRICIA ALVES OZORIO,2563.44,0,2563.44,134.76,2563.44
7,Secretaria de Educação e Formação Empreendedora,1,Educação Infantil,150010010000, Rec. Livres (Imp. e Transf. Const.): MDE 25%,08.336.783/0001-90,CELESC DISTRIBUICAO S.A,429768.97,0,159768.97,2434.86,159768.97
7,Secretaria de Educação e Formação Empreendedora,1,Educação Infantil,150010010000, Rec. Livres (Imp. e Transf. Const.): MDE 25%,084.470.899-24,SUELE ALVES OZORIO,1799.75,0,1799.75,36.81,1799.75
7,Secretaria de Educação e Formação Empreendedora,1,Educação Infantil,150010010000, Rec. Livres (Imp. e Transf. Const.): MDE 25%,085.685.019-58,LEANE KAMCHEN,4961.05,0,4961.05,249.76,4961.05
7,Secretaria de Educação e Formação Empreendedora,1,Educação Infantil,150010010000, Rec. Livres (Imp. e Transf. Const.): MDE 25%,087.824.486-71,SABRINA DE OLIVEIRA PEREIRA,4635.44,0,4635.44,248.38,4635.44
7,Secretaria de Educação e Formação Empreendedora,1,Educação Infantil,150010010000, Rec. Livres (Imp. e Transf. Const.): MDE 25%,089.170.259-86,JANICE HORNBURG,15645.43,0,15645.43,1167.55,15645.43
7,Secretaria de Educação e Formação Empreendedora,1,Educação Infantil,150010010000, Rec. Livres (Imp. e Transf. Const.): MDE 25%,09.316.105/0001-29,FRIOVIX COMERCIO DE REFRIGERAÇÃO LTDA,7037.80,0,7037.80,84.45,7037.80
7,Secretaria de Educação e Formação Empreendedora,1,Educação Infantil,150010010000, Rec. Livres (Imp. e Transf. Const.): MDE 25%,100.153.639-88,MORGANA SAYONARA BAHR,3712.22,0,3712.22,960.98,3712.22
7,Secretaria de Educação e Formação Empreendedora,1,Educação Infantil,150010010000, Rec. Livres (Imp. e Transf. Const.): MDE 25%,104.007.349-23,DELIANY STELLA DA SILVA BAUER,3187.09,0,3187.09,125.26,3187.09
7,Secretaria de Educação e Formação Empreendedora,1,Educação Infantil,150010010000, Rec. Livres (Imp. e Transf. Const.): MDE 25%,109.796.329-27,TAINARA KREUTZFELD HOLSTEIN,9868.47,0,9868.47,891.49,9868.47
7,Secretaria de Educação e Formação Empreendedora,1,Educação Infantil,150010010000, Rec. Livres (Imp. e Transf. Const.): MDE 25%,11.118.645/0001-40,SPOTECH INFORMÁTICA CORAL LTDA,3932.04,0,3932.04,47.18,3932.04
7,Secretaria de Educação e Formação Empreendedora,1,Educação Infantil,150010010000, Rec. Livres (Imp. e Transf. Const.): MDE 25%,11.145.401/0001-56,L A DALLA PORTA JUNIOR LTDA,4165.00,0,4165.00,49.98,1813.56
7,Secretaria de Educação e Formação Empreendedora,1,Educação Infantil,150010010000, Rec. Livres (Imp. e Transf. Const.): MDE 25%,128.157.827-40,MICAELLA SILVA VIEIRA,3593.88,0,3593.88,70.25,3593.88
7,Secretaria de Educação e Formação Empreendedora,1,Educação Infantil,150010010000, Rec. Livres (Imp. e Transf. Const.): MDE 25%,13.965.228/0001-68,JLM DISTRIBUIDORA BR LTDA,1484.16,0,1484.16,17.81,1484.16
7,Secretaria de Educação e Formação Empreendedora,1,Educação Infantil,150010010000, Rec. Livres (Imp. e Transf. Const.): MDE 25%,14.066.477/0001-84,RSUL LTDA,949.75,0,949.75,11.40,949.75
7,Secretaria de Educação e Formação Empreendedora,1,Educação Infantil,150010010000, Rec. Livres (Imp. e Transf. Const.): MDE 25%,14.255.257/0001-07,RAFAEL KUHN - ME,313.80,0,313.80,3.77,313.80
7,Secretaria de Educação e Formação Empreendedora,1,Educação Infantil,150010010000, Rec. Livres (Imp. e Transf. Const.): MDE 25%,162.457.958-26,MARIA CLÉLIA MOREIRA DE ALMEIDA,3204.20,0,3204.20,43.21,3204.20
7,Secretaria de Educação e Formação Empreendedora,1,Educação Infantil,150010010000, Rec. Livres (Imp. e Transf. Const.): MDE 25%,18.177.266/0001-70,CONECTA.COM TELECOMUNICAÇÕES E INFORMÁTICA LTDA,28854.76,0,12604.76,0,12604.76
7,Secretaria de Educação e Formação Empreendedora,1,Educação Infantil,150010010000, Rec. Livres (Imp. e Transf. Const.): MDE 25%,18.233.020/0001-78,MARTINES EMPRESARIAL LTDA,659.12,0,308.00,0,308.00
7,Secretaria de Educação e Formação Empreendedora,1,Educação Infantil,150010010000, Rec. Livres (Imp. e Transf. Const.): MDE 25%,18.806.639/0001-24,SLM CONSTRUÇÕES E SERVIÇOS SUSTENTÁVEIS LTDA,129352.76,0.10,93145.34,12172.87,90011.24
7,Secretaria de Educação e Formação Empreendedora,1,Educação Infantil,150010010000, Rec. Livres (Imp. e Transf. Const.): MDE 25%,19.032.430/0001-13,PRINTSUL COMÉRCIO ATACADISTA LTDA,5245.10,0,5245.10,62.92,5245.10
7,Secretaria de Educação e Formação Empreendedora,1,Educação Infantil,150010010000, Rec. Livres (Imp. e Transf. Const.): MDE 25%,19.555.146/0001-21,2B DISTRIBUIDORA LTDA,1040.55,0,1040.55,0,1040.55
7,Secretaria de Educação e Formação Empreendedora,1,Educação Infantil,150010010000, Rec. Livres (Imp. e Transf. Const.): MDE 25%,19.941.698/0001-78,CARLOS ENRIQUE LUSSANI,1197.00,0,1197.00,0,1197.00
7,Secretaria de Educação e Formação Empreendedora,1,Educação Infantil,150010010000, Rec. Livres (Imp. e Transf. Const.): MDE 25%,22.637.568/0001-50,RDC PRESTADORA DE SERVICOS LTDA,29941.55,0,13179.81,1449.75,13179.81
7,Secretaria de Educação e Formação Empreendedora,1,Educação Infantil,150010010000, Rec. Livres (Imp. e Transf. Const.): MDE 25%,23.647.237/0001-64,EDUARDO GUERRA DO CARMO,550.50,0,550.50,0,550.50
7,Secretaria de Educação e Formação Empreendedora,1,Educação Infantil,150010010000, Rec. Livres (Imp. e Transf. Const.): MDE 25%,23.725.801/0001-10,JVA OBRAS DE URBANIZAÇÃO LTDA,6002.47,0,452.27,0,452.27
7,Secretaria de Educação e Formação Empreendedora,1,Educação Infantil,150010010000, Rec. Livres (Imp. e Transf. Const.): MDE 25%,23.860.785/0001-78,MGI MASSARANDUBA COMERCIO VAREJISTA DE GÁS LTDA,28961.75,0,15005.43,36.01,15005.43
7,Secretaria de Educação e Formação Empreendedora,1,Educação Infantil,150010010000, Rec. Livres (Imp. e Transf. Const.): MDE 25%,26.044.069/0001-00,SOMA ATACADO LTDA,2350.50,0,1875.50,22.51,1875.50
7,Secretaria de Educação e Formação Empreendedora,1,Educação Infantil,150010010000, Rec. Livres (Imp. e Transf. Const.): MDE 25%,26.262.878/0001-99,PGO ENGENHARIA LTDA,31830.26,0,0,0,0
7,Secretaria de Educação e Formação Empreendedora,1,Educação Infantil,150010010000, Rec. Livres (Imp. e Transf. Const.): MDE 25%,269.251.682-68,LILIAN DO SOCORRO BEZERRA DA SILVA LOZARDO,1218.32,0,1218.32,70.32,1218.32
7,Secretaria de Educação e Formação Empreendedora,1,Educação Infantil,150010010000, Rec. Livres (Imp. e Transf. Const.): MDE 25%,26.950.671/0001-07,LICERI COMERCIO DE PRODUTOS EM GERAL LTDA,721.12,0,721.12,0,721.12
7,Secretaria de Educação e Formação Empreendedora,1,Educação Infantil,150010010000, Rec. Livres (Imp. e Transf. Const.): MDE 25%,28.842.488/0001-13,JSLC COMÉRCIO DE LIVROS LTDA,41833.44,0,32965.24,395.58,32965.24
7,Secretaria de Educação e Formação Empreendedora,1,Educação Infantil,150010010000, Rec. Livres (Imp. e Transf. Const.): MDE 25%,29.222.667/0001-10,SK MATERIAIS PARA ESCRITORIO LTDA,2886.76,0,2032.60,24.39,1903.67
7,Secretaria de Educação e Formação Empreendedora,1,Educação Infantil,150010010000, Rec. Livres (Imp. e Transf. Const.): MDE 25%,29.979.036/0001-40,INSS- INSTITUTO NACIONAL DO SEGURO SOCIAL,115641.09,0,115641.09,0,86694.14
7,Secretaria de Educação e Formação Empreendedora,1,Educação Infantil,150010010000, Rec. Livres (Imp. e Transf. Const.): MDE 25%,31.322.368/0001-08,R.S. VAREJO LTDA,750.00,0,750.00,9.00,750.00
7,Secretaria de Educação e Formação Empreendedora,1,Educação Infantil,150010010000, Rec. Livres (Imp. e Transf. Const.): MDE 25%,33.393.798/0002-19,PAULO ROBERTO DOS SANTOS LTDA,6796.00,0,6796.00,0,6796.00
7,Secretaria de Educação e Formação Empreendedora,1,Educação Infantil,150010010000, Rec. Livres (Imp. e Transf. Const.): MDE 25%,342.252.458-45,ROSICLEIA DOS SANTOS PUNQUIELI,3885.66,0,3885.66,136.77,3885.66
7,Secretaria de Educação e Formação Empreendedora,1,Educação Infantil,150010010000, Rec. Livres (Imp. e Transf. Const.): MDE 25%,35.581.117/0001-90,EREGOLD COMERCIO DISTRIBUIÇÃO E SERVIÇOS LTDA,448.50,0,448.50,0,448.50
7,Secretaria de Educação e Formação Empreendedora,1,Educação Infantil,150010010000, Rec. Livres (Imp. e Transf. Const.): MDE 25%,35.605.748/0001-00,TRANSPORTE E TURISMO CONTINI LTDA,4005.87,0,2948.09,0,2948.09
7,Secretaria de Educação e Formação Empreendedora,1,Educação Infantil,150010010000, Rec. Livres (Imp. e Transf. Const.): MDE 25%,35.944.400/0001-30,ROTTA DO REPARO MATERIAIS DE CONSTRUÇÃO LTDA,537.33,0,537.33,0,537.33
7,Secretaria de Educação e Formação Empreendedora,1,Educação Infantil,150010010000, Rec. Livres (Imp. e Transf. Const.): MDE 25%,36.091.140/0001-60,BLUSAFE AQUIPAMENTOS DE PROTEÇÃO INDIVIDUAL LTDA,331.50,0,331.50,0,331.50
7,Secretaria de Educação e Formação Empreendedora,1,Educação Infantil,150010010000, Rec. Livres (Imp. e Transf. Const.): MDE 25%,36.225.268/0001-79,INSTALAR INSTALAÇÃO E MANUTENÇÃO LTDA,103493.03,14537.70,56415.33,0,56415.33
7,Secretaria de Educação e Formação Empreendedora,1,Educação Infantil,150010010000, Rec. Livres (Imp. e Transf. Const.): MDE 25%,36.521.392/0002-62,GO VENDAS ELETRONICAS LTDA,5005.70,0,5005.70,60.07,5005.70
7,Secretaria de Educação e Formação Empreendedora,1,Educação Infantil,150010010000, Rec. Livres (Imp. e Transf. Const.): MDE 25%,36.929.401/0001-78,HIGIFORTE INDIANA LIMPEZA E CONSERVACAO LTDA,10922.60,0,2861.80,376.05,2861.80
7,Secretaria de Educação e Formação Empreendedora,1,Educação Infantil,150010010000, Rec. Livres (Imp. e Transf. Const.): MDE 25%,37.115.367/0001-60,MINISTERIO DO TRABALHO - MTE,47017.47,0,47017.47,0,35341.11
7,Secretaria de Educação e Formação Empreendedora,1,Educação Infantil,150010010000, Rec. Livres (Imp. e Transf. Const.): MDE 25%,38.092.528/0001-00,MIDAS SEGURANÇA PRIVADA LTDA,5544.00,0,3762.00,526.68,3762.00
7,Secretaria de Educação e Formação Empreendedora,1,Educação Infantil,150010010000, Rec. Livres (Imp. e Transf. Const.): MDE 25%,38.613.730/0001-30,JM PAPELARIA LTDA,2165.55,0,1037.55,12.45,1037.55
7,Secretaria de Educação e Formação Empreendedora,1,Educação Infantil,150010010000, Rec. Livres (Imp. e Transf. Const.): MDE 25%,39.357.755/0001-83,STATUS PRO HIGIENE E LIMPEZA LTDA,410.00,0,0,0,0
7,Secretaria de Educação e Formação Empreendedora,1,Educação Infantil,150010010000, Rec. Livres (Imp. e Transf. Const.): MDE 25%,39.655.478/0001-95,SEBOLD INDUSTRIA DE COSMETICOS LTDA,7044.48,0,5465.28,65.57,5465.28
7,Secretaria de Educação e Formação Empreendedora,1,Educação Infantil,150010010000, Rec. Livres (Imp. e Transf. Const.): MDE 25%,40.223.106/0001-79,DARLU INDÚSTRIA TÊXTIL LTDA,140.40,0,140.40,0,140.40
7,Secretaria de Educação e Formação Empreendedora,1,Educação Infantil,150010010000, Rec. Livres (Imp. e Transf. Const.): MDE 25%,40.738.368/0001-76,GAMBA CONEXÕES COMÉRCIO ATACADISTA DE ALIMENTOS LTDA,4909.80,0,4909.80,58.93,4909.80
7,Secretaria de Educação e Formação Empreendedora,1,Educação Infantil,150010010000, Rec. Livres (Imp. e Transf. Const.): MDE 25%,40.801.863/0001-82,LOUSAS BRASIL COMERCIO DE QUADROS E ARTIGOS ESCOLARES LTDA,1238.00,0,1238.00,0,1238.00
7,Secretaria de Educação e Formação Empreendedora,1,Educação Infantil,150010010000, Rec. Livres (Imp. e Transf. Const.): MDE 25%,41.043.956/0001-58,ALLES SAUBER MATERIAIS DE LIMPEZA LTDA,872.00,0,872.00,0,872.00
7,Secretaria de Educação e Formação Empreendedora,1,Educação Infantil,150010010000, Rec. Livres (Imp. e Transf. Const.): MDE 25%,42.169.239/0001-30,SCHMOELLER DEDETIZADORA LTDA,6015.62,0,2717.94,0,2717.94
7,Secretaria de Educação e Formação Empreendedora,1,Educação Infantil,150010010000, Rec. Livres (Imp. e Transf. Const.): MDE 25%,42.826.359/0001-62,FOCO ELETRICA LTDA,144.40,0,144.40,0,144.40
7,Secretaria de Educação e Formação Empreendedora,1,Educação Infantil,150010010000, Rec. Livres (Imp. e Transf. Const.): MDE 25%,44.210.000/0001-91,J D COMERCIO ATACADISTA LTDA,1010.00,0,852.00,0,852.00
7,Secretaria de Educação e Formação Empreendedora,1,Educação Infantil,150010010000, Rec. Livres (Imp. e Transf. Const.): MDE 25%,44.534.283/0001-27,IRIS BULLAU ELIAS 420.218.800-44,14000.00,0,4000.00,0,4000.00
7,Secretaria de Educação e Formação Empreendedora,1,Educação Infantil,150010010000, Rec. Livres (Imp. e Transf. Const.): MDE 25%,44.562.943/0002-64,RML PRODUTOS IMPORTADOS LTDA,330.00,0,330.00,0,330.00
7,Secretaria de Educação e Formação Empreendedora,1,Educação Infantil,150010010000, Rec. Livres (Imp. e Transf. Const.): MDE 25%,44.676.496/0001-93,CLIMA VOLTS ELÉTRICA E REFRIGERAÇÃO LTDA,15299.38,0,0,0,0
7,Secretaria de Educação e Formação Empreendedora,1,Educação Infantil,150010010000, Rec. Livres (Imp. e Transf. Const.): MDE 25%,44.836.933/0001-99,NATULELE LTDA,219.00,0,219.00,0,219.00
7,Secretaria de Educação e Formação Empreendedora,1,Educação Infantil,150010010000, Rec. Livres (Imp. e Transf. Const.): MDE 25%,44.899.803/0001-03,3B COMERCIAL LTDA,5916.88,0,4215.28,0,4215.28
7,Secretaria de Educação e Formação Empreendedora,1,Educação Infantil,150010010000, Rec. Livres (Imp. e Transf. Const.): MDE 25%,45.747.626/0001-02,OTHALA COMERCIO LTDA,10100.68,0,8858.88,106.32,8544.70
7,Secretaria de Educação e Formação Empreendedora,1,Educação Infantil,150010010000, Rec. Livres (Imp. e Transf. Const.): MDE 25%,46.423.434/0001-03,ATRIUM INDÚSTRIA E COMÉRCIO DE FERRAGENS LTDA,229.90,0,229.90,2.76,229.90
7,Secretaria de Educação e Formação Empreendedora,1,Educação Infantil,150010010000, Rec. Livres (Imp. e Transf. Const.): MDE 25%,48.566.347/0001-22,TELES SOLUCOES EMPRESARIAIS LTDA,495.75,0,495.75,5.95,495.75
7,Secretaria de Educação e Formação Empreendedora,1,Educação Infantil,150010010000, Rec. Livres (Imp. e Transf. Const.): MDE 25%,50.117.026/0001-92,MEPS LED ATACADO E DISTRIBUIDORA LTDA,220.80,0,220.80,2.65,220.80
7,Secretaria de Educação e Formação Empreendedora,1,Educação Infantil,150010010000, Rec. Livres (Imp. e Transf. Const.): MDE 25%,50.675.079/0001-29,POMERWASSER AMBIENTAL S.P.E. S.A.,137234.32,0,37234.32,1770.65,37234.32
7,Secretaria de Educação e Formação Empreendedora,1,Educação Infantil,150010010000, Rec. Livres (Imp. e Transf. Const.): MDE 25%,51.048.868/0001-00,SIMETRIA COMERCIO LTDA,743.50,0,743.50,0,743.50
7,Secretaria de Educação e Formação Empreendedora,1,Educação Infantil,150010010000, Rec. Livres (Imp. e Transf. Const.): MDE 25%,51.892.897/0001-46,JT MEDICAMENTOS LTDA,1293.60,0,1293.60,15.52,1293.60
7,Secretaria de Educação e Formação Empreendedora,1,Educação Infantil,150010010000, Rec. Livres (Imp. e Transf. Const.): MDE 25%,53.046.519/0001-77,SNAKE COMERCIAL LTDA,121.00,0,121.00,0,121.00
7,Secretaria de Educação e Formação Empreendedora,1,Educação Infantil,150010010000, Rec. Livres (Imp. e Transf. Const.): MDE 25%,53.111.090/0001-54,FERREIRA & KOHLER ILUMINACAO LTDA,897.00,0,897.00,0,690.00
7,Secretaria de Educação e Formação Empreendedora,1,Educação Infantil,150010010000, Rec. Livres (Imp. e Transf. Const.): MDE 25%,53.121.054/0001-71,LOPES LIMPEZA LTDA,539.20,0,539.20,0,539.20
7,Secretaria de Educação e Formação Empreendedora,1,Educação Infantil,150010010000, Rec. Livres (Imp. e Transf. Const.): MDE 25%,53.385.011/0001-01,CORREA COMERCIO E REPRESENTACOES LTDA,2063.09,0,2063.09,0,2063.09
7,Secretaria de Educação e Formação Empreendedora,1,Educação Infantil,150010010000, Rec. Livres (Imp. e Transf. Const.): MDE 25%,53.557.672/0001-69,53.557.672 MARGARETH SCHAFRANSKI,36000.00,0,12000.00,168.84,9648.24
7,Secretaria de Educação e Formação Empreendedora,1,Educação Infantil,150010010000, Rec. Livres (Imp. e Transf. Const.): MDE 25%,53.795.421/0001-12,M A F VILAS BOAS SERVICOS & CIA LTDA,12520.00,0,6260.00,970.80,6260.00
7,Secretaria de Educação e Formação Empreendedora,1,Educação Infantil,150010010000, Rec. Livres (Imp. e Transf. Const.): MDE 25%,54.960.622/0001-90,MOBILIA URBANA COMÉRCIO E SERVIÇOS LTDA,3820.00,0,3820.00,0,3820.00
7,Secretaria de Educação e Formação Empreendedora,1,Educação Infantil,150010010000, Rec. Livres (Imp. e Transf. Const.): MDE 25%,562.314.079-34,ALZEMIRO PUNQUIELI,1929.48,0,1929.48,116.65,1929.48
7,Secretaria de Educação e Formação Empreendedora,1,Educação Infantil,150010010000, Rec. Livres (Imp. e Transf. Const.): MDE 25%,57.325.351/0001-90,GOLUZ INDUSTRIA E COMERCIO DE MATERIAIS ELETRICOS LTDA,346.80,0,0,0,0
7,Secretaria de Educação e Formação Empreendedora,1,Educação Infantil,150010010000, Rec. Livres (Imp. e Transf. Const.): MDE 25%,57.765.012/0001-24,MH COMERCIO LTDA,1258.50,0,1258.50,0,1258.50
7,Secretaria de Educação e Formação Empreendedora,1,Educação Infantil,150010010000, Rec. Livres (Imp. e Transf. Const.): MDE 25%,58.530.679/0001-00,ALPHA GLOBAL COMERCIO LTDA,1985.90,0,1985.90,0,1985.90
7,Secretaria de Educação e Formação Empreendedora,1,Educação Infantil,150010010000, Rec. Livres (Imp. e Transf. Const.): MDE 25%,60.353.064/0001-06,IPE DISTRIBUIDORA LTDA,706.00,0,706.00,0,706.00
7,Secretaria de Educação e Formação Empreendedora,1,Educação Infantil,150010010000, Rec. Livres (Imp. e Transf. Const.): MDE 25%,626.554.699-68,MARLI DE SOUZA FRANCO,8317.55,0,8317.55,477.70,8317.55
7,Secretaria de Educação e Formação Empreendedora,1,Educação Infantil,150010010000, Rec. Livres (Imp. e Transf. Const.): MDE 25%,62.917.826/0001-77,A.F DISTRIBUIDORA E COMERCIO LTDA,3318.50,0,2446.50,0,2121.50
7,Secretaria de Educação e Formação Empreendedora,1,Educação Infantil,150010010000, Rec. Livres (Imp. e Transf. Const.): MDE 25%,65.149.197/0002-51,REPREMIG REPRESENTAÇÃO COMERCIO DE MINAS GERAIS LTDA,3570.00,0,3570.00,42.84,3570.00
7,Secretaria de Educação e Formação Empreendedora,1,Educação Infantil,150010010000, Rec. Livres (Imp. e Transf. Const.): MDE 25%,71.052.559/0005-37,BELMICRO TECNOLOGIA S/A,1718.89,0,1718.89,20.62,1718.89
7,Secretaria de Educação e Formação Empreendedora,1,Educação Infantil,150010010000, Rec. Livres (Imp. e Transf. Const.): MDE 25%,79.846.465/0001-18,GOEDERT LTDA,4566.00,0,3986.00,47.84,3986.00
7,Secretaria de Educação e Formação Empreendedora,1,Educação Infantil,150010010000, Rec. Livres (Imp. e Transf. Const.): MDE 25%,80.047.087/0001-91,CIG COMERCIO DE EMBALAGENS - EIRELI,279.60,0,279.60,0,279.60
7,Secretaria de Educação e Formação Empreendedora,1,Educação Infantil,150010010000, Rec. Livres (Imp. e Transf. Const.): MDE 25%,81.027.062/0001-99,RC NUHS COMÉRCIO LTDA.,887.00,0,887.00,0,887.00
7,Secretaria de Educação e Formação Empreendedora,1,Educação Infantil,150010010000, Rec. Livres (Imp. e Transf. Const.): MDE 25%,82.997.446/0001-05,RS DISTRIBUIDORA E COMERCIO LTDA,215.00,0,215.00,0,215.00
7,Secretaria de Educação e Formação Empreendedora,1,Educação Infantil,150010010000, Rec. Livres (Imp. e Transf. Const.): MDE 25%,83.073.486/0015-10,LOJAS PRESIDENTE LTDA,9485.00,0,9485.00,113.82,9485.00
7,Secretaria de Educação e Formação Empreendedora,1,Educação Infantil,150010010000, Rec. Livres (Imp. e Transf. Const.): MDE 25%,83.102.251/0001-04,MUNICÍPIO DE POMERODE,6940584.78,476.20,6940584.78,1737577.43,6935377.78
7,Secretaria de Educação e Formação Empreendedora,1,Educação Infantil,150010010000, Rec. Livres (Imp. e Transf. Const.): MDE 25%,861.938.545-33,THAIS JERICO OLIVEIRA,535.71,0,535.71,17.30,535.71
7,Secretaria de Educação e Formação Empreendedora,1,Educação Infantil,150010010000, Rec. Livres (Imp. e Transf. Const.): MDE 25%,93.234.789/0001-26,MOVESCO INDÚSTRIA E COMÉRCIO DE MÓVEIS ESCOLARES LTDA,1638.00,0,1638.00,19.66,1638.00
7,Secretaria de Educação e Formação Empreendedora,1,Educação Infantil,150010010000, Rec. Livres (Imp. e Transf. Const.): MDE 25%,95.822.136/0001-93,3A MATERIAIS DE CONSTRUÇÃO LTDA,2247.31,0.02,2247.31,0,2247.31
7,Secretaria de Educação e Formação Empreendedora,1,Educação Infantil,150010010000, Rec. Livres (Imp. e Transf. Const.): MDE 25%,973.617.639-87,ROSANA CLEONICE ITTNER SCHEIDEMANTEL,4292.81,0,4292.81,74.56,4292.81
7,Secretaria de Educação e Formação Empreendedora,1,Educação Infantil,150010010000, Rec. Livres (Imp. e Transf. Const.): MDE 25%,989.400.662-00,FELIPE MARTINS GONçALVES,1952.08,0,1952.08,61.76,1952.08
7,Secretaria de Educação e Formação Empreendedora,1,Educação Infantil,150070000000,Rec. Livres (Imp. e Transf. Const.),03.612.312/0004-97,NUTRIPORT COMERCIAL LTDA,19195.69,0,15358.41,184.29,15358.41
7,Secretaria de Educação e Formação Empreendedora,1,Educação Infantil,150070000000,Rec. Livres (Imp. e Transf. Const.),09.166.805/0001-84,JK COMERCIO DE FRUTAS E VERDURAS LTDA,123952.91,0,119606.98,1435.15,119606.98
7,Secretaria de Educação e Formação Empreendedora,1,Educação Infantil,150070000000,Rec. Livres (Imp. e Transf. Const.),16.858.182/0001-76,A.V. COMÉRCIO ATACADISTA EIRELI,67969.02,0,52536.21,630.44,52536.21
7,Secretaria de Educação e Formação Empreendedora,1,Educação Infantil,150070000000,Rec. Livres (Imp. e Transf. Const.),22.592.558/0001-46,ONIVITA ALIMENTOS LTDA,4618.92,0,3483.12,0,3483.12
7,Secretaria de Educação e Formação Empreendedora,1,Educação Infantil,150070000000,Rec. Livres (Imp. e Transf. Const.),32.250.669/0001-28,MANOI DISTRIBUIDORA DE ALIMENTOS LTDA,40309.56,54.35,32964.71,395.58,32964.71
7,Secretaria de Educação e Formação Empreendedora,1,Educação Infantil,150070000000,Rec. Livres (Imp. e Transf. Const.),34.485.962/0001-08,ROMIL ALIMENTOS LTDA,42400.42,0,35729.99,0,35729.99
7,Secretaria de Educação e Formação Empreendedora,1,Educação Infantil,150070000000,Rec. Livres (Imp. e Transf. Const.),40.738.368/0001-76,GAMBA CONEXÕES COMÉRCIO ATACADISTA DE ALIMENTOS LTDA,4466.00,0,4466.00,53.59,4466.00
7,Secretaria de Educação e Formação Empreendedora,1,Educação Infantil,150070000000,Rec. Livres (Imp. e Transf. Const.),51.900.840/0001-41,GD DISTRIBUIDORA DE ALIMENTOS LTDA,23604.74,0,21031.92,252.31,20225.43
7,Secretaria de Educação e Formação Empreendedora,1,Educação Infantil,150070000000,Rec. Livres (Imp. e Transf. Const.),80.413.479/0001-27,DISTRIBUIDORA DE ALIMENTOS OLIVEIRA LTDA,54495.79,0,43765.44,0,43765.44
7,Secretaria de Educação e Formação Empreendedora,1,Educação Infantil,154010700000, FUNDEB: 70% (Aplic. Profis),002.753.590-85,ELIZIANE HAAMANN,12467.61,0,12467.61,878.47,12467.61
7,Secretaria de Educação e Formação Empreendedora,1,Educação Infantil,154010700000, FUNDEB: 70% (Aplic. Profis),009.751.529-98,FRANCIELI RODRIGUES,13129.67,0,13129.67,729.49,13129.67
7,Secretaria de Educação e Formação Empreendedora,1,Educação Infantil,154010700000, FUNDEB: 70% (Aplic. Profis),020.574.981-07,FATIMA DUARTE HARTECOF,6924.70,0,6924.70,466.19,6924.70
7,Secretaria de Educação e Formação Empreendedora,1,Educação Infantil,154010700000, FUNDEB: 70% (Aplic. Profis),04.533.821/0001-44,FUNDO DE APOSENTADORIA E PENSOES,775941.84,136768.87,775941.84,0,580065.29
7,Secretaria de Educação e Formação Empreendedora,1,Educação Infantil,154010700000, FUNDEB: 70% (Aplic. Profis),045.545.949-55,MIRIAN RAHN,8858.78,0,8858.78,651.13,8858.78
7,Secretaria de Educação e Formação Empreendedora,1,Educação Infantil,154010700000, FUNDEB: 70% (Aplic. Profis),046.040.779-16,ANGELA APARECIDA BALDAZZARI FIDELIS,6454.70,0,6454.70,224.09,6454.70
7,Secretaria de Educação e Formação Empreendedora,1,Educação Infantil,154010700000, FUNDEB: 70% (Aplic. Profis),049.752.349-39,DEBORA JACKELINE BENKER LOCATELLI,4077.47,0,4077.47,1336.39,4077.47
7,Secretaria de Educação e Formação Empreendedora,1,Educação Infantil,154010700000, FUNDEB: 70% (Aplic. Profis),058.930.069-50,BIANCA BRENZINGER PASOTTO,28929.84,0,28929.84,4194.87,28929.84
7,Secretaria de Educação e Formação Empreendedora,1,Educação Infantil,154010700000, FUNDEB: 70% (Aplic. Profis),066.230.489-60,STEFANIE SCHWANZ EWALD,7327.99,0,7327.99,353.10,7327.99
7,Secretaria de Educação e Formação Empreendedora,1,Educação Infantil,154010700000, FUNDEB: 70% (Aplic. Profis),072.151.135-07,ANA BEATRIZ BARBOSA SANTOS,4742.35,0,4742.35,96.95,4742.35
7,Secretaria de Educação e Formação Empreendedora,1,Educação Infantil,154010700000, FUNDEB: 70% (Aplic. Profis),081.584.858-71,CÉLIA MARIA PERINI SANDOVAL,1329.10,0,1329.10,148.29,1329.10
7,Secretaria de Educação e Formação Empreendedora,1,Educação Infantil,154010700000, FUNDEB: 70% (Aplic. Profis),093.813.239-33,DHYESSICA SANTOS DA COSTA,21064.58,0,21064.58,1163.49,21064.58
7,Secretaria de Educação e Formação Empreendedora,1,Educação Infantil,154010700000, FUNDEB: 70% (Aplic. Profis),120.119.779-16,MICHEL LIESKOW,4959.11,0,4959.11,200.70,4959.11
7,Secretaria de Educação e Formação Empreendedora,1,Educação Infantil,154010700000, FUNDEB: 70% (Aplic. Profis),29.979.036/0001-40,INSS- INSTITUTO NACIONAL DO SEGURO SOCIAL,101140.10,17631.61,101140.10,0,97916.67
7,Secretaria de Educação e Formação Empreendedora,1,Educação Infantil,154010700000, FUNDEB: 70% (Aplic. Profis),37.115.367/0001-60,MINISTERIO DO TRABALHO - MTE,45838.43,7969.47,45838.43,0,40355.46
7,Secretaria de Educação e Formação Empreendedora,1,Educação Infantil,154010700000, FUNDEB: 70% (Aplic. Profis),484.783.341-49,GIRLENE LOPES DA SILVA,2688.39,0,2688.39,71.99,2688.39
7,Secretaria de Educação e Formação Empreendedora,1,Educação Infantil,154010700000, FUNDEB: 70% (Aplic. Profis),572.417.409-04,MARGARETE RODRIGUES DE SOUZA,1485.10,0,1485.10,111.38,1485.10
7,Secretaria de Educação e Formação Empreendedora,1,Educação Infantil,154010700000, FUNDEB: 70% (Aplic. Profis),597.171.309-49,FATIMA CLENICE RIBEIRO DE ANDRADE,5031.03,0,5031.03,328.55,5031.03
7,Secretaria de Educação e Formação Empreendedora,1,Educação Infantil,154010700000, FUNDEB: 70% (Aplic. Profis),715.797.109-72,ELIANE SCHOFER,3883.07,0,3883.07,118.52,3883.07
7,Secretaria de Educação e Formação Empreendedora,1,Educação Infantil,154010700000, FUNDEB: 70% (Aplic. Profis),83.102.251/0001-04,MUNICÍPIO DE POMERODE,5635716.98,838743.76,5635716.98,1635868.52,5635716.98
7,Secretaria de Educação e Formação Empreendedora,1,Educação Infantil,154010700000, FUNDEB: 70% (Aplic. Profis),868.015.629-91,LORENI MARIA ROSALEN ZAMPROGNA,6404.55,0,6404.55,272.87,6404.55
7,Secretaria de Educação e Formação Empreendedora,1,Educação Infantil,154010700000, FUNDEB: 70% (Aplic. Profis),898.556.129-49,JANE ELISE ACHTERBERG PERINI,16260.03,0,16260.03,0,16260.03
7,Secretaria de Educação e Formação Empreendedora,1,Educação Infantil,154010700000, FUNDEB: 70% (Aplic. Profis),937.094.634-91,JOSEFA JANAINA DE SANTANA,2901.95,0,2901.95,2840.38,2901.95
7,Secretaria de Educação e Formação Empreendedora,1,Educação Infantil,154010700000, FUNDEB: 70% (Aplic. Profis),994.468.122-91,GABRIELE VILHENA DOS SANTOS,2758.13,0,2758.13,161.05,2758.13
7,Secretaria de Educação e Formação Empreendedora,1,Educação Infantil,154070000000,FUNDEB: 30% (aplic.outras),002.753.590-85,ELIZIANE HAAMANN,1158.68,0,1158.68,0,1158.68
7,Secretaria de Educação e Formação Empreendedora,1,Educação Infantil,154070000000,FUNDEB: 30% (aplic.outras),009.751.529-98,FRANCIELI RODRIGUES,865.36,0,865.36,0,865.36
7,Secretaria de Educação e Formação Empreendedora,1,Educação Infantil,154070000000,FUNDEB: 30% (aplic.outras),020.574.981-07,FATIMA DUARTE HARTECOF,498.68,0,498.68,0,498.68
7,Secretaria de Educação e Formação Empreendedora,1,Educação Infantil,154070000000,FUNDEB: 30% (aplic.outras),045.545.949-55,MIRIAN RAHN,110.00,0,110.00,0,110.00
7,Secretaria de Educação e Formação Empreendedora,1,Educação Infantil,154070000000,FUNDEB: 30% (aplic.outras),046.040.779-16,ANGELA APARECIDA BALDAZZARI FIDELIS,628.86,0,628.86,0,628.86
7,Secretaria de Educação e Formação Empreendedora,1,Educação Infantil,154070000000,FUNDEB: 30% (aplic.outras),049.752.349-39,DEBORA JACKELINE BENKER LOCATELLI,405.18,0,405.18,0,405.18
7,Secretaria de Educação e Formação Empreendedora,1,Educação Infantil,154070000000,FUNDEB: 30% (aplic.outras),058.930.069-50,BIANCA BRENZINGER PASOTTO,311.68,0,311.68,0,311.68
7,Secretaria de Educação e Formação Empreendedora,1,Educação Infantil,154070000000,FUNDEB: 30% (aplic.outras),081.584.858-71,CÉLIA MARIA PERINI SANDOVAL,73.33,0,73.33,0,73.33
7,Secretaria de Educação e Formação Empreendedora,1,Educação Infantil,154070000000,FUNDEB: 30% (aplic.outras),120.119.779-16,MICHEL LIESKOW,293.32,0,293.32,0,293.32
7,Secretaria de Educação e Formação Empreendedora,1,Educação Infantil,154070000000,FUNDEB: 30% (aplic.outras),484.783.341-49,GIRLENE LOPES DA SILVA,93.50,0,93.50,0,93.50
7,Secretaria de Educação e Formação Empreendedora,1,Educação Infantil,154070000000,FUNDEB: 30% (aplic.outras),572.417.409-04,MARGARETE RODRIGUES DE SOUZA,249.32,0,249.32,0,249.32
7,Secretaria de Educação e Formação Empreendedora,1,Educação Infantil,154070000000,FUNDEB: 30% (aplic.outras),597.171.309-49,FATIMA CLENICE RIBEIRO DE ANDRADE,990.00,0,990.00,0,990.00
7,Secretaria de Educação e Formação Empreendedora,1,Educação Infantil,154070000000,FUNDEB: 30% (aplic.outras),715.797.109-72,ELIANE SCHOFER,187.00,0,187.00,0,187.00
7,Secretaria de Educação e Formação Empreendedora,1,Educação Infantil,154070000000,FUNDEB: 30% (aplic.outras),83.102.251/0001-04,MUNICÍPIO DE POMERODE,754959.38,165168.22,754959.38,0,754959.38
7,Secretaria de Educação e Formação Empreendedora,1,Educação Infantil,154070000000,FUNDEB: 30% (aplic.outras),937.094.634-91,JOSEFA JANAINA DE SANTANA,522.52,0,522.52,0,522.52
7,Secretaria de Educação e Formação Empreendedora,1,Educação Infantil,154070000000,FUNDEB: 30% (aplic.outras),994.468.122-91,GABRIELE VILHENA DOS SANTOS,62.32,0,62.32,0,62.32
7,Secretaria de Educação e Formação Empreendedora,1,Educação Infantil,155270000300,PNAE - Creche (Transf. de Rec. FNDE),004.986.309-60,EDINHO GADOTTI,3951.75,0,2513.50,40.95,40.95
7,Secretaria de Educação e Formação Empreendedora,1,Educação Infantil,155270000300,PNAE - Creche (Transf. de Rec. FNDE),005.370.259-01,ANDREIAS CRISTIANO EBERT,7292.72,11.60,7292.72,116.38,6492.26
7,Secretaria de Educação e Formação Empreendedora,1,Educação Infantil,155270000300,PNAE - Creche (Transf. de Rec. FNDE),01.435.328/0001-01,COOPERATIVA REGIONAL DE COMERCIALIZAÇÃO DO EXTREMO OESTE - COOPEROESTE,27335.35,0,22214.60,0,22214.60
7,Secretaria de Educação e Formação Empreendedora,1,Educação Infantil,155270000300,PNAE - Creche (Transf. de Rec. FNDE),038.215.889-00,DANIEL AUGUSTO DALAGO,1923.06,0,1923.06,29.49,1784.42
7,Secretaria de Educação e Formação Empreendedora,1,Educação Infantil,155270000300,PNAE - Creche (Transf. de Rec. FNDE),049.269.299-88,DANIEL EBERT,3691.20,0.02,3691.20,57.92,3441.56
7,Secretaria de Educação e Formação Empreendedora,1,Educação Infantil,155270000300,PNAE - Creche (Transf. de Rec. FNDE),06.059.358/0001-76,COOPERATIVA MISTA AGRÍCOLA DE PISCICULTORES - COOMAPEIXE,21062.25,0,19095.75,0,19095.75
7,Secretaria de Educação e Formação Empreendedora,1,Educação Infantil,155270000300,PNAE - Creche (Transf. de Rec. FNDE),061.620.019-62,JULIANA BENVENUTTI,635.04,0,635.04,10.35,635.04
7,Secretaria de Educação e Formação Empreendedora,1,Educação Infantil,155270000300,PNAE - Creche (Transf. de Rec. FNDE),07.125.517/0001-56,COOPERATIVA DA AGRICULTURA FAMILIAR DO VALE DO ITAJAI - COOPERFAVI,9479.01,0,9479.01,0,9479.01
7,Secretaria de Educação e Formação Empreendedora,1,Educação Infantil,155270000300,PNAE - Creche (Transf. de Rec. FNDE),074.066.919-20,ALESSANDRA MAYARA SEIBT,1339.36,0,0,0,0
7,Secretaria de Educação e Formação Empreendedora,1,Educação Infantil,155270000300,PNAE - Creche (Transf. de Rec. FNDE),09.166.805/0001-84,JK COMERCIO DE FRUTAS E VERDURAS LTDA,1431.88,0,0,0,0
7,Secretaria de Educação e Formação Empreendedora,1,Educação Infantil,155270000300,PNAE - Creche (Transf. de Rec. FNDE),095.925.259-27,VINICIUS HENRIQUE SCHWARTZ,1176.24,0,1176.24,17.62,1176.24
7,Secretaria de Educação e Formação Empreendedora,1,Educação Infantil,155270000300,PNAE - Creche (Transf. de Rec. FNDE),11.001.445/0001-02,"ASSOCIAÇÃO DE PRODUTORES ORGÂNICOS DO PLANALTO, VALE DO ITAJAÍ E LITORAL CATARINENSE - ECOFRUTAS",3016.44,0,1481.76,0,1481.76
7,Secretaria de Educação e Formação Empreendedora,1,Educação Infantil,155270000300,PNAE - Creche (Transf. de Rec. FNDE),16.858.182/0001-76,A.V. COMÉRCIO ATACADISTA EIRELI,1188.14,0,1188.14,14.26,1188.14
7,Secretaria de Educação e Formação Empreendedora,1,Educação Infantil,155270000300,PNAE - Creche (Transf. de Rec. FNDE),19.931.480/0001-32,COOPERATIVA DE PEQUENOS PRODUTORES DE TAIÓ - COOPERTAIÓ,26066.10,0,21587.74,0,21587.74
7,Secretaria de Educação e Formação Empreendedora,1,Educação Infantil,155270000300,PNAE - Creche (Transf. de Rec. FNDE),216.932.509-34,RANDOLF KRIECK,3572.20,0,3572.20,55.39,3102.97
7,Secretaria de Educação e Formação Empreendedora,1,Educação Infantil,155270000300,PNAE - Creche (Transf. de Rec. FNDE),22.592.558/0001-46,ONIVITA ALIMENTOS LTDA,328.12,0,328.12,0,328.12
7,Secretaria de Educação e Formação Empreendedora,1,Educação Infantil,155270000300,PNAE - Creche (Transf. de Rec. FNDE),32.250.669/0001-28,MANOI DISTRIBUIDORA DE ALIMENTOS LTDA,4067.67,0,4067.67,48.81,4067.67
7,Secretaria de Educação e Formação Empreendedora,1,Educação Infantil,155270000300,PNAE - Creche (Transf. de Rec. FNDE),34.485.962/0001-08,ROMIL ALIMENTOS LTDA,4201.97,0,4201.97,0,4201.97
7,Secretaria de Educação e Formação Empreendedora,1,Educação Infantil,155270000300,PNAE - Creche (Transf. de Rec. FNDE),379.628.419-15,ROQUE GENTIL STOLF,8272.00,0,8272.00,130.95,8272.00
7,Secretaria de Educação e Formação Empreendedora,1,Educação Infantil,155270000300,PNAE - Creche (Transf. de Rec. FNDE),419.674.709-44,WERNER KRIECK,3938.68,0.08,3938.68,62.85,3514.06
7,Secretaria de Educação e Formação Empreendedora,1,Educação Infantil,155270000300,PNAE - Creche (Transf. de Rec. FNDE),665.555.159-53,ALINOR KRIESER,635.04,0,635.04,9.51,635.04
7,Secretaria de Educação e Formação Empreendedora,1,Educação Infantil,155270000300,PNAE - Creche (Transf. de Rec. FNDE),936.467.209-72,LOURIVAL PISKE,870.84,0,870.84,13.05,870.84
7,Secretaria de Educação e Formação Empreendedora,1,Educação Infantil,155270000400,PNAE - Pré-Escola (Transf. de Rec. FNDE),005.370.259-01,ANDREIAS CRISTIANO EBERT,3608.68,0,3608.68,58.80,3608.68
7,Secretaria de Educação e Formação Empreendedora,1,Educação Infantil,155270000400,PNAE - Pré-Escola (Transf. de Rec. FNDE),01.435.328/0001-01,COOPERATIVA REGIONAL DE COMERCIALIZAÇÃO DO EXTREMO OESTE - COOPEROESTE,8718.21,0,8035.12,0,8035.12
7,Secretaria de Educação e Formação Empreendedora,1,Educação Infantil,155270000400,PNAE - Pré-Escola (Transf. de Rec. FNDE),038.215.889-00,DANIEL AUGUSTO DALAGO,207.94,0,0,0,0
7,Secretaria de Educação e Formação Empreendedora,1,Educação Infantil,155270000400,PNAE - Pré-Escola (Transf. de Rec. FNDE),049.269.299-88,DANIEL EBERT,4594.78,0.01,4594.78,71.15,4594.78
7,Secretaria de Educação e Formação Empreendedora,1,Educação Infantil,155270000400,PNAE - Pré-Escola (Transf. de Rec. FNDE),06.059.358/0001-76,COOPERATIVA MISTA AGRÍCOLA DE PISCICULTORES - COOMAPEIXE,10401.75,0,9108.00,0,9108.00
7,Secretaria de Educação e Formação Empreendedora,1,Educação Infantil,155270000400,PNAE - Pré-Escola (Transf. de Rec. FNDE),061.620.019-62,JULIANA BENVENUTTI,211.68,0,211.68,3.45,211.68
7,Secretaria de Educação e Formação Empreendedora,1,Educação Infantil,155270000400,PNAE - Pré-Escola (Transf. de Rec. FNDE),064.404.039-40,HANS VOLLES JUNIOR,2076.33,0,0,0,0
7,Secretaria de Educação e Formação Empreendedora,1,Educação Infantil,155270000400,PNAE - Pré-Escola (Transf. de Rec. FNDE),07.125.517/0001-56,COOPERATIVA DA AGRICULTURA FAMILIAR DO VALE DO ITAJAI - COOPERFAVI,2547.30,0,0,0,0
7,Secretaria de Educação e Formação Empreendedora,1,Educação Infantil,155270000400,PNAE - Pré-Escola (Transf. de Rec. FNDE),09.166.805/0001-84,JK COMERCIO DE FRUTAS E VERDURAS LTDA,8677.03,0,8677.03,104.11,8677.03
7,Secretaria de Educação e Formação Empreendedora,1,Educação Infantil,155270000400,PNAE - Pré-Escola (Transf. de Rec. FNDE),11.001.445/0001-02,"ASSOCIAÇÃO DE PRODUTORES ORGÂNICOS DO PLANALTO, VALE DO ITAJAÍ E LITORAL CATARINENSE - ECOFRUTAS",3634.23,0,3634.23,0,3634.23
7,Secretaria de Educação e Formação Empreendedora,1,Educação Infantil,155270000400,PNAE - Pré-Escola (Transf. de Rec. FNDE),16.858.182/0001-76,A.V. COMÉRCIO ATACADISTA EIRELI,2158.57,0,2158.57,25.91,2158.57
7,Secretaria de Educação e Formação Empreendedora,1,Educação Infantil,155270000400,PNAE - Pré-Escola (Transf. de Rec. FNDE),19.931.480/0001-32,COOPERATIVA DE PEQUENOS PRODUTORES DE TAIÓ - COOPERTAIÓ,25026.97,0,23293.03,0,23293.03
7,Secretaria de Educação e Formação Empreendedora,1,Educação Infantil,155270000400,PNAE - Pré-Escola (Transf. de Rec. FNDE),216.932.509-34,RANDOLF KRIECK,3752.40,0,3752.40,56.28,3752.40
7,Secretaria de Educação e Formação Empreendedora,1,Educação Infantil,155270000400,PNAE - Pré-Escola (Transf. de Rec. FNDE),22.592.558/0001-46,ONIVITA ALIMENTOS LTDA,3155.00,0,3155.00,0,3155.00
7,Secretaria de Educação e Formação Empreendedora,1,Educação Infantil,155270000400,PNAE - Pré-Escola (Transf. de Rec. FNDE),32.250.669/0001-28,MANOI DISTRIBUIDORA DE ALIMENTOS LTDA,1642.72,0,1642.72,19.71,19.71
7,Secretaria de Educação e Formação Empreendedora,1,Educação Infantil,155270000400,PNAE - Pré-Escola (Transf. de Rec. FNDE),34.485.962/0001-08,ROMIL ALIMENTOS LTDA,2020.05,0,2020.05,0,2020.05
7,Secretaria de Educação e Formação Empreendedora,1,Educação Infantil,155270000400,PNAE - Pré-Escola (Transf. de Rec. FNDE),379.628.419-15,ROQUE GENTIL STOLF,4422.00,0,4422.00,68.18,4422.00
7,Secretaria de Educação e Formação Empreendedora,1,Educação Infantil,155270000400,PNAE - Pré-Escola (Transf. de Rec. FNDE),419.674.709-44,WERNER KRIECK,1301.59,0.02,1301.59,21.21,1245.99
7,Secretaria de Educação e Formação Empreendedora,1,Educação Infantil,155270000400,PNAE - Pré-Escola (Transf. de Rec. FNDE),45.778.629/0001-03,B&B POLPA ORIGINAL LTDA,395.76,0,395.76,0,395.76
7,Secretaria de Educação e Formação Empreendedora,1,Educação Infantil,155270000400,PNAE - Pré-Escola (Transf. de Rec. FNDE),51.900.840/0001-41,GD DISTRIBUIDORA DE ALIMENTOS LTDA,992.73,0,0,0,0
7,Secretaria de Educação e Formação Empreendedora,1,Educação Infantil,250070000000,Rec. Livres (Imp. e Transf. Const.),00.378.257/0001-81,FNDE-FUNDO NACIONAL DESENVOLVIMENTO EDUCACAO,16639.66,0,16639.66,0,16639.66
7,Secretaria de Educação e Formação Empreendedora,1,Educação Infantil,254670000000, Transferências do FUNDEB - Complementação da União - ETI,83.102.251/0001-04,MUNICÍPIO DE POMERODE,7901.49,0,7901.49,0,7901.49
7,Secretaria de Educação e Formação Empreendedora,1,Educação Infantil,255270000300,Transferências de Recursos do FNDE - Creche,005.370.259-01,ANDREIAS CRISTIANO EBERT,414.70,0,414.70,6.22,414.70
7,Secretaria de Educação e Formação Empreendedora,1,Educação Infantil,255270000300,Transferências de Recursos do FNDE - Creche,01.435.328/0001-01,COOPERATIVA REGIONAL DE COMERCIALIZAÇÃO DO EXTREMO OESTE - COOPEROESTE,12440.77,0,12440.77,0,12440.77
7,Secretaria de Educação e Formação Empreendedora,1,Educação Infantil,255270000300,Transferências de Recursos do FNDE - Creche,038.215.889-00,DANIEL AUGUSTO DALAGO,255.21,0,255.21,3.82,255.21
7,Secretaria de Educação e Formação Empreendedora,1,Educação Infantil,255270000300,Transferências de Recursos do FNDE - Creche,049.269.299-88,DANIEL EBERT,657.50,0,657.50,9.86,657.50
7,Secretaria de Educação e Formação Empreendedora,1,Educação Infantil,255270000300,Transferências de Recursos do FNDE - Creche,095.925.259-27,VINICIUS HENRIQUE SCHWARTZ,253.50,0,253.50,3.80,253.50
7,Secretaria de Educação e Formação Empreendedora,1,Educação Infantil,255270000300,Transferências de Recursos do FNDE - Creche,379.628.419-15,ROQUE GENTIL STOLF,1509.75,0,1509.75,22.64,1509.75
7,Secretaria de Educação e Formação Empreendedora,1,Educação Infantil,255270000300,Transferências de Recursos do FNDE - Creche,381.959.419-15,RENATO GAVARECKI,559.51,0,559.51,8.39,559.51
7,Secretaria de Educação e Formação Empreendedora,1,Educação Infantil,255270000300,Transferências de Recursos do FNDE - Creche,419.674.709-44,WERNER KRIECK,203.38,0.01,203.38,3.05,203.38
7,Secretaria de Educação e Formação Empreendedora,1,Educação Infantil,255270000300,Transferências de Recursos do FNDE - Creche,665.555.159-53,ALINOR KRIESER,211.68,0,211.68,3.17,211.68
7,Secretaria de Educação e Formação Empreendedora,1,Educação Infantil,255270000300,Transferências de Recursos do FNDE - Creche,936.467.209-72,LOURIVAL PISKE,243.54,0,243.54,3.65,243.54
7,Secretaria de Educação e Formação Empreendedora,1,Educação Infantil,257070000002,Creche Testo Central - TC PAC 10.025/2014,00.378.257/0001-81,FNDE-FUNDO NACIONAL DESENVOLVIMENTO EDUCACAO,207672.54,0,207672.54,0,207672.54
7,Secretaria de Educação e Formação Empreendedora,1,Educação Infantil,270631100018,Emenda Parlamentar nº 202590550002: Aquisição de mobiliário p/ Educação,22.609.215/0001-47,ALFA LICITACOES LTDA,3396.00,0,3396.00,0,3396.00
7,Secretaria de Educação e Formação Empreendedora,1,Educação Infantil,270631100018,Emenda Parlamentar nº 202590550002: Aquisição de mobiliário p/ Educação,43.877.098/0001-72,CRIATIVA PAPELARIA E ARMARINHOS LTDA,10620.00,0,10620.00,127.44,10620.00
7,Secretaria de Educação e Formação Empreendedora,1,Educação Infantil,270631100018,Emenda Parlamentar nº 202590550002: Aquisição de mobiliário p/ Educação,47.535.889/0001-75,FRANKE CADEIRAS LTDA,8500.00,0,8500.00,0,8500.00
7,Secretaria de Educação e Formação Empreendedora,1,Educação Infantil,270631100018,Emenda Parlamentar nº 202590550002: Aquisição de mobiliário p/ Educação,54.960.622/0001-90,MOBILIA URBANA COMÉRCIO E SERVIÇOS LTDA,63296.00,0,63296.00,0,63296.00
7,Secretaria de Educação e Formação Empreendedora,1,Educação Infantil,270631100018,Emenda Parlamentar nº 202590550002: Aquisição de mobiliário p/ Educação,82.476.144/0001-83,ALER COMÉRCIO DE MÓVEIS LTDA,19058.00,0,19058.00,228.69,19058.00
7,Secretaria de Educação e Formação Empreendedora,1,Educação Infantil,270631100018,Emenda Parlamentar nº 202590550002: Aquisição de mobiliário p/ Educação,93.920.361/0001-37,REIFLEX INDUSTRIA E COMÉRCIO DE MÓVEIS LTDA,5494.00,0,5494.00,65.92,5494.00
7,Secretaria de Educação e Formação Empreendedora,2,Ensino Fundamental,150010010000, Rec. Livres (Imp. e Transf. Const.): MDE 25%,00.456.865/0001-67,BETHA SISTEMAS LTDA,135700.83,0,60311.48,2894.96,45957.35
7,Secretaria de Educação e Formação Empreendedora,2,Ensino Fundamental,150010010000, Rec. Livres (Imp. e Transf. Const.): MDE 25%,00.752.862/0001-70,METALÚRGICA MASKE LTDA,7304.77,0,7304.77,0,7304.77
7,Secretaria de Educação e Formação Empreendedora,2,Ensino Fundamental,150010010000, Rec. Livres (Imp. e Transf. Const.): MDE 25%,01.096.492/0001-23,ENERGIC SERVICOS E TRANSPORTES LTDA,7150.16,0,3733.18,0,3733.18
7,Secretaria de Educação e Formação Empreendedora,2,Ensino Fundamental,150010010000, Rec. Livres (Imp. e Transf. Const.): MDE 25%,02.255.187/0001-08,UNIFIQUE TELECOMUNICAÇÕES S/A,77730.66,0,37014.60,1776.72,37014.60
7,Secretaria de Educação e Formação Empreendedora,2,Ensino Fundamental,150010010000, Rec. Livres (Imp. e Transf. Const.): MDE 25%,02.441.945/0001-74,TRAUM ARTIGOS ESPORTIVOS LTDA,556.80,0,556.80,6.68,556.80
7,Secretaria de Educação e Formação Empreendedora,2,Ensino Fundamental,150010010000, Rec. Livres (Imp. e Transf. Const.): MDE 25%,03.526.560/0001-72,GERAÇÃO Y DE RESENDE COMERCIO LTDA,246.35,0,246.35,0,246.35
7,Secretaria de Educação e Formação Empreendedora,2,Ensino Fundamental,150010010000, Rec. Livres (Imp. e Transf. Const.): MDE 25%,03.774.688/0029-56,SERVIÇO NACIONAL DE APRENDIZAGEM INDUSTRIAL,384070.88,0,188085.44,0,141064.08
7,Secretaria de Educação e Formação Empreendedora,2,Ensino Fundamental,150010010000, Rec. Livres (Imp. e Transf. Const.): MDE 25%,04.586.694/0001-41,INFOTRIZ COMERCIAL EIRELI,1227.00,0,1227.00,14.73,1075.84
7,Secretaria de Educação e Formação Empreendedora,2,Ensino Fundamental,150010010000, Rec. Livres (Imp. e Transf. Const.): MDE 25%,04.724.655/0001-63,COPY LINE COMÉRCIO E SERVIÇOS LTDA,441448.83,0,203848.83,12872.10,203848.83
7,Secretaria de Educação e Formação Empreendedora,2,Ensino Fundamental,150010010000, Rec. Livres (Imp. e Transf. Const.): MDE 25%,05.010.382/0001-58,SUDESTE INDUSTRIA E COMERCIO DE MÓVEIS ESCOLARES LTDA,18840.00,0,18840.00,226.08,18840.00
7,Secretaria de Educação e Formação Empreendedora,2,Ensino Fundamental,150010010000, Rec. Livres (Imp. e Transf. Const.): MDE 25%,05.565.018/0001-54,SIGNA SHOES EXPORTACAO E IMPORTACAO LTDA,7971.00,0,7971.00,95.65,95.65
7,Secretaria de Educação e Formação Empreendedora,2,Ensino Fundamental,150010010000, Rec. Livres (Imp. e Transf. Const.): MDE 25%,06.259.658/0001-07,ALIANÇA EDUCACIONAL LTDA,500000.00,0,150000.00,0,150000.00
7,Secretaria de Educação e Formação Empreendedora,2,Ensino Fundamental,150010010000, Rec. Livres (Imp. e Transf. Const.): MDE 25%,07.448.130/0001-30,SELL MADEIRAS E GUINDASTES LTDA,3441.60,0,3441.60,0,3441.60
7,Secretaria de Educação e Formação Empreendedora,2,Ensino Fundamental,150010010000, Rec. Livres (Imp. e Transf. Const.): MDE 25%,08.221.047/0001-97,ACHEI INDUSTRIA DE MÓVEIS LTDA,24960.00,0,24960.00,299.52,24960.00
7,Secretaria de Educação e Formação Empreendedora,2,Ensino Fundamental,150010010000, Rec. Livres (Imp. e Transf. Const.): MDE 25%,09.196.745/0001-42,"SEBOLD COMERCIAL ATACADO DE PRODUTOS, ALIMENTOS E EQUIPAMENTOS LTDA",2930.40,0,2930.40,35.16,2930.40
7,Secretaria de Educação e Formação Empreendedora,2,Ensino Fundamental,150010010000, Rec. Livres (Imp. e Transf. Const.): MDE 25%,09.316.105/0001-29,FRIOVIX COMERCIO DE REFRIGERAÇÃO LTDA,18441.41,0,18441.41,221.29,18441.41
7,Secretaria de Educação e Formação Empreendedora,2,Ensino Fundamental,150010010000, Rec. Livres (Imp. e Transf. Const.): MDE 25%,09.625.361/0004-40,SUMAY DO BRASIL LTDA,795.99,0.01,795.99,9.55,795.99
7,Secretaria de Educação e Formação Empreendedora,2,Ensino Fundamental,150010010000, Rec. Livres (Imp. e Transf. Const.): MDE 25%,11.118.645/0001-40,SPOTECH INFORMÁTICA CORAL LTDA,1419.22,0,1419.22,17.04,1419.22
7,Secretaria de Educação e Formação Empreendedora,2,Ensino Fundamental,150010010000, Rec. Livres (Imp. e Transf. Const.): MDE 25%,11.669.001/0001-40,ATTLAS SPORTS LTDA,13701.90,0,13701.90,164.41,164.41
7,Secretaria de Educação e Formação Empreendedora,2,Ensino Fundamental,150010010000, Rec. Livres (Imp. e Transf. Const.): MDE 25%,12.674.048/0001-64,COMERCIAL PALMEIRAS LTDA,370.00,0,370.00,0,370.00
7,Secretaria de Educação e Formação Empreendedora,2,Ensino Fundamental,150010010000, Rec. Livres (Imp. e Transf. Const.): MDE 25%,13.340.171/0001-01,SOPRINT COMUNICACAO VISUAL LTDA,2340.00,0,2340.00,0,2340.00
7,Secretaria de Educação e Formação Empreendedora,2,Ensino Fundamental,150010010000, Rec. Livres (Imp. e Transf. Const.): MDE 25%,13.965.228/0001-68,JLM DISTRIBUIDORA BR LTDA,21257.00,1760.00,17955.50,215.46,15089.51
7,Secretaria de Educação e Formação Empreendedora,2,Ensino Fundamental,150010010000, Rec. Livres (Imp. e Transf. Const.): MDE 25%,14.066.477/0001-84,RSUL LTDA,336.00,0,336.00,4.03,336.00
7,Secretaria de Educação e Formação Empreendedora,2,Ensino Fundamental,150010010000, Rec. Livres (Imp. e Transf. Const.): MDE 25%,14.255.257/0001-07,RAFAEL KUHN - ME,1259.55,0,1259.55,15.12,1259.55
7,Secretaria de Educação e Formação Empreendedora,2,Ensino Fundamental,150010010000, Rec. Livres (Imp. e Transf. Const.): MDE 25%,15.086.536/0001-49,CHEZ EDITORA LTDA,135349.50,0,98334.00,4720.02,86587.75
7,Secretaria de Educação e Formação Empreendedora,2,Ensino Fundamental,150010010000, Rec. Livres (Imp. e Transf. Const.): MDE 25%,16.906.556/0001-81,CONCEITUAL DISTRIBUIDORA LTDA - ME,12556.80,0,12556.80,0,12556.80
7,Secretaria de Educação e Formação Empreendedora,2,Ensino Fundamental,150010010000, Rec. Livres (Imp. e Transf. Const.): MDE 25%,17.886.949/0001-33,H.F. SOLUÇÕES LTDA,2092.10,0,2092.10,25.10,2092.10
7,Secretaria de Educação e Formação Empreendedora,2,Ensino Fundamental,150010010000, Rec. Livres (Imp. e Transf. Const.): MDE 25%,18.177.266/0001-70,CONECTA.COM TELECOMUNICAÇÕES E INFORMÁTICA LTDA,116484.35,0,44174.35,0,44174.35
7,Secretaria de Educação e Formação Empreendedora,2,Ensino Fundamental,150010010000, Rec. Livres (Imp. e Transf. Const.): MDE 25%,18.203.285/0001-23,SIEBEN ENGENHARIA E INTERIORES LTDA,150000.00,0,0,0,0
7,Secretaria de Educação e Formação Empreendedora,2,Ensino Fundamental,150010010000, Rec. Livres (Imp. e Transf. Const.): MDE 25%,18.806.639/0001-24,SLM CONSTRUÇÕES E SERVIÇOS SUSTENTÁVEIS LTDA,254593.53,74028.25,253419.12,33272.77,253419.12
7,Secretaria de Educação e Formação Empreendedora,2,Ensino Fundamental,150010010000, Rec. Livres (Imp. e Transf. Const.): MDE 25%,18.828.722/0001-02,POLISPORT ARTIGOS ESPORTIVOS E CONFECÇÕES LTDA,1186.60,0,1186.60,0,328.00
7,Secretaria de Educação e Formação Empreendedora,2,Ensino Fundamental,150010010000, Rec. Livres (Imp. e Transf. Const.): MDE 25%,19.032.430/0001-13,PRINTSUL COMÉRCIO ATACADISTA LTDA,1511.50,0,1511.50,18.14,1511.50
7,Secretaria de Educação e Formação Empreendedora,2,Ensino Fundamental,150010010000, Rec. Livres (Imp. e Transf. Const.): MDE 25%,19.555.146/0001-21,2B DISTRIBUIDORA LTDA,1191.80,0,1191.80,0,590.00
7,Secretaria de Educação e Formação Empreendedora,2,Ensino Fundamental,150010010000, Rec. Livres (Imp. e Transf. Const.): MDE 25%,20.510.631/0001-68,BIG BALL SPORTS MATERIAL ESPORTIVO LTDA - ME,26220.75,26250.75,26220.75,0,0
7,Secretaria de Educação e Formação Empreendedora,2,Ensino Fundamental,150010010000, Rec. Livres (Imp. e Transf. Const.): MDE 25%,21.286.632/0001-33,INOVA COMERCIAL & TRANSPORTE RODOVIÁRIOS LTDA,18582.99,0,18582.99,0,18582.99
7,Secretaria de Educação e Formação Empreendedora,2,Ensino Fundamental,150010010000, Rec. Livres (Imp. e Transf. Const.): MDE 25%,21.613.975/0001-65,TECNOBLU COMÉRCIO DE REFRIGERAÇÃO LTDA,22355.98,0,22355.98,268.27,22355.98
7,Secretaria de Educação e Formação Empreendedora,2,Ensino Fundamental,150010010000, Rec. Livres (Imp. e Transf. Const.): MDE 25%,21.873.370/0001-03,PERFORM TECNOLOGIA LTDA,20151.05,0,0,0,0
7,Secretaria de Educação e Formação Empreendedora,2,Ensino Fundamental,150010010000, Rec. Livres (Imp. e Transf. Const.): MDE 25%,22.637.568/0001-50,RDC PRESTADORA DE SERVICOS LTDA,6993.60,0,6993.60,769.29,6993.60
7,Secretaria de Educação e Formação Empreendedora,2,Ensino Fundamental,150010010000, Rec. Livres (Imp. e Transf. Const.): MDE 25%,23.129.378/0001-95,GIAN FOGÕES LTDA,2000.00,0,2000.00,0,2000.00
7,Secretaria de Educação e Formação Empreendedora,2,Ensino Fundamental,150010010000, Rec. Livres (Imp. e Transf. Const.): MDE 25%,23.608.114/0001-14,SUELEN DAIANE KANIS,3174.00,0,1058.00,0,1058.00
7,Secretaria de Educação e Formação Empreendedora,2,Ensino Fundamental,150010010000, Rec. Livres (Imp. e Transf. Const.): MDE 25%,23.647.237/0001-64,EDUARDO GUERRA DO CARMO,516.00,0,516.00,0,0
7,Secretaria de Educação e Formação Empreendedora,2,Ensino Fundamental,150010010000, Rec. Livres (Imp. e Transf. Const.): MDE 25%,23.725.801/0001-10,JVA OBRAS DE URBANIZAÇÃO LTDA,14627.65,0,10496.25,0,9452.55
7,Secretaria de Educação e Formação Empreendedora,2,Ensino Fundamental,150010010000, Rec. Livres (Imp. e Transf. Const.): MDE 25%,23.860.785/0001-78,MGI MASSARANDUBA COMERCIO VAREJISTA DE GÁS LTDA,78951.12,0,42319.90,101.56,42319.90
7,Secretaria de Educação e Formação Empreendedora,2,Ensino Fundamental,150010010000, Rec. Livres (Imp. e Transf. Const.): MDE 25%,26.044.069/0001-00,SOMA ATACADO LTDA,3699.00,0,3699.00,44.39,3699.00
7,Secretaria de Educação e Formação Empreendedora,2,Ensino Fundamental,150010010000, Rec. Livres (Imp. e Transf. Const.): MDE 25%,26.262.878/0001-99,PGO ENGENHARIA LTDA,116695.07,0,0,0,0
7,Secretaria de Educação e Formação Empreendedora,2,Ensino Fundamental,150010010000, Rec. Livres (Imp. e Transf. Const.): MDE 25%,26.989.067/0001-94,MATIFIC BRASIL APOIO EDUCACIONAL LTDA,136500.00,0,39000.00,1872.00,39000.00
7,Secretaria de Educação e Formação Empreendedora,2,Ensino Fundamental,150010010000, Rec. Livres (Imp. e Transf. Const.): MDE 25%,27.649.356/0001-07,TRIBESS FESTAS E EVENTOS LTDA,170611.67,98199.00,79686.67,0,79686.67
7,Secretaria de Educação e Formação Empreendedora,2,Ensino Fundamental,150010010000, Rec. Livres (Imp. e Transf. Const.): MDE 25%,27.875.714/0001-08,INSTITUTO BRASILEIRO DE INICIAÇÃO CIENTÍFICA,924.00,0,924.00,0,924.00
7,Secretaria de Educação e Formação Empreendedora,2,Ensino Fundamental,150010010000, Rec. Livres (Imp. e Transf. Const.): MDE 25%,28.842.488/0001-13,JSLC COMÉRCIO DE LIVROS LTDA,98014.41,0,98014.41,1176.18,98014.41
7,Secretaria de Educação e Formação Empreendedora,2,Ensino Fundamental,150010010000, Rec. Livres (Imp. e Transf. Const.): MDE 25%,29.222.667/0001-10,SK MATERIAIS PARA ESCRITORIO LTDA,2231.80,0,959.80,11.52,11.52
7,Secretaria de Educação e Formação Empreendedora,2,Ensino Fundamental,150010010000, Rec. Livres (Imp. e Transf. Const.): MDE 25%,33.154.286/0001-19,SEBMED PRODUTOS PARA A SAÚDE EIRELI,7540.32,0,3934.08,0,3934.08
7,Secretaria de Educação e Formação Empreendedora,2,Ensino Fundamental,150010010000, Rec. Livres (Imp. e Transf. Const.): MDE 25%,33.393.798/0002-19,PAULO ROBERTO DOS SANTOS LTDA,19410.00,0,19410.00,0,19410.00
7,Secretaria de Educação e Formação Empreendedora,2,Ensino Fundamental,150010010000, Rec. Livres (Imp. e Transf. Const.): MDE 25%,33.842.718/0001-84,NSC COMERCIO DE ALIMENTOS LTDA,2555.40,0,2555.40,30.66,2555.40
7,Secretaria de Educação e Formação Empreendedora,2,Ensino Fundamental,150010010000, Rec. Livres (Imp. e Transf. Const.): MDE 25%,351.711.899-00,ALBRECHT KNOPF,1600.00,0,1600.00,0,1600.00
7,Secretaria de Educação e Formação Empreendedora,2,Ensino Fundamental,150010010000, Rec. Livres (Imp. e Transf. Const.): MDE 25%,35.605.748/0001-00,TRANSPORTE E TURISMO CONTINI LTDA,211005.33,4383.51,104301.34,0,92601.56
7,Secretaria de Educação e Formação Empreendedora,2,Ensino Fundamental,150010010000, Rec. Livres (Imp. e Transf. Const.): MDE 25%,35.944.400/0001-30,ROTTA DO REPARO MATERIAIS DE CONSTRUÇÃO LTDA,430.80,0,430.80,0,430.80
7,Secretaria de Educação e Formação Empreendedora,2,Ensino Fundamental,150010010000, Rec. Livres (Imp. e Transf. Const.): MDE 25%,36.225.268/0001-79,INSTALAR INSTALAÇÃO E MANUTENÇÃO LTDA,37732.54,0,37243.04,0,37243.04
7,Secretaria de Educação e Formação Empreendedora,2,Ensino Fundamental,150010010000, Rec. Livres (Imp. e Transf. Const.): MDE 25%,36.521.392/0002-62,GO VENDAS ELETRONICAS LTDA,3197.98,0,3197.98,38.38,3197.98
7,Secretaria de Educação e Formação Empreendedora,2,Ensino Fundamental,150010010000, Rec. Livres (Imp. e Transf. Const.): MDE 25%,36.929.401/0001-78,HIGIFORTE INDIANA LIMPEZA E CONSERVACAO LTDA,18112.66,0,6456.98,850.08,6456.98
7,Secretaria de Educação e Formação Empreendedora,2,Ensino Fundamental,150010010000, Rec. Livres (Imp. e Transf. Const.): MDE 25%,37.683.566/0001-75,TIAGO TURCHETTO PESSOTTO,148.20,0,148.20,0,148.20
7,Secretaria de Educação e Formação Empreendedora,2,Ensino Fundamental,150010010000, Rec. Livres (Imp. e Transf. Const.): MDE 25%,38.613.730/0001-30,JM PAPELARIA LTDA,2172.00,0,2172.00,26.06,2172.00
7,Secretaria de Educação e Formação Empreendedora,2,Ensino Fundamental,150010010000, Rec. Livres (Imp. e Transf. Const.): MDE 25%,39.655.478/0001-95,SEBOLD INDUSTRIA DE COSMETICOS LTDA,10382.88,0,7270.08,87.23,7270.08
7,Secretaria de Educação e Formação Empreendedora,2,Ensino Fundamental,150010010000, Rec. Livres (Imp. e Transf. Const.): MDE 25%,40.223.106/0001-79,DARLU INDÚSTRIA TÊXTIL LTDA,117.30,0,117.30,0,117.30
7,Secretaria de Educação e Formação Empreendedora,2,Ensino Fundamental,150010010000, Rec. Livres (Imp. e Transf. Const.): MDE 25%,40.738.368/0001-76,GAMBA CONEXÕES COMÉRCIO ATACADISTA DE ALIMENTOS LTDA,2598.80,0,2598.80,31.19,2598.80
7,Secretaria de Educação e Formação Empreendedora,2,Ensino Fundamental,150010010000, Rec. Livres (Imp. e Transf. Const.): MDE 25%,41.786.083/0001-73,NOVI GAMING COMERCIO DE PRODUTOS PARA INFORMÁTICA LTDA,300.00,0,300.00,0,300.00
7,Secretaria de Educação e Formação Empreendedora,2,Ensino Fundamental,150010010000, Rec. Livres (Imp. e Transf. Const.): MDE 25%,42.785.776/0001-04,ALLY COMERCIO DE PRODUTOS E EQUIPAMENTOS LTDA,732.00,0,0,0,0
7,Secretaria de Educação e Formação Empreendedora,2,Ensino Fundamental,150010010000, Rec. Livres (Imp. e Transf. Const.): MDE 25%,43.877.098/0001-72,CRIATIVA PAPELARIA E ARMARINHOS LTDA,279.60,0,279.60,3.36,279.60
7,Secretaria de Educação e Formação Empreendedora,2,Ensino Fundamental,150010010000, Rec. Livres (Imp. e Transf. Const.): MDE 25%,44.010.279/0001-60,IDEO LICITACOES E COMERCIO,422.00,0,0,0,0
7,Secretaria de Educação e Formação Empreendedora,2,Ensino Fundamental,150010010000, Rec. Livres (Imp. e Transf. Const.): MDE 25%,44.676.496/0001-93,CLIMA VOLTS ELÉTRICA E REFRIGERAÇÃO LTDA,22755.91,0,0,0,0
7,Secretaria de Educação e Formação Empreendedora,2,Ensino Fundamental,150010010000, Rec. Livres (Imp. e Transf. Const.): MDE 25%,44.899.803/0001-03,3B COMERCIAL LTDA,2041.92,0,2041.92,0,2041.92
7,Secretaria de Educação e Formação Empreendedora,2,Ensino Fundamental,150010010000, Rec. Livres (Imp. e Transf. Const.): MDE 25%,45.747.626/0001-02,OTHALA COMERCIO LTDA,7753.50,0,7753.50,93.04,7753.50
7,Secretaria de Educação e Formação Empreendedora,2,Ensino Fundamental,150010010000, Rec. Livres (Imp. e Transf. Const.): MDE 25%,46.449.285/0001-43,MYR COMÉRCIO DE ARTIGOS PEDAGÓGICOS LTDA,3506.10,0,3277.10,39.32,3277.10
7,Secretaria de Educação e Formação Empreendedora,2,Ensino Fundamental,150010010000, Rec. Livres (Imp. e Transf. Const.): MDE 25%,48.398.998/0001-50,COMPASS SOLUÇÕES EM EDUCAÇÃO E TECNOLOGIA LTDA,391030.00,0,391030.00,4692.36,391030.00
7,Secretaria de Educação e Formação Empreendedora,2,Ensino Fundamental,150010010000, Rec. Livres (Imp. e Transf. Const.): MDE 25%,48.400.615/0001-31,M. M. DOS SANTOS - MARIA ANITA DISTRIBUIDORA,1923.00,0,0,0,0
7,Secretaria de Educação e Formação Empreendedora,2,Ensino Fundamental,150010010000, Rec. Livres (Imp. e Transf. Const.): MDE 25%,48.566.347/0001-22,TELES SOLUCOES EMPRESARIAIS LTDA,1193.40,0,1193.40,14.32,1193.40
7,Secretaria de Educação e Formação Empreendedora,2,Ensino Fundamental,150010010000, Rec. Livres (Imp. e Transf. Const.): MDE 25%,49.512.790/0001-83,KINDERBABY COMERCIO DE FRALDAS E ACESSÓRIOS LTDA,6997.36,0,5210.80,0,5210.80
7,Secretaria de Educação e Formação Empreendedora,2,Ensino Fundamental,150010010000, Rec. Livres (Imp. e Transf. Const.): MDE 25%,50.675.079/0001-29,POMERWASSER AMBIENTAL S.P.E. S.A.,377366.99,0,107366.99,5112.95,107366.99
7,Secretaria de Educação e Formação Empreendedora,2,Ensino Fundamental,150010010000, Rec. Livres (Imp. e Transf. Const.): MDE 25%,50.958.011/0001-57,LICITA SHOP COMERCIO E SERVICOS LTDA,879.75,0,879.75,0,879.75
7,Secretaria de Educação e Formação Empreendedora,2,Ensino Fundamental,150010010000, Rec. Livres (Imp. e Transf. Const.): MDE 25%,50.974.600/0001-29,GRAFTIM COMUNICAçAO VISUAL,1380.00,0,1380.00,0,1380.00
7,Secretaria de Educação e Formação Empreendedora,2,Ensino Fundamental,150010010000, Rec. Livres (Imp. e Transf. Const.): MDE 25%,51.892.897/0001-46,JT MEDICAMENTOS LTDA,5174.40,0,5174.40,62.08,5174.40
7,Secretaria de Educação e Formação Empreendedora,2,Ensino Fundamental,150010010000, Rec. Livres (Imp. e Transf. Const.): MDE 25%,52.815.475/0001-30,RGK PRODUTOS E SERVICOS LTDA,200.00,0,0,0,0
7,Secretaria de Educação e Formação Empreendedora,2,Ensino Fundamental,150010010000, Rec. Livres (Imp. e Transf. Const.): MDE 25%,53.111.090/0001-54,FERREIRA & KOHLER ILUMINACAO LTDA,207.00,0,207.00,0,0
7,Secretaria de Educação e Formação Empreendedora,2,Ensino Fundamental,150010010000, Rec. Livres (Imp. e Transf. Const.): MDE 25%,53.121.054/0001-71,LOPES LIMPEZA LTDA,984.00,0,0,0,0
7,Secretaria de Educação e Formação Empreendedora,2,Ensino Fundamental,150010010000, Rec. Livres (Imp. e Transf. Const.): MDE 25%,53.638.440/0002-16,LONDON VIGILÂNCIA PATRIMONIAL LTDA,56363.64,0,28181.82,4179.21,28181.82
7,Secretaria de Educação e Formação Empreendedora,2,Ensino Fundamental,150010010000, Rec. Livres (Imp. e Transf. Const.): MDE 25%,53.795.421/0001-12,M A F VILAS BOAS SERVICOS & CIA LTDA,21060.40,0,9106.80,1412.08,9106.80
7,Secretaria de Educação e Formação Empreendedora,2,Ensino Fundamental,150010010000, Rec. Livres (Imp. e Transf. Const.): MDE 25%,54.860.605/0001-81,LUCAS RICARDO MANIERI DE ALMEIDA LTDA,6000.00,0,0,0,0
7,Secretaria de Educação e Formação Empreendedora,2,Ensino Fundamental,150010010000, Rec. Livres (Imp. e Transf. Const.): MDE 25%,55.063.651/0001-12,INSTITUTO FEIRA DA CIENCIA E ESTUDO TECNOLOGICO - FECET,715.00,0,0,0,0
7,Secretaria de Educação e Formação Empreendedora,2,Ensino Fundamental,150010010000, Rec. Livres (Imp. e Transf. Const.): MDE 25%,56.099.508/0001-43,BALBINOTI SOLUCOES ELETRICAS E TECNOLOGIA LTDA,2151.60,0,0,0,0
7,Secretaria de Educação e Formação Empreendedora,2,Ensino Fundamental,150010010000, Rec. Livres (Imp. e Transf. Const.): MDE 25%,57.142.749/0001-90,EF INDUSTRIA DE PAPEIS LTDA,3589.20,0,0,0,0
7,Secretaria de Educação e Formação Empreendedora,2,Ensino Fundamental,150010010000, Rec. Livres (Imp. e Transf. Const.): MDE 25%,57.765.012/0001-24,MH COMERCIO LTDA,6749.30,0,6749.30,0,6749.30
7,Secretaria de Educação e Formação Empreendedora,2,Ensino Fundamental,150010010000, Rec. Livres (Imp. e Transf. Const.): MDE 25%,58.613.526/0001-27,TREVENZA SOLUCOES LTDA,1950.81,0,1950.81,0,1950.81
7,Secretaria de Educação e Formação Empreendedora,2,Ensino Fundamental,150010010000, Rec. Livres (Imp. e Transf. Const.): MDE 25%,61.186.490/0009-04,EDITORA FTD S/A,231076.25,121336.25,215261.25,2583.14,215261.25
7,Secretaria de Educação e Formação Empreendedora,2,Ensino Fundamental,150010010000, Rec. Livres (Imp. e Transf. Const.): MDE 25%,62.284.671/0001-89,PRIMAZZIA COMERCIO DE MOVEIS E SERVIÇOS LTDA,6134.00,0,6134.00,0,0
7,Secretaria de Educação e Formação Empreendedora,2,Ensino Fundamental,150010010000, Rec. Livres (Imp. e Transf. Const.): MDE 25%,62.917.826/0001-77,A.F DISTRIBUIDORA E COMERCIO LTDA,3278.00,0,3278.00,0,3278.00
7,Secretaria de Educação e Formação Empreendedora,2,Ensino Fundamental,150010010000, Rec. Livres (Imp. e Transf. Const.): MDE 25%,65.149.197/0002-51,REPREMIG REPRESENTAÇÃO COMERCIO DE MINAS GERAIS LTDA,2380.00,0,2380.00,28.56,2380.00
7,Secretaria de Educação e Formação Empreendedora,2,Ensino Fundamental,150010010000, Rec. Livres (Imp. e Transf. Const.): MDE 25%,65.847.114/0001-17,OLI COMUNICAÇÃO VISUAL LTDA,10140.00,0,0,0,0
7,Secretaria de Educação e Formação Empreendedora,2,Ensino Fundamental,150010010000, Rec. Livres (Imp. e Transf. Const.): MDE 25%,78.993.169/0001-87,PETROSKI CONSTRUTORA E INCORPORADORA LTDA,49705.37,687.50,17529.59,210.35,17529.59
7,Secretaria de Educação e Formação Empreendedora,2,Ensino Fundamental,150010010000, Rec. Livres (Imp. e Transf. Const.): MDE 25%,79.846.465/0001-18,GOEDERT LTDA,2569.40,0,2569.40,30.83,2569.40
7,Secretaria de Educação e Formação Empreendedora,2,Ensino Fundamental,150010010000, Rec. Livres (Imp. e Transf. Const.): MDE 25%,80.047.087/0001-91,CIG COMERCIO DE EMBALAGENS - EIRELI,6551.80,0,6551.80,0,6551.80
7,Secretaria de Educação e Formação Empreendedora,2,Ensino Fundamental,150010010000, Rec. Livres (Imp. e Transf. Const.): MDE 25%,81.027.062/0001-99,RC NUHS COMÉRCIO LTDA.,569.16,0,569.16,0,569.16
7,Secretaria de Educação e Formação Empreendedora,2,Ensino Fundamental,150010010000, Rec. Livres (Imp. e Transf. Const.): MDE 25%,82.511.643/0001-64,CONSELHO REGIONAL DE ENGENHARIA E AGRONOMIA DE SANTA CATARINA - CREA-SC,211.42,0.27,211.42,0,211.42
7,Secretaria de Educação e Formação Empreendedora,2,Ensino Fundamental,150010010000, Rec. Livres (Imp. e Transf. Const.): MDE 25%,82.997.446/0001-05,RS DISTRIBUIDORA E COMERCIO LTDA,9000.00,0,4500.00,0,4500.00
7,Secretaria de Educação e Formação Empreendedora,2,Ensino Fundamental,150010010000, Rec. Livres (Imp. e Transf. Const.): MDE 25%,83.073.486/0015-10,LOJAS PRESIDENTE LTDA,9485.00,0,9485.00,113.82,9485.00
7,Secretaria de Educação e Formação Empreendedora,2,Ensino Fundamental,150010010000, Rec. Livres (Imp. e Transf. Const.): MDE 25%,83.240.028/0001-23,COPAPEL COM. E REPRESENTACOES DE PAPEL LTDA,306.72,0,306.72,3.68,306.72
7,Secretaria de Educação e Formação Empreendedora,2,Ensino Fundamental,150010010000, Rec. Livres (Imp. e Transf. Const.): MDE 25%,95.764.890/0001-14,VIRTUAL SUPRIMENTOS LTDA,532.00,0,532.00,6.38,532.00
7,Secretaria de Educação e Formação Empreendedora,2,Ensino Fundamental,150070000000,Rec. Livres (Imp. e Transf. Const.),09.166.805/0001-84,JK COMERCIO DE FRUTAS E VERDURAS LTDA,138582.85,0,133595.75,1603.03,133595.75
7,Secretaria de Educação e Formação Empreendedora,2,Ensino Fundamental,150070000000,Rec. Livres (Imp. e Transf. Const.),16.858.182/0001-76,A.V. COMÉRCIO ATACADISTA EIRELI,119695.69,0,93904.71,1126.86,93904.71
7,Secretaria de Educação e Formação Empreendedora,2,Ensino Fundamental,150070000000,Rec. Livres (Imp. e Transf. Const.),22.592.558/0001-46,ONIVITA ALIMENTOS LTDA,9540.72,0,6814.80,0,6814.80
7,Secretaria de Educação e Formação Empreendedora,2,Ensino Fundamental,150070000000,Rec. Livres (Imp. e Transf. Const.),32.250.669/0001-28,MANOI DISTRIBUIDORA DE ALIMENTOS LTDA,111463.44,0,93242.01,1118.89,93242.01
7,Secretaria de Educação e Formação Empreendedora,2,Ensino Fundamental,150070000000,Rec. Livres (Imp. e Transf. Const.),34.485.962/0001-08,ROMIL ALIMENTOS LTDA,104072.80,0,87467.64,0,87467.64
7,Secretaria de Educação e Formação Empreendedora,2,Ensino Fundamental,150070000000,Rec. Livres (Imp. e Transf. Const.),40.738.368/0001-76,GAMBA CONEXÕES COMÉRCIO ATACADISTA DE ALIMENTOS LTDA,4928.00,0,4928.00,59.13,4928.00
7,Secretaria de Educação e Formação Empreendedora,2,Ensino Fundamental,150070000000,Rec. Livres (Imp. e Transf. Const.),45.778.629/0001-03,B&B POLPA ORIGINAL LTDA,7046.17,0,4873.09,0,4873.09
7,Secretaria de Educação e Formação Empreendedora,2,Ensino Fundamental,150070000000,Rec. Livres (Imp. e Transf. Const.),51.900.840/0001-41,GD DISTRIBUIDORA DE ALIMENTOS LTDA,51805.23,0,44923.24,539.02,44923.24
7,Secretaria de Educação e Formação Empreendedora,2,Ensino Fundamental,150070000000,Rec. Livres (Imp. e Transf. Const.),79.227.963/0014-05,NC COMUNICAÇÕES S/A,385.46,0,385.46,18.50,385.46
7,Secretaria de Educação e Formação Empreendedora,2,Ensino Fundamental,150070000000,Rec. Livres (Imp. e Transf. Const.),80.413.479/0001-27,DISTRIBUIDORA DE ALIMENTOS OLIVEIRA LTDA,62012.98,0,40858.58,0,40858.58
7,Secretaria de Educação e Formação Empreendedora,2,Ensino Fundamental,150070000000,Rec. Livres (Imp. e Transf. Const.),83.788.661/0001-50,ASSOC PAIS AMIGOS DOS EXCEPCIONAIS DE POMERODE,1385888.88,10888.88,362888.88,0,362888.88
7,Secretaria de Educação e Formação Empreendedora,2,Ensino Fundamental,154010700000, FUNDEB: 70% (Aplic. Profis),000.097.679-24,JERUSA IVANY CARDOSO RADUENZ,1508.10,0,1508.10,0,1508.10
7,Secretaria de Educação e Formação Empreendedora,2,Ensino Fundamental,154010700000, FUNDEB: 70% (Aplic. Profis),005.400.099-89,CARLOS GIELAND GOULART,10047.06,0,10047.06,1133.26,10047.06
7,Secretaria de Educação e Formação Empreendedora,2,Ensino Fundamental,154010700000, FUNDEB: 70% (Aplic. Profis),008.700.549-29,LUCIANE MARCHIORI MAGALHÃES,1416.95,0,1416.95,138.23,1416.95
7,Secretaria de Educação e Formação Empreendedora,2,Ensino Fundamental,154010700000, FUNDEB: 70% (Aplic. Profis),020.574.981-07,FATIMA DUARTE HARTECOF,2562.45,0,2562.45,97.10,2562.45
7,Secretaria de Educação e Formação Empreendedora,2,Ensino Fundamental,154010700000, FUNDEB: 70% (Aplic. Profis),023.050.580-55,ROSELI LOOCK DOS SANTOS,5649.62,0,5649.62,592.18,5649.62
7,Secretaria de Educação e Formação Empreendedora,2,Ensino Fundamental,154010700000, FUNDEB: 70% (Aplic. Profis),029.543.720-01,EULALIA HANNAH TESCHE,3943.65,0,3943.65,1013.42,3943.65
7,Secretaria de Educação e Formação Empreendedora,2,Ensino Fundamental,154010700000, FUNDEB: 70% (Aplic. Profis),035.800.205-28,SANDRA SANTOS DOS ANJOS,1436.12,0,1436.12,86.14,1436.12
7,Secretaria de Educação e Formação Empreendedora,2,Ensino Fundamental,154010700000, FUNDEB: 70% (Aplic. Profis),04.533.821/0001-44,FUNDO DE APOSENTADORIA E PENSOES,2049819.28,538471.24,2049819.28,67.54,1710352.63
7,Secretaria de Educação e Formação Empreendedora,2,Ensino Fundamental,154010700000, FUNDEB: 70% (Aplic. Profis),046.680.019-37,CARLA FERNANDES,4404.85,0,4404.85,300.87,4404.85
7,Secretaria de Educação e Formação Empreendedora,2,Ensino Fundamental,154010700000, FUNDEB: 70% (Aplic. Profis),047.302.899-94,DAIANE CRISTINA DA SILVA MAÇANEIRO,2802.69,0,2802.69,30.18,2802.69
7,Secretaria de Educação e Formação Empreendedora,2,Ensino Fundamental,154010700000, FUNDEB: 70% (Aplic. Profis),049.391.254-16,ROSILÂINE SOUZA ALVES DORN,457.01,0,457.01,63.98,457.01
7,Secretaria de Educação e Formação Empreendedora,2,Ensino Fundamental,154010700000, FUNDEB: 70% (Aplic. Profis),054.742.119-29,CARINE RUECKL,7396.49,0,7396.49,680.90,7396.49
7,Secretaria de Educação e Formação Empreendedora,2,Ensino Fundamental,154010700000, FUNDEB: 70% (Aplic. Profis),056.934.099-37,IRIS BUTZKE CAMILO,1252.63,0,1252.63,0,1252.63
7,Secretaria de Educação e Formação Empreendedora,2,Ensino Fundamental,154010700000, FUNDEB: 70% (Aplic. Profis),061.274.379-97,FLAVIA ELEN FERREIRA LONGO,9623.25,0,9623.25,402.81,9623.25
7,Secretaria de Educação e Formação Empreendedora,2,Ensino Fundamental,154010700000, FUNDEB: 70% (Aplic. Profis),064.684.749-06,SIMONE MAAS,1468.79,0,1468.79,110.15,1468.79
7,Secretaria de Educação e Formação Empreendedora,2,Ensino Fundamental,154010700000, FUNDEB: 70% (Aplic. Profis),069.476.379-96,CINTIA MIRANDA,13994.14,0,13994.14,931.30,13994.14
7,Secretaria de Educação e Formação Empreendedora,2,Ensino Fundamental,154010700000, FUNDEB: 70% (Aplic. Profis),084.403.149-65,LARISSA MAYARA HAFEMANN,5125.71,0,5125.71,459.61,5125.71
7,Secretaria de Educação e Formação Empreendedora,2,Ensino Fundamental,154010700000, FUNDEB: 70% (Aplic. Profis),086.028.864-11,JOSE AVELINO DA SILVA,475.96,0,475.96,33.00,475.96
7,Secretaria de Educação e Formação Empreendedora,2,Ensino Fundamental,154010700000, FUNDEB: 70% (Aplic. Profis),089.493.469-40,ALESSANDRA MARIA APARECIDA TOMASELLI GRIMES,9321.41,0,9321.41,2041.23,9321.41
7,Secretaria de Educação e Formação Empreendedora,2,Ensino Fundamental,154010700000, FUNDEB: 70% (Aplic. Profis),092.643.009-29,RUAN MATHEUS RUBIO,803.52,0,803.52,60.26,803.52
7,Secretaria de Educação e Formação Empreendedora,2,Ensino Fundamental,154010700000, FUNDEB: 70% (Aplic. Profis),094.946.639-50,GABRIELA STEINERT,1322.91,0,1322.91,56.04,1322.91
7,Secretaria de Educação e Formação Empreendedora,2,Ensino Fundamental,154010700000, FUNDEB: 70% (Aplic. Profis),105.032.789-63,PAMELA SCHWARZ,7315.19,0,7315.19,326.89,7315.19
7,Secretaria de Educação e Formação Empreendedora,2,Ensino Fundamental,154010700000, FUNDEB: 70% (Aplic. Profis),120.677.109-74,LIVIA DA CONCEICAO SANTOS,729.08,0,729.08,54.67,729.08
7,Secretaria de Educação e Formação Empreendedora,2,Ensino Fundamental,154010700000, FUNDEB: 70% (Aplic. Profis),144.220.118-55,ALEXANDRO TORRES DE OLIVEIRA,954.69,0,954.69,71.59,954.69
7,Secretaria de Educação e Formação Empreendedora,2,Ensino Fundamental,154010700000, FUNDEB: 70% (Aplic. Profis),149.458.249-08,ANA PAULA GALVÃO,2889.33,0,2889.33,124.27,2889.33
7,Secretaria de Educação e Formação Empreendedora,2,Ensino Fundamental,154010700000, FUNDEB: 70% (Aplic. Profis),29.979.036/0001-40,INSS- INSTITUTO NACIONAL DO SEGURO SOCIAL,188495.39,14143.80,188495.39,0,144698.96
7,Secretaria de Educação e Formação Empreendedora,2,Ensino Fundamental,154010700000, FUNDEB: 70% (Aplic. Profis),351.129.328-64,CARLA EMILLY CARVALHO EVANGELISTA,4848.20,0,4848.20,89.37,4848.20
7,Secretaria de Educação e Formação Empreendedora,2,Ensino Fundamental,154010700000, FUNDEB: 70% (Aplic. Profis),37.115.367/0001-60,MINISTERIO DO TRABALHO - MTE,83734.28,7247.99,83734.28,0,58497.86
7,Secretaria de Educação e Formação Empreendedora,2,Ensino Fundamental,154010700000, FUNDEB: 70% (Aplic. Profis),588.517.399-00,JONAS ROBERTO WUERGES,3358.54,0,3358.54,0,3358.54
7,Secretaria de Educação e Formação Empreendedora,2,Ensino Fundamental,154010700000, FUNDEB: 70% (Aplic. Profis),678.585.389-34,KELLY CRISTINA OREANO GIUSTI MEURER,14939.58,0,14939.58,0,14939.58
7,Secretaria de Educação e Formação Empreendedora,2,Ensino Fundamental,154010700000, FUNDEB: 70% (Aplic. Profis),687.132.319-87,MARGARETH KORN,5064.19,0,5064.19,171.20,5064.19
7,Secretaria de Educação e Formação Empreendedora,2,Ensino Fundamental,154010700000, FUNDEB: 70% (Aplic. Profis),818.576.679-72,JONAS BORCHARDT,12083.76,0,12083.76,706.46,12083.76
7,Secretaria de Educação e Formação Empreendedora,2,Ensino Fundamental,154010700000, FUNDEB: 70% (Aplic. Profis),83.102.251/0001-04,MUNICÍPIO DE POMERODE,13561032.02,2747695.57,13561032.02,4033661.66,13561032.02
7,Secretaria de Educação e Formação Empreendedora,2,Ensino Fundamental,154070000000,FUNDEB: 30% (aplic.outras),003.806.989-00,TATIANE CRISTINA RASSWEILER,4482.55,0,4482.55,1344.18,4482.55
7,Secretaria de Educação e Formação Empreendedora,2,Ensino Fundamental,154070000000,FUNDEB: 30% (aplic.outras),020.574.981-07,FATIMA DUARTE HARTECOF,73.32,0,73.32,0,73.32
7,Secretaria de Educação e Formação Empreendedora,2,Ensino Fundamental,154070000000,FUNDEB: 30% (aplic.outras),021.252.239-61,DORACI SIEWERDT KREHNKE,2844.19,0,2844.19,74.45,2844.19
7,Secretaria de Educação e Formação Empreendedora,2,Ensino Fundamental,154070000000,FUNDEB: 30% (aplic.outras),023.050.580-55,ROSELI LOOCK DOS SANTOS,810.36,0,810.36,0,810.36
7,Secretaria de Educação e Formação Empreendedora,2,Ensino Fundamental,154070000000,FUNDEB: 30% (aplic.outras),029.543.720-01,EULALIA HANNAH TESCHE,374.00,0,374.00,0,374.00
7,Secretaria de Educação e Formação Empreendedora,2,Ensino Fundamental,154070000000,FUNDEB: 30% (aplic.outras),035.800.205-28,SANDRA SANTOS DOS ANJOS,467.50,0,467.50,0,467.50
7,Secretaria de Educação e Formação Empreendedora,2,Ensino Fundamental,154070000000,FUNDEB: 30% (aplic.outras),045.313.489-07,LUCIANE FERREIRA LOPES ALVES,969.24,0,969.24,63.33,969.24
7,Secretaria de Educação e Formação Empreendedora,2,Ensino Fundamental,154070000000,FUNDEB: 30% (aplic.outras),04.533.821/0001-44,FUNDO DE APOSENTADORIA E PENSOES,124389.80,48729.86,124389.80,0,124389.80
7,Secretaria de Educação e Formação Empreendedora,2,Ensino Fundamental,154070000000,FUNDEB: 30% (aplic.outras),046.680.019-37,CARLA FERNANDES,498.68,0,498.68,0,498.68
7,Secretaria de Educação e Formação Empreendedora,2,Ensino Fundamental,154070000000,FUNDEB: 30% (aplic.outras),049.391.254-16,ROSILÂINE SOUZA ALVES DORN,183.32,0,183.32,0,183.32
7,Secretaria de Educação e Formação Empreendedora,2,Ensino Fundamental,154070000000,FUNDEB: 30% (aplic.outras),054.742.119-29,CARINE RUECKL,990.00,0,990.00,0,990.00
7,Secretaria de Educação e Formação Empreendedora,2,Ensino Fundamental,154070000000,FUNDEB: 30% (aplic.outras),056.934.099-37,IRIS BUTZKE CAMILO,733.32,0,733.32,0,733.32
7,Secretaria de Educação e Formação Empreendedora,2,Ensino Fundamental,154070000000,FUNDEB: 30% (aplic.outras),060.126.469-09,FELIPPE RAMOS MACANEIRO,5630.00,0,5630.00,1317.37,5630.00
7,Secretaria de Educação e Formação Empreendedora,2,Ensino Fundamental,154070000000,FUNDEB: 30% (aplic.outras),064.684.749-06,SIMONE MAAS,374.00,0,374.00,0,374.00
7,Secretaria de Educação e Formação Empreendedora,2,Ensino Fundamental,154070000000,FUNDEB: 30% (aplic.outras),069.476.379-96,CINTIA MIRANDA,1210.00,0,1210.00,0,1210.00
7,Secretaria de Educação e Formação Empreendedora,2,Ensino Fundamental,154070000000,FUNDEB: 30% (aplic.outras),084.403.149-65,LARISSA MAYARA HAFEMANN,498.68,0,498.68,0,498.68
7,Secretaria de Educação e Formação Empreendedora,2,Ensino Fundamental,154070000000,FUNDEB: 30% (aplic.outras),088.836.319-27,BARBARA CANTERO,5501.78,0,5501.78,242.24,5501.78
7,Secretaria de Educação e Formação Empreendedora,2,Ensino Fundamental,154070000000,FUNDEB: 30% (aplic.outras),089.493.469-40,ALESSANDRA MARIA APARECIDA TOMASELLI GRIMES,810.32,0,810.32,0,810.32
7,Secretaria de Educação e Formação Empreendedora,2,Ensino Fundamental,154070000000,FUNDEB: 30% (aplic.outras),092.643.009-29,RUAN MATHEUS RUBIO,280.50,0,280.50,0,280.50
7,Secretaria de Educação e Formação Empreendedora,2,Ensino Fundamental,154070000000,FUNDEB: 30% (aplic.outras),093.813.239-33,DHYESSICA SANTOS DA COSTA,384.01,0,384.01,0,384.01
7,Secretaria de Educação e Formação Empreendedora,2,Ensino Fundamental,154070000000,FUNDEB: 30% (aplic.outras),094.946.639-50,GABRIELA STEINERT,62.32,0,62.32,0,62.32
7,Secretaria de Educação e Formação Empreendedora,2,Ensino Fundamental,154070000000,FUNDEB: 30% (aplic.outras),098.188.609-42,MAHELI SUELI DA SILVA,3453.41,0,3453.41,172.34,3453.41
7,Secretaria de Educação e Formação Empreendedora,2,Ensino Fundamental,154070000000,FUNDEB: 30% (aplic.outras),102.142.649-04,ADRIELLY NEUMANN,4761.57,0,4761.57,229.22,4761.57
7,Secretaria de Educação e Formação Empreendedora,2,Ensino Fundamental,154070000000,FUNDEB: 30% (aplic.outras),105.032.789-63,PAMELA SCHWARZ,366.68,0,366.68,0,366.68
7,Secretaria de Educação e Formação Empreendedora,2,Ensino Fundamental,154070000000,FUNDEB: 30% (aplic.outras),120.677.109-74,LIVIA DA CONCEICAO SANTOS,155.82,0,155.82,0,155.82
7,Secretaria de Educação e Formação Empreendedora,2,Ensino Fundamental,154070000000,FUNDEB: 30% (aplic.outras),144.220.118-55,ALEXANDRO TORRES DE OLIVEIRA,62.32,0,62.32,0,62.32
7,Secretaria de Educação e Formação Empreendedora,2,Ensino Fundamental,154070000000,FUNDEB: 30% (aplic.outras),149.458.249-08,ANA PAULA GALVÃO,73.32,0,73.32,0,73.32
7,Secretaria de Educação e Formação Empreendedora,2,Ensino Fundamental,154070000000,FUNDEB: 30% (aplic.outras),29.979.036/0001-40,INSS- INSTITUTO NACIONAL DO SEGURO SOCIAL,15652.79,4953.81,15652.79,0,15652.79
7,Secretaria de Educação e Formação Empreendedora,2,Ensino Fundamental,154070000000,FUNDEB: 30% (aplic.outras),351.129.328-64,CARLA EMILLY CARVALHO EVANGELISTA,330.00,0,330.00,0,330.00
7,Secretaria de Educação e Formação Empreendedora,2,Ensino Fundamental,154070000000,FUNDEB: 30% (aplic.outras),37.115.367/0001-60,MINISTERIO DO TRABALHO - MTE,6384.11,2259.87,6384.11,0,6384.11
7,Secretaria de Educação e Formação Empreendedora,2,Ensino Fundamental,154070000000,FUNDEB: 30% (aplic.outras),543.497.709-25,JAIRO RAMOS DE OLIVEIRA,16318.89,0,16318.89,629.29,16318.89
7,Secretaria de Educação e Formação Empreendedora,2,Ensino Fundamental,154070000000,FUNDEB: 30% (aplic.outras),588.517.399-00,JONAS ROBERTO WUERGES,810.32,0,810.32,0,810.32
7,Secretaria de Educação e Formação Empreendedora,2,Ensino Fundamental,154070000000,FUNDEB: 30% (aplic.outras),687.132.319-87,MARGARETH KORN,280.50,0,280.50,0,280.50
7,Secretaria de Educação e Formação Empreendedora,2,Ensino Fundamental,154070000000,FUNDEB: 30% (aplic.outras),818.576.679-72,JONAS BORCHARDT,550.00,0,550.00,0,550.00
7,Secretaria de Educação e Formação Empreendedora,2,Ensino Fundamental,154070000000,FUNDEB: 30% (aplic.outras),83.102.251/0001-04,MUNICÍPIO DE POMERODE,3637630.02,1046835.01,3637630.02,248566.23,3637630.02
7,Secretaria de Educação e Formação Empreendedora,2,Ensino Fundamental,154070000000,FUNDEB: 30% (aplic.outras),868.015.629-91,LORENI MARIA ROSALEN ZAMPROGNA,110.00,0,110.00,0,110.00
7,Secretaria de Educação e Formação Empreendedora,2,Ensino Fundamental,155070000000,Salário-Educação,08.336.783/0001-90,CELESC DISTRIBUICAO S.A,744866.52,0,274866.52,3295.68,274866.52
7,Secretaria de Educação e Formação Empreendedora,2,Ensino Fundamental,155070000000,Salário-Educação,15.450.354/0001-05,CBR SOLUÇÕES TECNOLÓGICAS LTDA,55800.00,0,0,0,0
7,Secretaria de Educação e Formação Empreendedora,2,Ensino Fundamental,155070000000,Salário-Educação,18.203.285/0001-23,SIEBEN ENGENHARIA E INTERIORES LTDA,150000.00,0,0,0,0
7,Secretaria de Educação e Formação Empreendedora,2,Ensino Fundamental,155070000000,Salário-Educação,31.851.052/0001-03,EDER BASTOS & CIA LTDA,60000.00,0,0,0,0
7,Secretaria de Educação e Formação Empreendedora,2,Ensino Fundamental,155070000000,Salário-Educação,61.186.490/0009-04,EDITORA FTD S/A,89490.00,0,0,0,0
7,Secretaria de Educação e Formação Empreendedora,2,Ensino Fundamental,155070000000,Salário-Educação,85.460.079/0001-96,EMPRESA DE TRANSPORTE COLETIVO VOLKMANN LTDA,607365.00,0,157365.00,3776.76,157365.00
7,Secretaria de Educação e Formação Empreendedora,2,Ensino Fundamental,155270000100,PNAE - Ensino Fundamental (Transf. de Rec. FNDE),004.132.629-60,JEAN HENRIQUE GAULKE,849.75,0,0,0,0
7,Secretaria de Educação e Formação Empreendedora,2,Ensino Fundamental,155270000100,PNAE - Ensino Fundamental (Transf. de Rec. FNDE),005.370.259-01,ANDREIAS CRISTIANO EBERT,6423.38,0,6423.38,104.15,6423.38
7,Secretaria de Educação e Formação Empreendedora,2,Ensino Fundamental,155270000100,PNAE - Ensino Fundamental (Transf. de Rec. FNDE),01.435.328/0001-01,COOPERATIVA REGIONAL DE COMERCIALIZAÇÃO DO EXTREMO OESTE - COOPEROESTE,26167.98,0,22704.39,0,22704.39
7,Secretaria de Educação e Formação Empreendedora,2,Ensino Fundamental,155270000100,PNAE - Ensino Fundamental (Transf. de Rec. FNDE),038.215.889-00,DANIEL AUGUSTO DALAGO,1075.63,0,879.03,13.96,879.03
7,Secretaria de Educação e Formação Empreendedora,2,Ensino Fundamental,155270000100,PNAE - Ensino Fundamental (Transf. de Rec. FNDE),049.269.299-88,DANIEL EBERT,2641.52,0.01,2641.52,43.04,2641.52
7,Secretaria de Educação e Formação Empreendedora,2,Ensino Fundamental,155270000100,PNAE - Ensino Fundamental (Transf. de Rec. FNDE),06.059.358/0001-76,COOPERATIVA MISTA AGRÍCOLA DE PISCICULTORES - COOMAPEIXE,42642.00,0,36483.75,0,36483.75
7,Secretaria de Educação e Formação Empreendedora,2,Ensino Fundamental,155270000100,PNAE - Ensino Fundamental (Transf. de Rec. FNDE),061.244.419-85,JUCINEI KOSLOSKI,1740.56,0,0,0,0
7,Secretaria de Educação e Formação Empreendedora,2,Ensino Fundamental,155270000100,PNAE - Ensino Fundamental (Transf. de Rec. FNDE),061.620.019-62,JULIANA BENVENUTTI,611.52,0,211.68,3.45,211.68
7,Secretaria de Educação e Formação Empreendedora,2,Ensino Fundamental,155270000100,PNAE - Ensino Fundamental (Transf. de Rec. FNDE),064.404.039-40,HANS VOLLES JUNIOR,6012.06,0,6012.06,95.49,6012.06
7,Secretaria de Educação e Formação Empreendedora,2,Ensino Fundamental,155270000100,PNAE - Ensino Fundamental (Transf. de Rec. FNDE),074.066.919-20,ALESSANDRA MAYARA SEIBT,669.68,0,0,0,0
7,Secretaria de Educação e Formação Empreendedora,2,Ensino Fundamental,155270000100,PNAE - Ensino Fundamental (Transf. de Rec. FNDE),077.363.659-54,CLAUDIO KRIESER,4568.37,0,3182.46,49.88,3182.46
7,Secretaria de Educação e Formação Empreendedora,2,Ensino Fundamental,155270000100,PNAE - Ensino Fundamental (Transf. de Rec. FNDE),09.166.805/0001-84,JK COMERCIO DE FRUTAS E VERDURAS LTDA,3900.39,0,3900.39,46.80,3900.39
7,Secretaria de Educação e Formação Empreendedora,2,Ensino Fundamental,155270000100,PNAE - Ensino Fundamental (Transf. de Rec. FNDE),095.925.259-27,VINICIUS HENRIQUE SCHWARTZ,462.65,0,253.50,3.80,253.50
7,Secretaria de Educação e Formação Empreendedora,2,Ensino Fundamental,155270000100,PNAE - Ensino Fundamental (Transf. de Rec. FNDE),11.001.445/0001-02,"ASSOCIAÇÃO DE PRODUTORES ORGÂNICOS DO PLANALTO, VALE DO ITAJAÍ E LITORAL CATARINENSE - ECOFRUTAS",29763.89,0,23485.26,0,23485.26
7,Secretaria de Educação e Formação Empreendedora,2,Ensino Fundamental,155270000100,PNAE - Ensino Fundamental (Transf. de Rec. FNDE),16.858.182/0001-76,A.V. COMÉRCIO ATACADISTA EIRELI,5173.93,0,5173.93,62.09,5173.93
7,Secretaria de Educação e Formação Empreendedora,2,Ensino Fundamental,155270000100,PNAE - Ensino Fundamental (Transf. de Rec. FNDE),19.931.480/0001-32,COOPERATIVA DE PEQUENOS PRODUTORES DE TAIÓ - COOPERTAIÓ,59025.48,1208.31,53359.67,0,53359.67
7,Secretaria de Educação e Formação Empreendedora,2,Ensino Fundamental,155270000100,PNAE - Ensino Fundamental (Transf. de Rec. FNDE),216.932.509-34,RANDOLF KRIECK,7420.00,0,7420.00,115.84,7420.00
7,Secretaria de Educação e Formação Empreendedora,2,Ensino Fundamental,155270000100,PNAE - Ensino Fundamental (Transf. de Rec. FNDE),22.592.558/0001-46,ONIVITA ALIMENTOS LTDA,6082.84,0,6082.84,0,6082.84
7,Secretaria de Educação e Formação Empreendedora,2,Ensino Fundamental,155270000100,PNAE - Ensino Fundamental (Transf. de Rec. FNDE),32.250.669/0001-28,MANOI DISTRIBUIDORA DE ALIMENTOS LTDA,16013.60,0,16013.60,192.16,16013.60
7,Secretaria de Educação e Formação Empreendedora,2,Ensino Fundamental,155270000100,PNAE - Ensino Fundamental (Transf. de Rec. FNDE),34.485.962/0001-08,ROMIL ALIMENTOS LTDA,12655.60,0,12655.60,0,12655.60
7,Secretaria de Educação e Formação Empreendedora,2,Ensino Fundamental,155270000100,PNAE - Ensino Fundamental (Transf. de Rec. FNDE),379.628.419-15,ROQUE GENTIL STOLF,4380.75,0,4380.75,69.42,4380.75
7,Secretaria de Educação e Formação Empreendedora,2,Ensino Fundamental,155270000100,PNAE - Ensino Fundamental (Transf. de Rec. FNDE),381.959.419-15,RENATO GAVARECKI,8031.59,0,6888.65,109.30,6888.65
7,Secretaria de Educação e Formação Empreendedora,2,Ensino Fundamental,155270000100,PNAE - Ensino Fundamental (Transf. de Rec. FNDE),419.674.709-44,WERNER KRIECK,3917.18,0.03,3735.21,60.87,3735.21
7,Secretaria de Educação e Formação Empreendedora,2,Ensino Fundamental,155270000100,PNAE - Ensino Fundamental (Transf. de Rec. FNDE),45.778.629/0001-03,B&B POLPA ORIGINAL LTDA,1776.85,0,1776.85,0,1776.85
7,Secretaria de Educação e Formação Empreendedora,2,Ensino Fundamental,155270000100,PNAE - Ensino Fundamental (Transf. de Rec. FNDE),51.900.840/0001-41,GD DISTRIBUIDORA DE ALIMENTOS LTDA,1542.24,0,0,0,0
7,Secretaria de Educação e Formação Empreendedora,2,Ensino Fundamental,155270000100,PNAE - Ensino Fundamental (Transf. de Rec. FNDE),665.555.159-53,ALINOR KRIESER,211.68,0,211.68,3.17,211.68
7,Secretaria de Educação e Formação Empreendedora,2,Ensino Fundamental,155270000100,PNAE - Ensino Fundamental (Transf. de Rec. FNDE),80.413.479/0001-27,DISTRIBUIDORA DE ALIMENTOS OLIVEIRA LTDA,27367.22,0,27367.22,0,27367.22
7,Secretaria de Educação e Formação Empreendedora,2,Ensino Fundamental,155270000100,PNAE - Ensino Fundamental (Transf. de Rec. FNDE),936.467.209-72,LOURIVAL PISKE,228.78,0,228.78,3.43,228.78
7,Secretaria de Educação e Formação Empreendedora,2,Ensino Fundamental,155270000200,PNAE - AEE (Transf. de Rec. FNDE),005.370.259-01,ANDREIAS CRISTIANO EBERT,1035.40,0,1035.40,16.39,1035.40
7,Secretaria de Educação e Formação Empreendedora,2,Ensino Fundamental,155270000200,PNAE - AEE (Transf. de Rec. FNDE),01.435.328/0001-01,COOPERATIVA REGIONAL DE COMERCIALIZAÇÃO DO EXTREMO OESTE - COOPEROESTE,2085.76,0,1799.98,0,1799.98
7,Secretaria de Educação e Formação Empreendedora,2,Ensino Fundamental,155270000200,PNAE - AEE (Transf. de Rec. FNDE),038.215.889-00,DANIEL AUGUSTO DALAGO,493.22,0,493.22,7.65,493.22
7,Secretaria de Educação e Formação Empreendedora,2,Ensino Fundamental,155270000200,PNAE - AEE (Transf. de Rec. FNDE),049.269.299-88,DANIEL EBERT,1768.70,0.01,1768.70,27.65,1768.70
7,Secretaria de Educação e Formação Empreendedora,2,Ensino Fundamental,155270000200,PNAE - AEE (Transf. de Rec. FNDE),06.059.358/0001-76,COOPERATIVA MISTA AGRÍCOLA DE PISCICULTORES - COOMAPEIXE,2587.50,0,2070.00,0,2070.00
7,Secretaria de Educação e Formação Empreendedora,2,Ensino Fundamental,155270000200,PNAE - AEE (Transf. de Rec. FNDE),061.620.019-62,JULIANA BENVENUTTI,211.68,0,211.68,3.45,211.68
7,Secretaria de Educação e Formação Empreendedora,2,Ensino Fundamental,155270000200,PNAE - AEE (Transf. de Rec. FNDE),074.066.919-20,ALESSANDRA MAYARA SEIBT,669.68,0,0,0,0
7,Secretaria de Educação e Formação Empreendedora,2,Ensino Fundamental,155270000200,PNAE - AEE (Transf. de Rec. FNDE),09.166.805/0001-84,JK COMERCIO DE FRUTAS E VERDURAS LTDA,346.00,0,173.00,2.07,173.00
7,Secretaria de Educação e Formação Empreendedora,2,Ensino Fundamental,155270000200,PNAE - AEE (Transf. de Rec. FNDE),095.925.259-27,VINICIUS HENRIQUE SCHWARTZ,223.08,0,223.08,3.34,223.08
7,Secretaria de Educação e Formação Empreendedora,2,Ensino Fundamental,155270000200,PNAE - AEE (Transf. de Rec. FNDE),19.931.480/0001-32,COOPERATIVA DE PEQUENOS PRODUTORES DE TAIÓ - COOPERTAIÓ,654.88,0,0,0,0
7,Secretaria de Educação e Formação Empreendedora,2,Ensino Fundamental,155270000200,PNAE - AEE (Transf. de Rec. FNDE),32.250.669/0001-28,MANOI DISTRIBUIDORA DE ALIMENTOS LTDA,240.02,0,240.02,2.88,240.02
7,Secretaria de Educação e Formação Empreendedora,2,Ensino Fundamental,155270000200,PNAE - AEE (Transf. de Rec. FNDE),34.485.962/0001-08,ROMIL ALIMENTOS LTDA,2295.96,0,2295.96,0,2295.96
7,Secretaria de Educação e Formação Empreendedora,2,Ensino Fundamental,155270000200,PNAE - AEE (Transf. de Rec. FNDE),379.628.419-15,ROQUE GENTIL STOLF,2013.00,0,2013.00,30.84,2013.00
7,Secretaria de Educação e Formação Empreendedora,2,Ensino Fundamental,155270000200,PNAE - AEE (Transf. de Rec. FNDE),381.959.419-15,RENATO GAVARECKI,1147.37,0,1147.37,17.21,1147.37
7,Secretaria de Educação e Formação Empreendedora,2,Ensino Fundamental,155270000200,PNAE - AEE (Transf. de Rec. FNDE),419.674.709-44,WERNER KRIECK,1651.83,0.03,1651.83,26.39,1651.83
7,Secretaria de Educação e Formação Empreendedora,2,Ensino Fundamental,155270000200,PNAE - AEE (Transf. de Rec. FNDE),51.900.840/0001-41,GD DISTRIBUIDORA DE ALIMENTOS LTDA,99.70,0,0,0,0
7,Secretaria de Educação e Formação Empreendedora,2,Ensino Fundamental,155270000200,PNAE - AEE (Transf. de Rec. FNDE),665.555.159-53,ALINOR KRIESER,211.68,0,211.68,3.17,211.68
7,Secretaria de Educação e Formação Empreendedora,2,Ensino Fundamental,155270000200,PNAE - AEE (Transf. de Rec. FNDE),936.467.209-72,LOURIVAL PISKE,442.80,0,442.80,6.64,442.80
7,Secretaria de Educação e Formação Empreendedora,2,Ensino Fundamental,254010700000, FUNDEB -  70% (aplic.profis),008.700.549-29,LUCIANE MARCHIORI MAGALHÃES,64.73,0,64.73,0,64.73
7,Secretaria de Educação e Formação Empreendedora,2,Ensino Fundamental,254010700000, FUNDEB -  70% (aplic.profis),056.934.099-37,IRIS BUTZKE CAMILO,1828.17,0,1828.17,195.19,1828.17
7,Secretaria de Educação e Formação Empreendedora,2,Ensino Fundamental,254010700000, FUNDEB -  70% (aplic.profis),29.979.036/0001-40,INSS- INSTITUTO NACIONAL DO SEGURO SOCIAL,71756.44,39506.23,71756.44,0,71756.44
7,Secretaria de Educação e Formação Empreendedora,2,Ensino Fundamental,254010700000, FUNDEB -  70% (aplic.profis),37.115.367/0001-60,MINISTERIO DO TRABALHO - MTE,29538.86,16262.92,29538.86,0,29538.86
7,Secretaria de Educação e Formação Empreendedora,2,Ensino Fundamental,254010700000, FUNDEB -  70% (aplic.profis),588.517.399-00,JONAS ROBERTO WUERGES,76809.09,0,76809.09,5680.62,76809.09
7,Secretaria de Educação e Formação Empreendedora,2,Ensino Fundamental,254010700000, FUNDEB -  70% (aplic.profis),83.102.251/0001-04,MUNICÍPIO DE POMERODE,846941.93,467958.72,846941.93,0,846941.93
7,Secretaria de Educação e Formação Empreendedora,2,Ensino Fundamental,254670000000, Transferências do FUNDEB - Complementação da União - ETI,03.774.688/0029-56,SERVIÇO NACIONAL DE APRENDIZAGEM INDUSTRIAL,188085.44,0,94042.72,0,94042.72
7,Secretaria de Educação e Formação Empreendedora,2,Ensino Fundamental,254670000000, Transferências do FUNDEB - Complementação da União - ETI,06.259.658/0001-07,ALIANÇA EDUCACIONAL LTDA,200000.00,0,100000.00,0,100000.00
7,Secretaria de Educação e Formação Empreendedora,2,Ensino Fundamental,254670000000, Transferências do FUNDEB - Complementação da União - ETI,83.102.251/0001-04,MUNICÍPIO DE POMERODE,480843.14,0,480843.14,0,480843.14
7,Secretaria de Educação e Formação Empreendedora,2,Ensino Fundamental,255070000000,Transferência do Salário-Educação,03.652.030/0003-32,CENTERMEDI-COMERCIO DE PRODUTOS HOSPITALARES LTDA,1897.00,0,1897.00,22.76,22.76
7,Secretaria de Educação e Formação Empreendedora,2,Ensino Fundamental,255070000000,Transferência do Salário-Educação,03.868.731/0001-41,DISK GRAMA COMERCIAL LTDA,26550.00,0,26550.00,0,26550.00
7,Secretaria de Educação e Formação Empreendedora,2,Ensino Fundamental,255070000000,Transferência do Salário-Educação,04.586.694/0001-41,INFOTRIZ COMERCIAL EIRELI,2304.60,0,2304.60,27.65,2304.60
7,Secretaria de Educação e Formação Empreendedora,2,Ensino Fundamental,255070000000,Transferência do Salário-Educação,09.196.745/0001-42,"SEBOLD COMERCIAL ATACADO DE PRODUTOS, ALIMENTOS E EQUIPAMENTOS LTDA",2442.00,0,2442.00,29.30,2442.00
7,Secretaria de Educação e Formação Empreendedora,2,Ensino Fundamental,255070000000,Transferência do Salário-Educação,13.965.228/0001-68,JLM DISTRIBUIDORA BR LTDA,64350.16,0,41630.16,499.56,41630.16
7,Secretaria de Educação e Formação Empreendedora,2,Ensino Fundamental,255070000000,Transferência do Salário-Educação,16.906.556/0001-81,CONCEITUAL DISTRIBUIDORA LTDA - ME,15055.20,0,0,0,0
7,Secretaria de Educação e Formação Empreendedora,2,Ensino Fundamental,255070000000,Transferência do Salário-Educação,18.233.020/0001-78,MARTINES EMPRESARIAL LTDA,9288.90,0,5939.40,0,5939.40
7,Secretaria de Educação e Formação Empreendedora,2,Ensino Fundamental,255070000000,Transferência do Salário-Educação,18.806.639/0001-24,SLM CONSTRUÇÕES E SERVIÇOS SUSTENTÁVEIS LTDA,402136.60,13497.01,231039.29,27493.05,221714.05
7,Secretaria de Educação e Formação Empreendedora,2,Ensino Fundamental,255070000000,Transferência do Salário-Educação,19.032.430/0001-13,PRINTSUL COMÉRCIO ATACADISTA LTDA,1745.20,0,1745.20,20.93,749.30
7,Secretaria de Educação e Formação Empreendedora,2,Ensino Fundamental,255070000000,Transferência do Salário-Educação,22.637.568/0001-50,RDC PRESTADORA DE SERVICOS LTDA,91046.42,0,48364.98,5320.11,42657.10
7,Secretaria de Educação e Formação Empreendedora,2,Ensino Fundamental,255070000000,Transferência do Salário-Educação,23.608.114/0001-14,SUELEN DAIANE KANIS,1058.00,0,1058.00,0,1058.00
7,Secretaria de Educação e Formação Empreendedora,2,Ensino Fundamental,255070000000,Transferência do Salário-Educação,26.950.671/0001-07,LICERI COMERCIO DE PRODUTOS EM GERAL LTDA,963.00,0,963.00,0,0
7,Secretaria de Educação e Formação Empreendedora,2,Ensino Fundamental,255070000000,Transferência do Salário-Educação,29.222.667/0001-10,SK MATERIAIS PARA ESCRITORIO LTDA,2095.00,0,1206.00,14.48,1206.00
7,Secretaria de Educação e Formação Empreendedora,2,Ensino Fundamental,255070000000,Transferência do Salário-Educação,33.154.286/0001-19,SEBMED PRODUTOS PARA A SAÚDE EIRELI,7346.40,0,7346.40,0,7346.40
7,Secretaria de Educação e Formação Empreendedora,2,Ensino Fundamental,255070000000,Transferência do Salário-Educação,35.605.748/0001-00,TRANSPORTE E TURISMO CONTINI LTDA,59452.93,974.40,36837.09,0,36837.09
7,Secretaria de Educação e Formação Empreendedora,2,Ensino Fundamental,255070000000,Transferência do Salário-Educação,36.225.268/0001-79,INSTALAR INSTALAÇÃO E MANUTENÇÃO LTDA,175854.50,11107.03,88643.33,0,88643.33
7,Secretaria de Educação e Formação Empreendedora,2,Ensino Fundamental,255070000000,Transferência do Salário-Educação,38.613.730/0001-30,JM PAPELARIA LTDA,2200.15,0,2200.15,26.40,2200.15
7,Secretaria de Educação e Formação Empreendedora,2,Ensino Fundamental,255070000000,Transferência do Salário-Educação,39.649.812/0001-06,MC COMÉRCIO DE ALIMENTOS E TRANSPORTES LTDA,244.32,0,244.32,7.33,244.32
7,Secretaria de Educação e Formação Empreendedora,2,Ensino Fundamental,255070000000,Transferência do Salário-Educação,39.655.478/0001-95,SEBOLD INDUSTRIA DE COSMETICOS LTDA,7520.16,0,7520.16,90.24,7520.16
7,Secretaria de Educação e Formação Empreendedora,2,Ensino Fundamental,255070000000,Transferência do Salário-Educação,40.738.368/0001-76,GAMBA CONEXÕES COMÉRCIO ATACADISTA DE ALIMENTOS LTDA,2849.60,0,2598.80,31.19,2598.80
7,Secretaria de Educação e Formação Empreendedora,2,Ensino Fundamental,255070000000,Transferência do Salário-Educação,42.169.239/0001-30,SCHMOELLER DEDETIZADORA LTDA,6032.02,0,2713.24,0,2713.24
7,Secretaria de Educação e Formação Empreendedora,2,Ensino Fundamental,255070000000,Transferência do Salário-Educação,44.899.803/0001-03,3B COMERCIAL LTDA,670.88,0,670.88,0,670.88
7,Secretaria de Educação e Formação Empreendedora,2,Ensino Fundamental,255070000000,Transferência do Salário-Educação,45.747.626/0001-02,OTHALA COMERCIO LTDA,4698.00,0,4698.00,56.38,4698.00
7,Secretaria de Educação e Formação Empreendedora,2,Ensino Fundamental,255070000000,Transferência do Salário-Educação,46.423.434/0001-03,ATRIUM INDÚSTRIA E COMÉRCIO DE FERRAGENS LTDA,1379.40,0,0,0,0
7,Secretaria de Educação e Formação Empreendedora,2,Ensino Fundamental,255070000000,Transferência do Salário-Educação,47.638.254/0001-01,OPPS COMERCIO E SOLUCOES LTDA,1140.20,0,0,0,0
7,Secretaria de Educação e Formação Empreendedora,2,Ensino Fundamental,255070000000,Transferência do Salário-Educação,49.512.790/0001-83,KINDERBABY COMERCIO DE FRALDAS E ACESSÓRIOS LTDA,2233.20,0,0,0,0
7,Secretaria de Educação e Formação Empreendedora,2,Ensino Fundamental,255070000000,Transferência do Salário-Educação,50.117.026/0001-92,MEPS LED ATACADO E DISTRIBUIDORA LTDA,220.80,0,220.80,2.65,220.80
7,Secretaria de Educação e Formação Empreendedora,2,Ensino Fundamental,255070000000,Transferência do Salário-Educação,51.892.897/0001-46,JT MEDICAMENTOS LTDA,1293.60,0,0,0,0
7,Secretaria de Educação e Formação Empreendedora,2,Ensino Fundamental,255070000000,Transferência do Salário-Educação,56.099.508/0001-43,BALBINOTI SOLUCOES ELETRICAS E TECNOLOGIA LTDA,244.50,0,244.50,0,244.50
7,Secretaria de Educação e Formação Empreendedora,2,Ensino Fundamental,255070000000,Transferência do Salário-Educação,57.765.012/0001-24,MH COMERCIO LTDA,9260.00,0,5556.00,0,5556.00
7,Secretaria de Educação e Formação Empreendedora,2,Ensino Fundamental,255070000000,Transferência do Salário-Educação,62.199.551/0001-83,BRINQUEDOLANDIA COMERCIO DE ARTIGOS INFANTIS LTDA,426.00,0,426.00,0,426.00
7,Secretaria de Educação e Formação Empreendedora,2,Ensino Fundamental,255070000000,Transferência do Salário-Educação,79.846.465/0001-18,GOEDERT LTDA,5229.60,0,3924.60,47.09,3924.60
7,Secretaria de Educação e Formação Empreendedora,2,Ensino Fundamental,255070000000,Transferência do Salário-Educação,80.047.087/0001-91,CIG COMERCIO DE EMBALAGENS - EIRELI,7372.00,0,4452.00,0,4452.00
7,Secretaria de Educação e Formação Empreendedora,2,Ensino Fundamental,255070000000,Transferência do Salário-Educação,82.997.446/0001-05,RS DISTRIBUIDORA E COMERCIO LTDA,2700.00,0,2700.00,0,2700.00
7,Secretaria de Educação e Formação Empreendedora,2,Ensino Fundamental,255070000000,Transferência do Salário-Educação,85.460.079/0001-96,EMPRESA DE TRANSPORTE COLETIVO VOLKMANN LTDA,900000.00,0,450000.00,10800.00,450000.00
7,Secretaria de Educação e Formação Empreendedora,2,Ensino Fundamental,255070000000,Transferência do Salário-Educação,95.764.890/0001-14,VIRTUAL SUPRIMENTOS LTDA,450.00,0,450.00,5.40,450.00
7,Secretaria de Educação e Formação Empreendedora,2,Ensino Fundamental,255070000000,Transferência do Salário-Educação,95.822.136/0001-93,3A MATERIAIS DE CONSTRUÇÃO LTDA,733.04,0,733.04,0,733.04
7,Secretaria de Educação e Formação Empreendedora,2,Ensino Fundamental,255270000100,Transferências de Recursos do FNDE - Ensino Fundamental,381.959.419-15,RENATO GAVARECKI,574.57,0,574.57,8.61,574.57
7,Secretaria de Educação e Formação Empreendedora,2,Ensino Fundamental,255270000100,Transferências de Recursos do FNDE - Ensino Fundamental,51.900.840/0001-41,GD DISTRIBUIDORA DE ALIMENTOS LTDA,99.70,0,99.70,1.19,99.70
7,Secretaria de Educação e Formação Empreendedora,2,Ensino Fundamental,255270000200,Transferências de Recursos do FNDE - Ensino Especial,09.166.805/0001-84,JK COMERCIO DE FRUTAS E VERDURAS LTDA,114.48,0,114.48,1.37,114.48
7,Secretaria de Educação e Formação Empreendedora,2,Ensino Fundamental,270631100018,Emenda Parlamentar nº 202590550002: Aquisição de mobiliário p/ Educação,05.010.382/0001-58,SUDESTE INDUSTRIA E COMERCIO DE MÓVEIS ESCOLARES LTDA,46920.00,0,46920.00,563.04,46920.00
7,Secretaria de Educação e Formação Empreendedora,2,Ensino Fundamental,270631100018,Emenda Parlamentar nº 202590550002: Aquisição de mobiliário p/ Educação,08.221.047/0001-97,ACHEI INDUSTRIA DE MÓVEIS LTDA,55760.00,0,0,0,0
7,Secretaria de Educação e Formação Empreendedora,2,Ensino Fundamental,270631100018,Emenda Parlamentar nº 202590550002: Aquisição de mobiliário p/ Educação,82.476.144/0001-83,ALER COMÉRCIO DE MÓVEIS LTDA,4200.00,0,4200.00,50.40,4200.00
7,Secretaria de Educação e Formação Empreendedora,2,Ensino Fundamental,270631100018,Emenda Parlamentar nº 202590550002: Aquisição de mobiliário p/ Educação,93.234.789/0001-26,MOVESCO INDÚSTRIA E COMÉRCIO DE MÓVEIS ESCOLARES LTDA,2000.00,0,2000.00,24.00,2000.00
7,Secretaria de Educação e Formação Empreendedora,2,Ensino Fundamental,270631100018,Emenda Parlamentar nº 202590550002: Aquisição de mobiliário p/ Educação,93.920.361/0001-37,REIFLEX INDUSTRIA E COMÉRCIO DE MÓVEIS LTDA,9728.00,0,9728.00,116.73,9728.00
7,Secretaria de Educação e Formação Empreendedora,2,Ensino Fundamental,271032100026,"Emenda Impositiva 22/23:  Nº 1137: Construção, reforma e melhorias nas unidades escolares da rede  municipal de ensino.",18.203.285/0001-23,SIEBEN ENGENHARIA E INTERIORES LTDA,202871.39,0,2871.39,425.54,2871.39
7,Secretaria de Educação e Formação Empreendedora,3,Secretaria da Educação,150010010000, Rec. Livres (Imp. e Transf. Const.): MDE 25%,00.360.305/1880-73,CAIXA ECONOMICA FEDERAL,100.00,0,0,0,0
7,Secretaria de Educação e Formação Empreendedora,3,Secretaria da Educação,150010010000, Rec. Livres (Imp. e Transf. Const.): MDE 25%,005.849.389-18,JULIANO BONA,7539.64,0,7539.64,1459.72,7539.64
7,Secretaria de Educação e Formação Empreendedora,3,Secretaria da Educação,150010010000, Rec. Livres (Imp. e Transf. Const.): MDE 25%,006.202.759-01,DAYANE MARQUARDT KAVA,0.00,200.00,0,0,0
7,Secretaria de Educação e Formação Empreendedora,3,Secretaria da Educação,150010010000, Rec. Livres (Imp. e Transf. Const.): MDE 25%,00.736.251/0001-39,QUALICOPY SERVIÇOS E COMÉRCIO LTDA,570.00,0,570.00,0,570.00
7,Secretaria de Educação e Formação Empreendedora,3,Secretaria da Educação,150010010000, Rec. Livres (Imp. e Transf. Const.): MDE 25%,01.096.492/0001-23,ENERGIC SERVICOS E TRANSPORTES LTDA,3821.76,0,3263.14,0,3263.14
7,Secretaria de Educação e Formação Empreendedora,3,Secretaria da Educação,150010010000, Rec. Livres (Imp. e Transf. Const.): MDE 25%,01.127.311/0001-89,CRUZ AZUL NO BRASIL,176926.02,0,60694.69,0,49513.51
7,Secretaria de Educação e Formação Empreendedora,3,Secretaria da Educação,150010010000, Rec. Livres (Imp. e Transf. Const.): MDE 25%,020.078.031-00,RENATO GUIMARAES FERREIRA SILVA,11156.81,694.16,11156.81,358.47,11156.81
7,Secretaria de Educação e Formação Empreendedora,3,Secretaria da Educação,150010010000, Rec. Livres (Imp. e Transf. Const.): MDE 25%,02.255.187/0001-08,UNIFIQUE TELECOMUNICAÇÕES S/A,11104.40,0,4828.00,162.18,4828.00
7,Secretaria de Educação e Formação Empreendedora,3,Secretaria da Educação,150010010000, Rec. Livres (Imp. e Transf. Const.): MDE 25%,02.323.274/0001-47,KRUEGER COMÉRCIO DE MATERIAIS ELÉTRICOS E HIDRÁULICOS LTDA,282.00,0,282.00,3.37,282.00
7,Secretaria de Educação e Formação Empreendedora,3,Secretaria da Educação,150010010000, Rec. Livres (Imp. e Transf. Const.): MDE 25%,029.728.929-25,LILIAN MARA DA COSTA SILVA,251.40,0,251.40,0,251.40
7,Secretaria de Educação e Formação Empreendedora,3,Secretaria da Educação,150010010000, Rec. Livres (Imp. e Transf. Const.): MDE 25%,037.349.999-01,JOILSON MISS,53.00,86.66,53.00,0,53.00
7,Secretaria de Educação e Formação Empreendedora,3,Secretaria da Educação,150010010000, Rec. Livres (Imp. e Transf. Const.): MDE 25%,04.196.645/0001-00,IMPRENSA NACIONAL,1301.52,0,807.84,0,807.84
7,Secretaria de Educação e Formação Empreendedora,3,Secretaria da Educação,150010010000, Rec. Livres (Imp. e Transf. Const.): MDE 25%,04.533.821/0001-44,FUNDO DE APOSENTADORIA E PENSOES,276759.59,0,276759.59,0,242486.76
7,Secretaria de Educação e Formação Empreendedora,3,Secretaria da Educação,150010010000, Rec. Livres (Imp. e Transf. Const.): MDE 25%,04.724.655/0001-63,COPY LINE COMÉRCIO E SERVIÇOS LTDA,31968.00,0,10656.00,85.24,10656.00
7,Secretaria de Educação e Formação Empreendedora,3,Secretaria da Educação,150010010000, Rec. Livres (Imp. e Transf. Const.): MDE 25%,05.047.599/0001-32,FENIX INFORMATICA E TELEFONIA LTDA,9978.00,0,9978.00,0,9978.00
7,Secretaria de Educação e Formação Empreendedora,3,Secretaria da Educação,150010010000, Rec. Livres (Imp. e Transf. Const.): MDE 25%,067.933.099-27,VANESSA NARDELLI POFFO,251.40,0,251.40,0,251.40
7,Secretaria de Educação e Formação Empreendedora,3,Secretaria da Educação,150010010000, Rec. Livres (Imp. e Transf. Const.): MDE 25%,075.391.799-88,FABIULA CAROLINE STURM,416.03,0,416.03,31.20,416.03
7,Secretaria de Educação e Formação Empreendedora,3,Secretaria da Educação,150010010000, Rec. Livres (Imp. e Transf. Const.): MDE 25%,08.336.783/0001-90,CELESC DISTRIBUICAO S.A,31266.07,0,11266.07,135.21,11266.07
7,Secretaria de Educação e Formação Empreendedora,3,Secretaria da Educação,150010010000, Rec. Livres (Imp. e Transf. Const.): MDE 25%,089.218.999-10,ANDERSON FERREIRA LOPES,155.41,395.99,155.41,0,155.41
7,Secretaria de Educação e Formação Empreendedora,3,Secretaria da Educação,150010010000, Rec. Livres (Imp. e Transf. Const.): MDE 25%,09.316.105/0001-29,FRIOVIX COMERCIO DE REFRIGERAÇÃO LTDA,4122.11,0,4122.11,49.47,4122.11
7,Secretaria de Educação e Formação Empreendedora,3,Secretaria da Educação,150010010000, Rec. Livres (Imp. e Transf. Const.): MDE 25%,10.592.584/0002-76,CONTROLE SERVIÇOS E COMERCIO DE INFORMATICA LTDA,11421.00,0,11421.00,137.05,11421.00
7,Secretaria de Educação e Formação Empreendedora,3,Secretaria da Educação,150010010000, Rec. Livres (Imp. e Transf. Const.): MDE 25%,10.749.284/0001-77,EZCUZÊ AGÊNCIA DE PUBLICIDADE E PROPAGANDA LTDA,96.36,0,96.36,4.63,96.36
7,Secretaria de Educação e Formação Empreendedora,3,Secretaria da Educação,150010010000, Rec. Livres (Imp. e Transf. Const.): MDE 25%,11.324.248/0001-24,PSA CURADORIA DE PALESTRAS LTDA,40000.00,0,40000.00,2720.00,40000.00
7,Secretaria de Educação e Formação Empreendedora,3,Secretaria da Educação,150010010000, Rec. Livres (Imp. e Transf. Const.): MDE 25%,113.520.291-54,ABEL BECUBA,1782.93,0,1782.93,0,1782.93
7,Secretaria de Educação e Formação Empreendedora,3,Secretaria da Educação,150010010000, Rec. Livres (Imp. e Transf. Const.): MDE 25%,13.340.171/0001-01,SOPRINT COMUNICACAO VISUAL LTDA,1495.00,0,1170.00,0,1170.00
7,Secretaria de Educação e Formação Empreendedora,3,Secretaria da Educação,150010010000, Rec. Livres (Imp. e Transf. Const.): MDE 25%,13.716.552/0001-42,MEGA COMÉRCIO DE DEPARTAMENTOS LTDA,417.00,0,417.00,0,417.00
7,Secretaria de Educação e Formação Empreendedora,3,Secretaria da Educação,150010010000, Rec. Livres (Imp. e Transf. Const.): MDE 25%,13.761.520/0001-69,ALEXANDRE ANDREIS BAUER 03225964913,2100.00,0,2100.00,0,2100.00
7,Secretaria de Educação e Formação Empreendedora,3,Secretaria da Educação,150010010000, Rec. Livres (Imp. e Transf. Const.): MDE 25%,14.284.430/0001-97,"FUNDO DE MATERIAIS, PUBLICAÇÕES E IMPRESSOS OFICIAIS SC",522.09,0,522.09,0,522.09
7,Secretaria de Educação e Formação Empreendedora,3,Secretaria da Educação,150010010000, Rec. Livres (Imp. e Transf. Const.): MDE 25%,17.298.073/0001-04,KL PRODUÇÕES E EVENTOS LTDA,42259.81,0,42259.81,2873.67,42259.81
7,Secretaria de Educação e Formação Empreendedora,3,Secretaria da Educação,150010010000, Rec. Livres (Imp. e Transf. Const.): MDE 25%,18.138.763/0001-69,COMERCIAL VITÓRIA LTDA,330.12,0,330.12,0,330.12
7,Secretaria de Educação e Formação Empreendedora,3,Secretaria da Educação,150010010000, Rec. Livres (Imp. e Transf. Const.): MDE 25%,18.177.266/0001-70,CONECTA.COM TELECOMUNICAÇÕES E INFORMÁTICA LTDA,9837.53,0,2837.53,0,2837.53
7,Secretaria de Educação e Formação Empreendedora,3,Secretaria da Educação,150010010000, Rec. Livres (Imp. e Transf. Const.): MDE 25%,18.780.623/0001-90,NOAR TURISMO LTDA,16681.42,0,12837.70,0,12837.70
7,Secretaria de Educação e Formação Empreendedora,3,Secretaria da Educação,150010010000, Rec. Livres (Imp. e Transf. Const.): MDE 25%,18.806.639/0001-24,SLM CONSTRUÇÕES E SERVIÇOS SUSTENTÁVEIS LTDA,49060.24,0,49060.24,6245.68,49060.24
7,Secretaria de Educação e Formação Empreendedora,3,Secretaria da Educação,150010010000, Rec. Livres (Imp. e Transf. Const.): MDE 25%,21.500.441/0001-22,BR 470 PRESTADORA DE SERVICOS LTDA,360.00,0,360.00,0,360.00
7,Secretaria de Educação e Formação Empreendedora,3,Secretaria da Educação,150010010000, Rec. Livres (Imp. e Transf. Const.): MDE 25%,21.613.975/0001-65,TECNOBLU COMÉRCIO DE REFRIGERAÇÃO LTDA,2399.00,0,2399.00,28.79,2399.00
7,Secretaria de Educação e Formação Empreendedora,3,Secretaria da Educação,150010010000, Rec. Livres (Imp. e Transf. Const.): MDE 25%,22.609.215/0001-47,ALFA LICITACOES LTDA,849.00,0,849.00,0,849.00
7,Secretaria de Educação e Formação Empreendedora,3,Secretaria da Educação,150010010000, Rec. Livres (Imp. e Transf. Const.): MDE 25%,22.637.568/0001-50,RDC PRESTADORA DE SERVICOS LTDA,13012.32,0,6028.00,663.08,6028.00
7,Secretaria de Educação e Formação Empreendedora,3,Secretaria da Educação,150010010000, Rec. Livres (Imp. e Transf. Const.): MDE 25%,26.143.105/0001-93,ATJI EDUCACIONAL LTDA,9500.00,0,9500.00,0,9500.00
7,Secretaria de Educação e Formação Empreendedora,3,Secretaria da Educação,150010010000, Rec. Livres (Imp. e Transf. Const.): MDE 25%,27.284.516/0001-61,MAXIFROTA SERVIÇOS DE MANUTENÇÃO DE FROTA LTDA,4812.82,0,1812.82,0,1812.82
7,Secretaria de Educação e Formação Empreendedora,3,Secretaria da Educação,150010010000, Rec. Livres (Imp. e Transf. Const.): MDE 25%,27.649.356/0001-07,TRIBESS FESTAS E EVENTOS LTDA,2836.86,0,2836.86,0,2836.86
7,Secretaria de Educação e Formação Empreendedora,3,Secretaria da Educação,150010010000, Rec. Livres (Imp. e Transf. Const.): MDE 25%,29.979.036/0001-40,INSS- INSTITUTO NACIONAL DO SEGURO SOCIAL,65055.57,0,65055.57,0,57618.42
7,Secretaria de Educação e Formação Empreendedora,3,Secretaria da Educação,150010010000, Rec. Livres (Imp. e Transf. Const.): MDE 25%,35.478.642/0001-85,GLAUCE CRISTINA RADLOFF MORETTI 02335701959,9786.25,0,9786.25,0,9786.25
7,Secretaria de Educação e Formação Empreendedora,3,Secretaria da Educação,150010010000, Rec. Livres (Imp. e Transf. Const.): MDE 25%,35.605.748/0001-00,TRANSPORTE E TURISMO CONTINI LTDA,3582.01,0,3582.01,0,3582.01
7,Secretaria de Educação e Formação Empreendedora,3,Secretaria da Educação,150010010000, Rec. Livres (Imp. e Transf. Const.): MDE 25%,35.657.518/0001-87,"FBK - COMUNICAÇÃO, CULTURA E EDITORA SA",10000.00,0,10000.00,0,10000.00
7,Secretaria de Educação e Formação Empreendedora,3,Secretaria da Educação,150010010000, Rec. Livres (Imp. e Transf. Const.): MDE 25%,35.985.832/0001-99,ANDRE FILIPE ALEXANDRE,1600.00,0,1600.00,0,1600.00
7,Secretaria de Educação e Formação Empreendedora,3,Secretaria da Educação,150010010000, Rec. Livres (Imp. e Transf. Const.): MDE 25%,36.225.268/0001-79,INSTALAR INSTALAÇÃO E MANUTENÇÃO LTDA,11317.56,1908.06,7376.73,0,7376.73
7,Secretaria de Educação e Formação Empreendedora,3,Secretaria da Educação,150010010000, Rec. Livres (Imp. e Transf. Const.): MDE 25%,36.929.401/0001-78,HIGIFORTE INDIANA LIMPEZA E CONSERVACAO LTDA,88.00,0,40.00,4.40,40.00
7,Secretaria de Educação e Formação Empreendedora,3,Secretaria da Educação,150010010000, Rec. Livres (Imp. e Transf. Const.): MDE 25%,37.115.367/0001-60,MINISTERIO DO TRABALHO - MTE,3371.66,0.15,3371.66,0,3371.66
7,Secretaria de Educação e Formação Empreendedora,3,Secretaria da Educação,150010010000, Rec. Livres (Imp. e Transf. Const.): MDE 25%,37.143.430/0001-72,TSI CENTRO AUTOMOTIVO LTDA,5356.33,0,5010.54,0,4000.38
7,Secretaria de Educação e Formação Empreendedora,3,Secretaria da Educação,150010010000, Rec. Livres (Imp. e Transf. Const.): MDE 25%,37.745.215/0001-41,ENCANTO DECORAÇÕES E EVENTOS LTDA,4160.00,0,4160.00,0,4160.00
7,Secretaria de Educação e Formação Empreendedora,3,Secretaria da Educação,150010010000, Rec. Livres (Imp. e Transf. Const.): MDE 25%,38.315.947/0001-64,CK RASTREAMENTO VEICULAR LTDA,10016.20,0,2856.55,0,2856.55
7,Secretaria de Educação e Formação Empreendedora,3,Secretaria da Educação,150010010000, Rec. Livres (Imp. e Transf. Const.): MDE 25%,383.574.969-20,NEUZI SCHOTTEN,293.71,1514.56,293.71,0,293.71
7,Secretaria de Educação e Formação Empreendedora,3,Secretaria da Educação,150010010000, Rec. Livres (Imp. e Transf. Const.): MDE 25%,38.613.730/0001-30,JM PAPELARIA LTDA,920.00,0,920.00,11.04,920.00
7,Secretaria de Educação e Formação Empreendedora,3,Secretaria da Educação,150010010000, Rec. Livres (Imp. e Transf. Const.): MDE 25%,39.649.812/0001-06,MC COMÉRCIO DE ALIMENTOS E TRANSPORTES LTDA,1289.80,0,1289.80,15.48,613.02
7,Secretaria de Educação e Formação Empreendedora,3,Secretaria da Educação,150010010000, Rec. Livres (Imp. e Transf. Const.): MDE 25%,39.701.075/0001-35,ANDREIA MENDES 02035861900,3242.00,0,3242.00,0,3242.00
7,Secretaria de Educação e Formação Empreendedora,3,Secretaria da Educação,150010010000, Rec. Livres (Imp. e Transf. Const.): MDE 25%,40.738.368/0001-76,GAMBA CONEXÕES COMÉRCIO ATACADISTA DE ALIMENTOS LTDA,1676.25,0,1676.25,12.87,794.75
7,Secretaria de Educação e Formação Empreendedora,3,Secretaria da Educação,150010010000, Rec. Livres (Imp. e Transf. Const.): MDE 25%,42.169.239/0001-30,SCHMOELLER DEDETIZADORA LTDA,327.70,0,0,0,0
7,Secretaria de Educação e Formação Empreendedora,3,Secretaria da Educação,150010010000, Rec. Livres (Imp. e Transf. Const.): MDE 25%,42.296.837/0001-70,KETLIN LIZOT PSICOLOGIA LTDA,4685.12,0,4685.12,0,4685.12
7,Secretaria de Educação e Formação Empreendedora,3,Secretaria da Educação,150010010000, Rec. Livres (Imp. e Transf. Const.): MDE 25%,42.785.776/0001-04,ALLY COMERCIO DE PRODUTOS E EQUIPAMENTOS LTDA,357.50,0,0,0,0
7,Secretaria de Educação e Formação Empreendedora,3,Secretaria da Educação,150010010000, Rec. Livres (Imp. e Transf. Const.): MDE 25%,42.826.359/0001-62,FOCO ELETRICA LTDA,271.00,0,271.00,0,271.00
7,Secretaria de Educação e Formação Empreendedora,3,Secretaria da Educação,150010010000, Rec. Livres (Imp. e Transf. Const.): MDE 25%,47.171.447/0001-97,"VOGLIO IMPORTADORA, EXPORTADORA E REPRESENTACOES LTDA",864.00,0,0,0,0
7,Secretaria de Educação e Formação Empreendedora,3,Secretaria da Educação,150010010000, Rec. Livres (Imp. e Transf. Const.): MDE 25%,48.852.337/0001-53,FEST HAUS - A CASA DAS FESTAS LTDA,2845.00,0,2845.00,0,2845.00
7,Secretaria de Educação e Formação Empreendedora,3,Secretaria da Educação,150010010000, Rec. Livres (Imp. e Transf. Const.): MDE 25%,50.675.079/0001-29,POMERWASSER AMBIENTAL S.P.E. S.A.,2405.84,0,605.84,27.47,605.84
7,Secretaria de Educação e Formação Empreendedora,3,Secretaria da Educação,150010010000, Rec. Livres (Imp. e Transf. Const.): MDE 25%,50.722.106/0001-77,CEREBRO E CIA LTDA,358.00,0,358.00,0,358.00
7,Secretaria de Educação e Formação Empreendedora,3,Secretaria da Educação,150010010000, Rec. Livres (Imp. e Transf. Const.): MDE 25%,50.958.011/0001-57,LICITA SHOP COMERCIO E SERVICOS LTDA,900.00,0,900.00,0,900.00
7,Secretaria de Educação e Formação Empreendedora,3,Secretaria da Educação,150010010000, Rec. Livres (Imp. e Transf. Const.): MDE 25%,53.638.440/0002-16,LONDON VIGILÂNCIA PATRIMONIAL LTDA,28181.82,0,14090.91,1009.84,14090.91
7,Secretaria de Educação e Formação Empreendedora,3,Secretaria da Educação,150010010000, Rec. Livres (Imp. e Transf. Const.): MDE 25%,53.795.421/0001-12,M A F VILAS BOAS SERVICOS & CIA LTDA,5553.30,0,1734.30,268.77,1734.30
7,Secretaria de Educação e Formação Empreendedora,3,Secretaria da Educação,150010010000, Rec. Livres (Imp. e Transf. Const.): MDE 25%,56.004.897/0001-86,TRIUNFO ILUMINAÇÃO LTDA,326.00,0,326.00,3.91,326.00
7,Secretaria de Educação e Formação Empreendedora,3,Secretaria da Educação,150010010000, Rec. Livres (Imp. e Transf. Const.): MDE 25%,57.296.398/0001-72,EMILLE CRISTINA CAMPESTRINI LTDA,8000.00,0,8000.00,0,8000.00
7,Secretaria de Educação e Formação Empreendedora,3,Secretaria da Educação,150010010000, Rec. Livres (Imp. e Transf. Const.): MDE 25%,60.619.538/0001-00,RODRIGO DE FRANCA FONOAUDIOLOGIA E CONSULTORIA LTDA,1000.00,0,1000.00,0,1000.00
7,Secretaria de Educação e Formação Empreendedora,3,Secretaria da Educação,150010010000, Rec. Livres (Imp. e Transf. Const.): MDE 25%,60.972.450/0001-78,ELLU SOLUÇÕES INOVADORAS LTDA,7100.00,0,7100.00,0,7100.00
7,Secretaria de Educação e Formação Empreendedora,3,Secretaria da Educação,150010010000, Rec. Livres (Imp. e Transf. Const.): MDE 25%,62.284.671/0001-89,PRIMAZZIA COMERCIO DE MOVEIS E SERVIÇOS LTDA,1858.00,0,0,0,0
7,Secretaria de Educação e Formação Empreendedora,3,Secretaria da Educação,150010010000, Rec. Livres (Imp. e Transf. Const.): MDE 25%,63.981.007/0001-51,MONICA MARIA BARUFFI,1600.00,0,1600.00,0,1600.00
7,Secretaria de Educação e Formação Empreendedora,3,Secretaria da Educação,150010010000, Rec. Livres (Imp. e Transf. Const.): MDE 25%,64.031.657/0001-07,PROJETA EDU LTDA,2630.00,0,2630.00,0,2630.00
7,Secretaria de Educação e Formação Empreendedora,3,Secretaria da Educação,150010010000, Rec. Livres (Imp. e Transf. Const.): MDE 25%,65.149.197/0002-51,REPREMIG REPRESENTAÇÃO COMERCIO DE MINAS GERAIS LTDA,1590.00,0,1590.00,19.08,1590.00
7,Secretaria de Educação e Formação Empreendedora,3,Secretaria da Educação,150010010000, Rec. Livres (Imp. e Transf. Const.): MDE 25%,725.683.059-91,JAQUELINE BEATRIZ RAHN,44.96,29.53,44.96,0,44.96
7,Secretaria de Educação e Formação Empreendedora,3,Secretaria da Educação,150010010000, Rec. Livres (Imp. e Transf. Const.): MDE 25%,75.415.075/0002-13,RUDIPEL - RUDNICK PETRÓLEO LTDA,21860.60,11600.90,6745.30,16.17,5397.74
7,Secretaria de Educação e Formação Empreendedora,3,Secretaria da Educação,150010010000, Rec. Livres (Imp. e Transf. Const.): MDE 25%,75.786.459/0001-61,IMPRESSORA MAYER LTDA,11240.00,0,0,0,0
7,Secretaria de Educação e Formação Empreendedora,3,Secretaria da Educação,150010010000, Rec. Livres (Imp. e Transf. Const.): MDE 25%,760.559.069-53,ROBERTO CARLOS MASKE,595.94,0,595.94,0,595.94
7,Secretaria de Educação e Formação Empreendedora,3,Secretaria da Educação,150010010000, Rec. Livres (Imp. e Transf. Const.): MDE 25%,79.227.963/0014-05,NC COMUNICAÇÕES S/A,1092.14,64.24,1092.14,52.42,1092.14
7,Secretaria de Educação e Formação Empreendedora,3,Secretaria da Educação,150010010000, Rec. Livres (Imp. e Transf. Const.): MDE 25%,79.363.123/0001-47,UNIÃO DOS DIRIGENTES MUNICIPAIS DE EDUCAÇÃO - UNDIME/SC,5661.00,0,5661.00,0,5661.00
7,Secretaria de Educação e Formação Empreendedora,3,Secretaria da Educação,150010010000, Rec. Livres (Imp. e Transf. Const.): MDE 25%,80.495.625/0001-00,CONFEITARIA TORTEN PARADIES LTDA,99788.34,0,47731.72,572.73,47731.72
7,Secretaria de Educação e Formação Empreendedora,3,Secretaria da Educação,150010010000, Rec. Livres (Imp. e Transf. Const.): MDE 25%,82.511.643/0001-64,CONSELHO REGIONAL DE ENGENHARIA E AGRONOMIA DE SANTA CATARINA - CREA-SC,108.39,0,108.39,0,108.39
7,Secretaria de Educação e Formação Empreendedora,3,Secretaria da Educação,150010010000, Rec. Livres (Imp. e Transf. Const.): MDE 25%,82.958.018/0001-65,CONSELHO DE IGREJAS PARA ESTUDO E REFFLEXÃO - CIER,560.00,0,560.00,0,560.00
7,Secretaria de Educação e Formação Empreendedora,3,Secretaria da Educação,150010010000, Rec. Livres (Imp. e Transf. Const.): MDE 25%,83.029.587/0001-99,SANTA CLARA COMÉRCIO DE VEÍCULOS LTDA,1272.15,453.00,1272.15,31.81,1272.15
7,Secretaria de Educação e Formação Empreendedora,3,Secretaria da Educação,150010010000, Rec. Livres (Imp. e Transf. Const.): MDE 25%,83.102.251/0001-04,MUNICÍPIO DE POMERODE,2484457.25,1172.97,2484457.25,686984.89,2484391.78
7,Secretaria de Educação e Formação Empreendedora,3,Secretaria da Educação,150010010000, Rec. Livres (Imp. e Transf. Const.): MDE 25%,83.566.299/0001-73,FUNDAÇÃO DE ESTUDOS E PESQUISAS SOCIOECONÔMICAS - FEPESE,2199.60,0,2199.60,0,2199.60
7,Secretaria de Educação e Formação Empreendedora,3,Secretaria da Educação,150010010000, Rec. Livres (Imp. e Transf. Const.): MDE 25%,85.104.289/0001-41,M.D.M. COMÉRCIO E SERVIÇOS LTDA,5782.04,0,1562.84,51.33,1562.84
7,Secretaria de Educação e Formação Empreendedora,3,Secretaria da Educação,150010010000, Rec. Livres (Imp. e Transf. Const.): MDE 25%,86.910.148/0001-89,DIBRAPE - DISTRIBUIDORA BRASILEIRA DE PETRÓLEO LTDA,26112.60,0,7636.20,18.30,7636.20
7,Secretaria de Educação e Formação Empreendedora,3,Secretaria da Educação,150010010000, Rec. Livres (Imp. e Transf. Const.): MDE 25%,93.920.361/0001-37,REIFLEX INDUSTRIA E COMÉRCIO DE MÓVEIS LTDA,808.00,0,808.00,9.69,808.00
7,Secretaria de Educação e Formação Empreendedora,3,Secretaria da Educação,150010010000, Rec. Livres (Imp. e Transf. Const.): MDE 25%,95.822.136/0001-93,3A MATERIAIS DE CONSTRUÇÃO LTDA,1162.82,0,1162.82,0,1162.82
7,Secretaria de Educação e Formação Empreendedora,3,Secretaria da Educação,150010010000, Rec. Livres (Imp. e Transf. Const.): MDE 25%,95.855.078/0001-02,PANIFICADORA E CONFEITARIA DONA ELLA LTDA,6563.53,1.20,6563.53,0,6241.37
7,Secretaria de Educação e Formação Empreendedora,3,Secretaria da Educação,150010010000, Rec. Livres (Imp. e Transf. Const.): MDE 25%,987.620.289-87,JULIAN IVAN LINK,190.45,624.29,190.45,0,190.45
7,Secretaria de Educação e Formação Empreendedora,3,Secretaria da Educação,150170000000,Rec. Livres,006.202.759-01,DAYANE MARQUARDT KAVA,167.60,0,167.60,0,167.60
7,Secretaria de Educação e Formação Empreendedora,3,Secretaria da Educação,150170000000,Rec. Livres,008.655.009-83,DAYANE LESAN,55.87,0,55.87,0,55.87
7,Secretaria de Educação e Formação Empreendedora,3,Secretaria da Educação,150170000000,Rec. Livres,01.096.492/0001-23,ENERGIC SERVICOS E TRANSPORTES LTDA,3416.98,0,0,0,0
7,Secretaria de Educação e Formação Empreendedora,3,Secretaria da Educação,150170000000,Rec. Livres,033.335.699-30,SCHEILA MAAS,251.40,0,251.40,0,251.40
7,Secretaria de Educação e Formação Empreendedora,3,Secretaria da Educação,150170000000,Rec. Livres,034.392.007-79,VIVIANE FERREIRA ORB,251.40,0,251.40,0,251.40
7,Secretaria de Educação e Formação Empreendedora,3,Secretaria da Educação,150170000000,Rec. Livres,048.323.399-40,DEYSE GIOVANA HARDT TRETTIN,167.60,0,167.60,0,167.60
7,Secretaria de Educação e Formação Empreendedora,3,Secretaria da Educação,150170000000,Rec. Livres,067.933.099-27,VANESSA NARDELLI POFFO,55.87,0,55.87,0,55.87
7,Secretaria de Educação e Formação Empreendedora,3,Secretaria da Educação,150170000000,Rec. Livres,076.924.389-43,CLAUDIA REINICKE MAAS,251.40,0,251.40,0,251.40
7,Secretaria de Educação e Formação Empreendedora,3,Secretaria da Educação,150170000000,Rec. Livres,10.749.284/0001-77,EZCUZÊ AGÊNCIA DE PUBLICIDADE E PROPAGANDA LTDA,96.36,0,96.36,4.63,96.36
7,Secretaria de Educação e Formação Empreendedora,3,Secretaria da Educação,150170000000,Rec. Livres,14.284.430/0001-97,"FUNDO DE MATERIAIS, PUBLICAÇÕES E IMPRESSOS OFICIAIS SC",588.59,0,588.59,0,588.59
7,Secretaria de Educação e Formação Empreendedora,3,Secretaria da Educação,150170000000,Rec. Livres,383.574.969-20,NEUZI SCHOTTEN,419.55,443.80,298.50,0,298.50
7,Secretaria de Educação e Formação Empreendedora,3,Secretaria da Educação,150170000000,Rec. Livres,54.660.798/0001-27,TOPOLON SERVIÇOS DE TOPOGRAFIA LTDA,4972.53,0,4972.53,0,0
7,Secretaria de Educação e Formação Empreendedora,3,Secretaria da Educação,150170000000,Rec. Livres,65.847.114/0001-17,OLI COMUNICAÇÃO VISUAL LTDA,565.00,0,0,0,0
7,Secretaria de Educação e Formação Empreendedora,3,Secretaria da Educação,150170000000,Rec. Livres,79.227.963/0014-05,NC COMUNICAÇÕES S/A,385.46,0,385.46,18.50,385.46
7,Secretaria de Educação e Formação Empreendedora,3,Secretaria da Educação,150170000000,Rec. Livres,82.895.970/0001-67,FEDERACAO DAS CAMARAS DE DIRIGENTES LOJISTAS DE SC,207.00,0,207.00,9.93,207.00
7,Secretaria de Educação e Formação Empreendedora,3,Secretaria da Educação,150170000000,Rec. Livres,842.734.299-34,RANICE DULCE TRAPP,1489.85,0,1489.85,0,1489.85
7,Secretaria de Educação e Formação Empreendedora,3,Secretaria da Educação,150170000000,Rec. Livres,86.910.148/0001-89,DIBRAPE - DISTRIBUIDORA BRASILEIRA DE PETRÓLEO LTDA,4140.00,0,2070.00,4.96,2070.00
7,Secretaria de Educação e Formação Empreendedora,3,Secretaria da Educação,150170000000,Rec. Livres,928.621.369-72,JOANA WACHHOLZ,251.40,0,251.40,0,251.40
7,Secretaria de Educação e Formação Empreendedora,3,Secretaria da Educação,150170000000,Rec. Livres,987.620.289-87,JULIAN IVAN LINK,150.98,705.66,43.90,0,43.90
8,Secretaria de Obras,1,Secretaria de Obras,150070000000,Rec. Livres (Imp. e Transf. Const.),004.208.622-18,THIAGO ALEXANDRE RAMOS MARQUES,158.70,8.90,158.70,0,158.70
8,Secretaria de Obras,1,Secretaria de Obras,150070000000,Rec. Livres (Imp. e Transf. Const.),00.556.052/0001-49,PREMOCON ARTEFATOS DE CONCRETO LTDA,71445.00,0,71445.00,0,71445.00
8,Secretaria de Obras,1,Secretaria de Obras,150070000000,Rec. Livres (Imp. e Transf. Const.),00.894.553/0001-35,GREIDE ENGENHARIA LTDA,213141.73,0,70141.75,3366.80,70141.75
8,Secretaria de Obras,1,Secretaria de Obras,150070000000,Rec. Livres (Imp. e Transf. Const.),01.901.227/0001-70,PROGRESSO AMBIENTAL LTDA,300000.00,0,150000.00,14850.00,150000.00
8,Secretaria de Obras,1,Secretaria de Obras,150070000000,Rec. Livres (Imp. e Transf. Const.),02.323.274/0001-47,KRUEGER COMÉRCIO DE MATERIAIS ELÉTRICOS E HIDRÁULICOS LTDA,1571.06,0,1571.06,18.79,1571.06
8,Secretaria de Obras,1,Secretaria de Obras,150070000000,Rec. Livres (Imp. e Transf. Const.),02.678.428/0001-13,BRANSALES DO BRASIL LTDA,11319.90,0,11319.90,135.83,11319.90
8,Secretaria de Obras,1,Secretaria de Obras,150070000000,Rec. Livres (Imp. e Transf. Const.),03.068.774/0001-42,AGRO FÊNIX COMÉRCIO DE FLORES LTDA,17733.50,0,8453.50,0,8453.50
8,Secretaria de Obras,1,Secretaria de Obras,150070000000,Rec. Livres (Imp. e Transf. Const.),03.361.175/0002-01,COMÉRCIO ROCAMEL LTDA,5648.40,0,5648.40,0,5648.40
8,Secretaria de Obras,1,Secretaria de Obras,150070000000,Rec. Livres (Imp. e Transf. Const.),03.620.927/0001-12,PAVIPLAN PAVIMENTAÇÃO LTDA,11108.04,0,0,0,0
8,Secretaria de Obras,1,Secretaria de Obras,150070000000,Rec. Livres (Imp. e Transf. Const.),03.725.261/0001-67,COMÉRCIO DE PNEUS OENNING LTDA,2719.00,0,2719.00,32.63,2719.00
8,Secretaria de Obras,1,Secretaria de Obras,150070000000,Rec. Livres (Imp. e Transf. Const.),03.901.502/0001-81,FORMULA AMBIENTAL LTDA,2600.00,0,0,0,0
8,Secretaria de Obras,1,Secretaria de Obras,150070000000,Rec. Livres (Imp. e Transf. Const.),040.093.779-41,LEONARDO ALFREDO JANDRE,159.00,8.60,159.00,0,159.00
8,Secretaria de Obras,1,Secretaria de Obras,150070000000,Rec. Livres (Imp. e Transf. Const.),04.196.645/0001-00,IMPRENSA NACIONAL,1024.08,0,1024.08,0,1024.08
8,Secretaria de Obras,1,Secretaria de Obras,150070000000,Rec. Livres (Imp. e Transf. Const.),04.533.821/0001-44,FUNDO DE APOSENTADORIA E PENSOES,291415.89,0,291415.89,0,247931.44
8,Secretaria de Obras,1,Secretaria de Obras,150070000000,Rec. Livres (Imp. e Transf. Const.),045.836.979-96,ARIEL BOORDOT DA FONTOURA,13020.61,0,13020.61,846.76,13020.61
8,Secretaria de Obras,1,Secretaria de Obras,150070000000,Rec. Livres (Imp. e Transf. Const.),05.117.514/0001-45,INSTALART MATERIAIS ELETRICOS LTDA,114.00,0,114.00,0,114.00
8,Secretaria de Obras,1,Secretaria de Obras,150070000000,Rec. Livres (Imp. e Transf. Const.),05.263.279/0001-10,TERRAPLANAGEM KNOPF LTDA,87660.00,0,43830.00,723.21,43830.00
8,Secretaria de Obras,1,Secretaria de Obras,150070000000,Rec. Livres (Imp. e Transf. Const.),061.012.629-60,DAVID ROGERIO MIRANDA MENGATTO,5565.39,0,5565.39,279.92,5565.39
8,Secretaria de Obras,1,Secretaria de Obras,150070000000,Rec. Livres (Imp. e Transf. Const.),06.224.121/0019-22,SHARK MÁQUINAS PARA CONSTRUÇÃO LTDA,44000.00,0,44000.00,0,44000.00
8,Secretaria de Obras,1,Secretaria de Obras,150070000000,Rec. Livres (Imp. e Transf. Const.),06.244.616/0001-94,BERTOLDI MANGUEIRAS E CONEXOES HID. LTDA,1824.00,0,1824.00,0,1824.00
8,Secretaria de Obras,1,Secretaria de Obras,150070000000,Rec. Livres (Imp. e Transf. Const.),07.448.130/0001-30,SELL MADEIRAS E GUINDASTES LTDA,168360.97,44750.07,165317.97,0,165317.97
8,Secretaria de Obras,1,Secretaria de Obras,150070000000,Rec. Livres (Imp. e Transf. Const.),078.264.749-90,ANDERSON BAUMANN,703.26,0,703.26,52.74,703.26
8,Secretaria de Obras,1,Secretaria de Obras,150070000000,Rec. Livres (Imp. e Transf. Const.),08.144.793/0001-24,I L I G METALURGICA LTDA,7352.62,0,6226.86,0,6226.86
8,Secretaria de Obras,1,Secretaria de Obras,150070000000,Rec. Livres (Imp. e Transf. Const.),08.336.783/0001-90,CELESC DISTRIBUICAO S.A,378183.07,0.09,138183.07,2566.83,138183.07
8,Secretaria de Obras,1,Secretaria de Obras,150070000000,Rec. Livres (Imp. e Transf. Const.),08.996.940/0001-94,PSI INDUSTRIA E COMERCIO DE ARTEFATOS LTDA,15630.90,0,15630.90,0,15630.90
8,Secretaria de Obras,1,Secretaria de Obras,150070000000,Rec. Livres (Imp. e Transf. Const.),09.465.889/0001-57,EXTRABRIT MINERAÇÃO LTDA,24664.80,0,24664.80,2182.84,24664.80
8,Secretaria de Obras,1,Secretaria de Obras,150070000000,Rec. Livres (Imp. e Transf. Const.),09.487.221/0001-00,RM INFRAESTRUTURA LTDA,50260.42,0,50260.42,2362.23,50260.42
8,Secretaria de Obras,1,Secretaria de Obras,150070000000,Rec. Livres (Imp. e Transf. Const.),09.505.958/0002-90,SCHWAB COMERCIO DE PNEUS LTDA,9498.75,0,9498.75,113.99,9498.75
8,Secretaria de Obras,1,Secretaria de Obras,150070000000,Rec. Livres (Imp. e Transf. Const.),10.158.356/0001-01,CPX DISTRIBUIDORA S/A,9971.80,0,9971.80,119.64,9971.80
8,Secretaria de Obras,1,Secretaria de Obras,150070000000,Rec. Livres (Imp. e Transf. Const.),10.381.875/0001-34,FRITZ DISTRIBUIDORA DE MATERIAIS ELÉTRICOS LTDA,2959.78,0.02,1329.98,15.95,1329.98
8,Secretaria de Obras,1,Secretaria de Obras,150070000000,Rec. Livres (Imp. e Transf. Const.),103.962.749-86,NATALIE PEIN,7793.40,0,7793.40,0,7793.40
8,Secretaria de Obras,1,Secretaria de Obras,150070000000,Rec. Livres (Imp. e Transf. Const.),10.417.649/0001-66,RZT COMERCIO DE COMBUSTIVEIS LTDA,7156.42,0,858.80,10.24,797.74
8,Secretaria de Obras,1,Secretaria de Obras,150070000000,Rec. Livres (Imp. e Transf. Const.),10.473.681/0001-69,JIT SERVIÇOS E COMÉRCIO DE MATERIAL ELÉTRICO LTDA,240.00,0,0,0,0
8,Secretaria de Obras,1,Secretaria de Obras,150070000000,Rec. Livres (Imp. e Transf. Const.),10.519.895/0001-29,GLOBAL COLETA E TRANSPORTES DE RESIDUOS LTDA - ME,914.50,760.50,914.50,45.73,914.50
8,Secretaria de Obras,1,Secretaria de Obras,150070000000,Rec. Livres (Imp. e Transf. Const.),106.876.149-02,MARCO ANTONIO WEBER,6976.70,0,6976.70,0,6976.70
8,Secretaria de Obras,1,Secretaria de Obras,150070000000,Rec. Livres (Imp. e Transf. Const.),10.749.284/0001-77,EZCUZÊ AGÊNCIA DE PUBLICIDADE E PROPAGANDA LTDA,385.44,0,385.44,18.52,385.44
8,Secretaria de Obras,1,Secretaria de Obras,150070000000,Rec. Livres (Imp. e Transf. Const.),10.928.104/0001-14,POMERODE DECALQUE PRESTADORA DE SERVICOS LTDA,570.00,0,0,0,0
8,Secretaria de Obras,1,Secretaria de Obras,150070000000,Rec. Livres (Imp. e Transf. Const.),11.114.820/0001-20,LSK COMERCIO DE BATERIAS LTDA. ME.,7019.00,0,7019.00,0,7019.00
8,Secretaria de Obras,1,Secretaria de Obras,150070000000,Rec. Livres (Imp. e Transf. Const.),11.507.734/0001-88,GRAFICA POMERODE LTDA EPP,0.00,1050.00,0,0,0
8,Secretaria de Obras,1,Secretaria de Obras,150070000000,Rec. Livres (Imp. e Transf. Const.),118.280.829-88,GUILHERME VOIGT,149.99,0,149.99,0,149.99
8,Secretaria de Obras,1,Secretaria de Obras,150070000000,Rec. Livres (Imp. e Transf. Const.),11.833.114/0001-39,SAMIL TERRAPLANAGENS E TRANSPORTES LTDA,210947.18,0,92480.32,7675.87,92480.32
8,Secretaria de Obras,1,Secretaria de Obras,150070000000,Rec. Livres (Imp. e Transf. Const.),13.716.552/0001-42,MEGA COMÉRCIO DE DEPARTAMENTOS LTDA,53.70,0,53.70,0,53.70
8,Secretaria de Obras,1,Secretaria de Obras,150070000000,Rec. Livres (Imp. e Transf. Const.),13.738.522/0001-37,MEGA PSI COMÉRCIO LTDA,4292.00,0,0,0,0
8,Secretaria de Obras,1,Secretaria de Obras,150070000000,Rec. Livres (Imp. e Transf. Const.),13.965.228/0001-68,JLM DISTRIBUIDORA BR LTDA,870.00,0,0,0,0
8,Secretaria de Obras,1,Secretaria de Obras,150070000000,Rec. Livres (Imp. e Transf. Const.),14.159.957/0006-02,HM COMERCIO IMPORTAÇÃO E EXPORTAÇÃO LTDA,167.75,0,0,0,0
8,Secretaria de Obras,1,Secretaria de Obras,150070000000,Rec. Livres (Imp. e Transf. Const.),14.255.257/0001-07,RAFAEL KUHN - ME,1567.80,0,1567.80,18.81,1567.80
8,Secretaria de Obras,1,Secretaria de Obras,150070000000,Rec. Livres (Imp. e Transf. Const.),14.284.430/0001-97,"FUNDO DE MATERIAIS, PUBLICAÇÕES E IMPRESSOS OFICIAIS SC",1694.37,0,1694.37,0,1694.37
8,Secretaria de Obras,1,Secretaria de Obras,150070000000,Rec. Livres (Imp. e Transf. Const.),17.314.177/0001-65,17.314.177 JORGE MIGUEL FROTSCHER,2615.94,0,2615.94,0,2615.94
8,Secretaria de Obras,1,Secretaria de Obras,150070000000,Rec. Livres (Imp. e Transf. Const.),18.138.763/0001-69,COMERCIAL VITÓRIA LTDA,103.00,0,103.00,0,103.00
8,Secretaria de Obras,1,Secretaria de Obras,150070000000,Rec. Livres (Imp. e Transf. Const.),18.375.607/0001-11,PAVSUL ASFALTOS E PAVIMENTAÇÕES EIRELI,7362.00,0,7362.00,88.34,7362.00
8,Secretaria de Obras,1,Secretaria de Obras,150070000000,Rec. Livres (Imp. e Transf. Const.),18.404.728/0001-44,CEM POR CENTO CADEIRAS  LTDA - ME,195.00,0,195.00,0,195.00
8,Secretaria de Obras,1,Secretaria de Obras,150070000000,Rec. Livres (Imp. e Transf. Const.),18.806.639/0001-24,SLM CONSTRUÇÕES E SERVIÇOS SUSTENTÁVEIS LTDA,66994.35,0,0,0,0
8,Secretaria de Obras,1,Secretaria de Obras,150070000000,Rec. Livres (Imp. e Transf. Const.),21.285.299/0001-48,ENGENFOX TERRAPLANAGENS E SERVICOS LTDA,1263050.58,0,557072.09,48186.75,557072.09
8,Secretaria de Obras,1,Secretaria de Obras,150070000000,Rec. Livres (Imp. e Transf. Const.),22.203.983/0001-04,RW FABRICAÇÃO E DISTRIBUIÇÃO DE MÁQUINAS E EQUIPAMENTOS LTDA,14849.00,0,14849.00,178.19,14849.00
8,Secretaria de Obras,1,Secretaria de Obras,150070000000,Rec. Livres (Imp. e Transf. Const.),22.637.568/0001-50,RDC PRESTADORA DE SERVICOS LTDA,92353.54,0,41636.34,4579.98,41636.34
8,Secretaria de Obras,1,Secretaria de Obras,150070000000,Rec. Livres (Imp. e Transf. Const.),22.873.594/0001-88,BLU PLACAS VEICULARES LTDA,1260.00,0,980.00,0,980.00
8,Secretaria de Obras,1,Secretaria de Obras,150070000000,Rec. Livres (Imp. e Transf. Const.),24.012.349/0001-01,BRAMBILA TRUCK CENTER EIRELI,8560.00,0,0,0,0
8,Secretaria de Obras,1,Secretaria de Obras,150070000000,Rec. Livres (Imp. e Transf. Const.),24.693.328/0002-80,IMPORTIRE IMPORTADORA E DISTRIBUIDORA DE PNEUS LTDA,1440.00,0,1440.00,17.28,1440.00
8,Secretaria de Obras,1,Secretaria de Obras,150070000000,Rec. Livres (Imp. e Transf. Const.),247.640.439-04,FRANCISCO JEREMIAS ANDRE,14203.94,0,14203.94,1032.14,14203.94
8,Secretaria de Obras,1,Secretaria de Obras,150070000000,Rec. Livres (Imp. e Transf. Const.),26.723.181/0001-78,DO SUL PNEUS JOINVILLE EIRELI,2344.00,0,2344.00,28.13,2344.00
8,Secretaria de Obras,1,Secretaria de Obras,150070000000,Rec. Livres (Imp. e Transf. Const.),27.232.335/0001-91,LÍDER OBRAS DE INFRAESTRUTURA LTDA,829911.33,0,414922.07,64179.88,414922.07
8,Secretaria de Obras,1,Secretaria de Obras,150070000000,Rec. Livres (Imp. e Transf. Const.),27.284.516/0001-61,MAXIFROTA SERVIÇOS DE MANUTENÇÃO DE FROTA LTDA,697448.40,1217.88,347448.40,63.12,347448.40
8,Secretaria de Obras,1,Secretaria de Obras,150070000000,Rec. Livres (Imp. e Transf. Const.),28.086.462/0001-92,L&S COMERCIO DE PRODUTOS DE LIMPEZA,523.80,0,523.80,0,523.80
8,Secretaria de Obras,1,Secretaria de Obras,150070000000,Rec. Livres (Imp. e Transf. Const.),28.900.401/0001-17,LINKMAQ COMERCIO E ASSISTENCIA DE MAQUINAS E EQUIPAMENTOS LTDA,6101.35,0,5704.85,30.16,5704.85
8,Secretaria de Obras,1,Secretaria de Obras,150070000000,Rec. Livres (Imp. e Transf. Const.),29.175.860/0001-48,HIDROSANU SOLUÇÕES PARA CONSTRUÇÃO E SANEAMENTO LTDA.,726.00,0,726.00,8.71,726.00
8,Secretaria de Obras,1,Secretaria de Obras,150070000000,Rec. Livres (Imp. e Transf. Const.),29.222.667/0001-10,SK MATERIAIS PARA ESCRITORIO LTDA,2090.75,0,2090.75,25.09,2090.75
8,Secretaria de Obras,1,Secretaria de Obras,150070000000,Rec. Livres (Imp. e Transf. Const.),29.525.481/0001-30,JOAO FERNANDO KOWALESKI,65.00,0,0,0,0
8,Secretaria de Obras,1,Secretaria de Obras,150070000000,Rec. Livres (Imp. e Transf. Const.),29.979.036/0001-40,INSS- INSTITUTO NACIONAL DO SEGURO SOCIAL,64919.57,0,64919.57,0,55708.20
8,Secretaria de Obras,1,Secretaria de Obras,150070000000,Rec. Livres (Imp. e Transf. Const.),33.263.474/0001-85,MN DISTRIBUIDORA DE PNEUS LTDA,7396.00,0,0,0,0
8,Secretaria de Obras,1,Secretaria de Obras,150070000000,Rec. Livres (Imp. e Transf. Const.),36.091.140/0001-60,BLUSAFE AQUIPAMENTOS DE PROTEÇÃO INDIVIDUAL LTDA,1888.40,0,1888.40,0,1888.40
8,Secretaria de Obras,1,Secretaria de Obras,150070000000,Rec. Livres (Imp. e Transf. Const.),36.225.268/0001-79,INSTALAR INSTALAÇÃO E MANUTENÇÃO LTDA,326.85,0,326.85,0,326.85
8,Secretaria de Obras,1,Secretaria de Obras,150070000000,Rec. Livres (Imp. e Transf. Const.),36.811.724/0001-62,ALESSANDRO ENGEL,135814.19,101868.81,67683.00,7445.12,67683.00
8,Secretaria de Obras,1,Secretaria de Obras,150070000000,Rec. Livres (Imp. e Transf. Const.),37.115.367/0001-60,MINISTERIO DO TRABALHO - MTE,2852.35,0,2852.35,0,2852.35
8,Secretaria de Obras,1,Secretaria de Obras,150070000000,Rec. Livres (Imp. e Transf. Const.),37.143.430/0001-72,TSI CENTRO AUTOMOTIVO LTDA,13387.26,180.00,13341.94,0,13341.94
8,Secretaria de Obras,1,Secretaria de Obras,150070000000,Rec. Livres (Imp. e Transf. Const.),37.221.472/0001-84,GLASENAPP CARVÃO E PESCA LTDA,92.80,0,92.80,0,92.80
8,Secretaria de Obras,1,Secretaria de Obras,150070000000,Rec. Livres (Imp. e Transf. Const.),37.683.566/0001-75,TIAGO TURCHETTO PESSOTTO,409.44,0,409.44,0,409.44
8,Secretaria de Obras,1,Secretaria de Obras,150070000000,Rec. Livres (Imp. e Transf. Const.),38.315.947/0001-64,CK RASTREAMENTO VEICULAR LTDA,7212.20,0,3606.10,0,3606.10
8,Secretaria de Obras,1,Secretaria de Obras,150070000000,Rec. Livres (Imp. e Transf. Const.),40.357.151/0001-16,SAO BENTO COMERCIO DE EMBALAGENS PLASTICAS LTDA,2160.00,0,0,0,0
8,Secretaria de Obras,1,Secretaria de Obras,150070000000,Rec. Livres (Imp. e Transf. Const.),40.997.262/0001-97,WAR EQUIPAMENTOS DO BRASIL LTDA,9400.00,0,0,0,0
8,Secretaria de Obras,1,Secretaria de Obras,150070000000,Rec. Livres (Imp. e Transf. Const.),41.114.022/0001-60,HANDELMAQ COMÉRCIO E SERVIÇOS DE EQUIPAMENTOS LTDA,17674.03,0,17674.03,280.39,17674.03
8,Secretaria de Obras,1,Secretaria de Obras,150070000000,Rec. Livres (Imp. e Transf. Const.),41.955.367/0001-46,ALIMENTOS SORETTO LTDA,1299.50,0,1299.50,0,1299.50
8,Secretaria de Obras,1,Secretaria de Obras,150070000000,Rec. Livres (Imp. e Transf. Const.),42.741.289/0001-40,EG SERVIÇOS DE URBANIZAÇÃO LTDA,390000.00,0,195000.00,7507.46,195000.00
8,Secretaria de Obras,1,Secretaria de Obras,150070000000,Rec. Livres (Imp. e Transf. Const.),42.768.221/0001-54,42.468.221 AUGUSTINHO QUIODELLI,129069.64,66465.18,64534.82,6710.00,64534.82
8,Secretaria de Obras,1,Secretaria de Obras,150070000000,Rec. Livres (Imp. e Transf. Const.),42.826.359/0001-62,FOCO ELETRICA LTDA,100.80,0,100.80,0,100.80
8,Secretaria de Obras,1,Secretaria de Obras,150070000000,Rec. Livres (Imp. e Transf. Const.),45.393.471/0001-45,LR ARTEFATOS DE CIMENTO LTDA EPP,1253.88,0,1253.88,0,1253.88
8,Secretaria de Obras,1,Secretaria de Obras,150070000000,Rec. Livres (Imp. e Transf. Const.),47.171.447/0001-97,"VOGLIO IMPORTADORA, EXPORTADORA E REPRESENTACOES LTDA",240.00,0,0,0,0
8,Secretaria de Obras,1,Secretaria de Obras,150070000000,Rec. Livres (Imp. e Transf. Const.),50.437.729/0001-06,VERT ELETROS E METAIS LTDA,10099.80,0,9774.00,0,9774.00
8,Secretaria de Obras,1,Secretaria de Obras,150070000000,Rec. Livres (Imp. e Transf. Const.),50.675.079/0001-29,POMERWASSER AMBIENTAL S.P.E. S.A.,72492.45,2184.79,17492.45,803.78,17492.45
8,Secretaria de Obras,1,Secretaria de Obras,150070000000,Rec. Livres (Imp. e Transf. Const.),53.046.519/0001-77,SNAKE COMERCIAL LTDA,605.00,0,605.00,0,605.00
8,Secretaria de Obras,1,Secretaria de Obras,150070000000,Rec. Livres (Imp. e Transf. Const.),543.177.540-53,ROSELI LOURDES DA ROCHA,11390.92,0,11390.92,1032.14,11390.92
8,Secretaria de Obras,1,Secretaria de Obras,150070000000,Rec. Livres (Imp. e Transf. Const.),54.838.342/0001-04,DP2 PRO COMERCIO DE LUBRIFICANTES LTDA,2970.00,0,2970.00,35.64,2970.00
8,Secretaria de Obras,1,Secretaria de Obras,150070000000,Rec. Livres (Imp. e Transf. Const.),55.514.869/0001-46,55.514.869 LUCA RIAN VOLKMANN,3600.00,0,1200.00,0,1200.00
8,Secretaria de Obras,1,Secretaria de Obras,150070000000,Rec. Livres (Imp. e Transf. Const.),55.623.647/0001-61,GAMA PNEUS LTDA,1380.00,0,1380.00,16.56,1380.00
8,Secretaria de Obras,1,Secretaria de Obras,150070000000,Rec. Livres (Imp. e Transf. Const.),56.004.897/0001-86,TRIUNFO ILUMINAÇÃO LTDA,277.00,0,277.00,3.32,277.00
8,Secretaria de Obras,1,Secretaria de Obras,150070000000,Rec. Livres (Imp. e Transf. Const.),56.099.508/0001-43,BALBINOTI SOLUCOES ELETRICAS E TECNOLOGIA LTDA,570.00,0,570.00,0,570.00
8,Secretaria de Obras,1,Secretaria de Obras,150070000000,Rec. Livres (Imp. e Transf. Const.),57.015.206/0001-02,SANEBRAS COMERCIO DE MATERIAIS HIDRAULICOS LTDA,110.00,0,0,0,0
8,Secretaria de Obras,1,Secretaria de Obras,150070000000,Rec. Livres (Imp. e Transf. Const.),57.402.445/0001-15,URBAN SERVIÇOS LTDA,75438.40,0,33855.30,5255.82,33855.30
8,Secretaria de Obras,1,Secretaria de Obras,150070000000,Rec. Livres (Imp. e Transf. Const.),57.765.012/0001-24,MH COMERCIO LTDA,1389.20,0,1389.20,0,1389.20
8,Secretaria de Obras,1,Secretaria de Obras,150070000000,Rec. Livres (Imp. e Transf. Const.),58.269.137/0001-26,SANEFLUI MATERIAIS HIDRAULICOS LTDA,156.60,0,156.60,0,156.60
8,Secretaria de Obras,1,Secretaria de Obras,150070000000,Rec. Livres (Imp. e Transf. Const.),59.224.431/0001-84,FF COMERCIO E SERVICOS LTDA,116.40,0,0,0,0
8,Secretaria de Obras,1,Secretaria de Obras,150070000000,Rec. Livres (Imp. e Transf. Const.),605.727.289-72,LORI RAHN JUNG,4014.00,0,4014.00,0,4014.00
8,Secretaria de Obras,1,Secretaria de Obras,150070000000,Rec. Livres (Imp. e Transf. Const.),60.699.174/0001-16,60.699.174 ALANA GABRIELLI SANTOS ARAUJO,433.00,0,433.00,0,433.00
8,Secretaria de Obras,1,Secretaria de Obras,150070000000,Rec. Livres (Imp. e Transf. Const.),61.320.862/0001-96,GRAFICA POMERODE ARTES LTDA,1050.00,0,1050.00,0,1050.00
8,Secretaria de Obras,1,Secretaria de Obras,150070000000,Rec. Livres (Imp. e Transf. Const.),67.731.091/0001-06,CORR PLASTIK INDUSTRIAL LTDA,4573.00,0,4573.00,54.88,4573.00
8,Secretaria de Obras,1,Secretaria de Obras,150070000000,Rec. Livres (Imp. e Transf. Const.),72.380.405/0001-03,FERRAGENS HLS LTDA,660.00,0,660.00,7.92,660.00
8,Secretaria de Obras,1,Secretaria de Obras,150070000000,Rec. Livres (Imp. e Transf. Const.),75.415.075/0002-13,RUDIPEL - RUDNICK PETRÓLEO LTDA,663601.04,71318.90,327984.37,787.14,327984.37
8,Secretaria de Obras,1,Secretaria de Obras,150070000000,Rec. Livres (Imp. e Transf. Const.),75.791.368/0003-86,KRAMBECK COM. AUTO PECAS LTDA - FILIAL,1564.70,0,1564.70,4.35,1564.70
8,Secretaria de Obras,1,Secretaria de Obras,150070000000,Rec. Livres (Imp. e Transf. Const.),76.840.024/0001-10,ARTEFATOS DE CIMENTO ZILZ LTDA,1485.00,0,1485.00,16.44,1485.00
8,Secretaria de Obras,1,Secretaria de Obras,150070000000,Rec. Livres (Imp. e Transf. Const.),78.844.040/0001-07,ROBERT PEIKER,13590.00,0,6590.00,0,6590.00
8,Secretaria de Obras,1,Secretaria de Obras,150070000000,Rec. Livres (Imp. e Transf. Const.),791.961.879-72,DILCEU CAMPOS DA ROSA,4957.81,0,4957.81,121.56,4957.81
8,Secretaria de Obras,1,Secretaria de Obras,150070000000,Rec. Livres (Imp. e Transf. Const.),79.227.963/0014-05,NC COMUNICAÇÕES S/A,1156.38,0,1156.38,55.50,1156.38
8,Secretaria de Obras,1,Secretaria de Obras,150070000000,Rec. Livres (Imp. e Transf. Const.),79.485.892/0001-18,PACOPEDRA PAVIMENTADORA E COMÉRCIO DE PEDRAS LTDA,135260.96,0,58212.74,2572.57,58212.74
8,Secretaria de Obras,1,Secretaria de Obras,150070000000,Rec. Livres (Imp. e Transf. Const.),80.047.087/0001-91,CIG COMERCIO DE EMBALAGENS - EIRELI,1491.00,0,1491.00,0,1491.00
8,Secretaria de Obras,1,Secretaria de Obras,150070000000,Rec. Livres (Imp. e Transf. Const.),80.479.231/0001-69,CICAMPO MAQUINAS FERRAMENTAS LTDA ME,145.35,0,145.35,1.74,145.35
8,Secretaria de Obras,1,Secretaria de Obras,150070000000,Rec. Livres (Imp. e Transf. Const.),80.479.231/0002-40,CICAMPO MAQUINAS E FERRAMENTAS LTDA,2695.00,0,2695.00,32.33,2695.00
8,Secretaria de Obras,1,Secretaria de Obras,150070000000,Rec. Livres (Imp. e Transf. Const.),81.004.988/0001-69,JOCA COMERCIO DE MATERIAIS DE CONSTRUCAO LTDA,5228.50,0,1354.50,16.25,1354.50
8,Secretaria de Obras,1,Secretaria de Obras,150070000000,Rec. Livres (Imp. e Transf. Const.),81.833.410/0001-15,DRAGAO INDUSTRIA E COMERCIO LTDA ME,6292.50,0,6292.50,0,6292.50
8,Secretaria de Obras,1,Secretaria de Obras,150070000000,Rec. Livres (Imp. e Transf. Const.),824.580.739-72,ATIMA KLOEHN,12097.06,0,12097.06,1959.33,12097.06
8,Secretaria de Obras,1,Secretaria de Obras,150070000000,Rec. Livres (Imp. e Transf. Const.),82.511.643/0001-64,CONSELHO REGIONAL DE ENGENHARIA E AGRONOMIA DE SANTA CATARINA - CREA-SC,851.04,0,851.04,0,851.04
8,Secretaria de Obras,1,Secretaria de Obras,150070000000,Rec. Livres (Imp. e Transf. Const.),82.660.861/0011-32,MAX MOHR TECNOLOGIA EM ARGAMASSA E CONCRETO LTDA,420337.59,8623.03,235695.99,6128.09,235695.99
8,Secretaria de Obras,1,Secretaria de Obras,150070000000,Rec. Livres (Imp. e Transf. Const.),82.895.970/0001-67,FEDERACAO DAS CAMARAS DE DIRIGENTES LOJISTAS DE SC,328.00,0,328.00,15.74,328.00
8,Secretaria de Obras,1,Secretaria de Obras,150070000000,Rec. Livres (Imp. e Transf. Const.),82.951.310/0001-56,SECRETARIA DE ESTADO DA FAZENDA,1513.08,0,1513.08,0,1513.08
8,Secretaria de Obras,1,Secretaria de Obras,150070000000,Rec. Livres (Imp. e Transf. Const.),82.977.109/0001-48,HIDROLUNA MATERIAIS PARA SANEAMENTO LTDA,612.90,0,612.90,7.35,612.90
8,Secretaria de Obras,1,Secretaria de Obras,150070000000,Rec. Livres (Imp. e Transf. Const.),83.092.213/0001-18,JOIARTE ARTEFATOS DE CIMENTO INDÚSTRIA E COMÉRCIO LTDA,2940.00,0,0,0,0
8,Secretaria de Obras,1,Secretaria de Obras,150070000000,Rec. Livres (Imp. e Transf. Const.),83.102.251/0001-04,MUNICÍPIO DE POMERODE,3125751.75,2350.00,3125751.75,694000.04,3124962.47
8,Secretaria de Obras,1,Secretaria de Obras,150070000000,Rec. Livres (Imp. e Transf. Const.),83.109.504/0004-14,COREMMA LTDA,4159.80,0,2862.10,34.35,2862.10
8,Secretaria de Obras,1,Secretaria de Obras,150070000000,Rec. Livres (Imp. e Transf. Const.),83.493.973/0001-37,OURO PRETO MINERACAO LTDA,216657.67,0,106602.20,1279.23,97795.99
8,Secretaria de Obras,1,Secretaria de Obras,150070000000,Rec. Livres (Imp. e Transf. Const.),83.542.381/0001-68,COMERCIO DE MAQUINAS E FERRAMENTAS DO VALE LTDA,223.05,0,223.05,2.67,223.05
8,Secretaria de Obras,1,Secretaria de Obras,150070000000,Rec. Livres (Imp. e Transf. Const.),83.633.438/0002-15,COMÉRCIO DE PARAFUSOS E FERRAGENS BERTOLDI LTDA,251.85,0,251.85,3.02,251.85
8,Secretaria de Obras,1,Secretaria de Obras,150070000000,Rec. Livres (Imp. e Transf. Const.),845.809.509-25,EDEMIR REINKE,41290.18,0,41290.18,6357.39,41290.18
8,Secretaria de Obras,1,Secretaria de Obras,150070000000,Rec. Livres (Imp. e Transf. Const.),85.104.289/0001-41,M.D.M. COMÉRCIO E SERVIÇOS LTDA,512799.46,0,376511.89,7257.90,376511.89
8,Secretaria de Obras,1,Secretaria de Obras,150070000000,Rec. Livres (Imp. e Transf. Const.),863.749.319-04,DITMAR RINGENBERG,651.40,0,651.40,0,651.40
8,Secretaria de Obras,1,Secretaria de Obras,150070000000,Rec. Livres (Imp. e Transf. Const.),86.910.148/0001-89,DIBRAPE - DISTRIBUIDORA BRASILEIRA DE PETRÓLEO LTDA,59078.20,0,37549.10,90.08,37549.10
8,Secretaria de Obras,1,Secretaria de Obras,150070000000,Rec. Livres (Imp. e Transf. Const.),925.021.992-04,CARLEONE RAMOS DA SILVA,7777.26,0,7777.26,296.13,7777.26
8,Secretaria de Obras,1,Secretaria de Obras,150070000000,Rec. Livres (Imp. e Transf. Const.),95.822.136/0001-93,3A MATERIAIS DE CONSTRUÇÃO LTDA,9300.91,289.44,5702.91,0,5702.91
8,Secretaria de Obras,1,Secretaria de Obras,150170000000,Rec. Livres,00.556.052/0001-49,PREMOCON ARTEFATOS DE CONCRETO LTDA,27787.80,0,27787.80,0,27787.80
8,Secretaria de Obras,1,Secretaria de Obras,150170000000,Rec. Livres,007.496.749-54,EDSON BAUMANN,167.60,0,167.60,0,0
8,Secretaria de Obras,1,Secretaria de Obras,150170000000,Rec. Livres,01.161.814/0001-70,VENICIO ANTONIO MENESTRINA,6140.00,0,0,0,0
8,Secretaria de Obras,1,Secretaria de Obras,150170000000,Rec. Livres,01.901.227/0001-70,PROGRESSO AMBIENTAL LTDA,240722.60,0,105722.60,10466.53,105722.60
8,Secretaria de Obras,1,Secretaria de Obras,150170000000,Rec. Livres,02.323.274/0001-47,KRUEGER COMÉRCIO DE MATERIAIS ELÉTRICOS E HIDRÁULICOS LTDA,1037.00,0,791.80,9.49,553.69
8,Secretaria de Obras,1,Secretaria de Obras,150170000000,Rec. Livres,02.678.428/0001-13,BRANSALES DO BRASIL LTDA,1018.80,0,1018.80,12.22,1018.80
8,Secretaria de Obras,1,Secretaria de Obras,150170000000,Rec. Livres,03.361.175/0002-01,COMÉRCIO ROCAMEL LTDA,6548.10,0,6548.10,0,6548.10
8,Secretaria de Obras,1,Secretaria de Obras,150170000000,Rec. Livres,04.999.687/0001-71,AGRI LAT IMPLEMENTOS AGRÍCOLAS LTDA,2405.00,0,2405.00,0,0
8,Secretaria de Obras,1,Secretaria de Obras,150170000000,Rec. Livres,05.117.514/0001-45,INSTALART MATERIAIS ELETRICOS LTDA,282.00,0,0,0,0
8,Secretaria de Obras,1,Secretaria de Obras,150170000000,Rec. Livres,05.263.279/0001-10,TERRAPLANAGEM KNOPF LTDA,46624.25,0,7084.25,116.89,7084.25
8,Secretaria de Obras,1,Secretaria de Obras,150170000000,Rec. Livres,068.959.649-91,NORBERTO GLATZ,39889.00,0,21889.00,0,21889.00
8,Secretaria de Obras,1,Secretaria de Obras,150170000000,Rec. Livres,07.448.130/0001-30,SELL MADEIRAS E GUINDASTES LTDA,30075.22,0,0,0,0
8,Secretaria de Obras,1,Secretaria de Obras,150170000000,Rec. Livres,08.144.793/0001-24,I L I G METALURGICA LTDA,2093.21,0,2093.21,0,2093.21
8,Secretaria de Obras,1,Secretaria de Obras,150170000000,Rec. Livres,08.996.940/0001-94,PSI INDUSTRIA E COMERCIO DE ARTEFATOS LTDA,11583.40,0,11583.40,0,11583.40
8,Secretaria de Obras,1,Secretaria de Obras,150170000000,Rec. Livres,11.833.114/0001-39,SAMIL TERRAPLANAGENS E TRANSPORTES LTDA,1535396.93,0,684876.52,56844.75,684876.52
8,Secretaria de Obras,1,Secretaria de Obras,150170000000,Rec. Livres,14.255.257/0001-07,RAFAEL KUHN - ME,6882.25,0,0,0,0
8,Secretaria de Obras,1,Secretaria de Obras,150170000000,Rec. Livres,17.314.177/0001-65,17.314.177 JORGE MIGUEL FROTSCHER,480.00,0,480.00,0,0
8,Secretaria de Obras,1,Secretaria de Obras,150170000000,Rec. Livres,18.138.763/0001-69,COMERCIAL VITÓRIA LTDA,562.50,0,562.50,0,0
8,Secretaria de Obras,1,Secretaria de Obras,150170000000,Rec. Livres,18.806.639/0001-24,SLM CONSTRUÇÕES E SERVIÇOS SUSTENTÁVEIS LTDA,56889.27,0,26947.55,4670.68,26947.55
8,Secretaria de Obras,1,Secretaria de Obras,150170000000,Rec. Livres,21.285.299/0001-48,ENGENFOX TERRAPLANAGENS E SERVICOS LTDA,720619.29,0,288286.53,24936.70,288286.53
8,Secretaria de Obras,1,Secretaria de Obras,150170000000,Rec. Livres,26.044.069/0001-00,SOMA ATACADO LTDA,377.00,0,377.00,4.52,4.52
8,Secretaria de Obras,1,Secretaria de Obras,150170000000,Rec. Livres,27.284.516/0001-61,MAXIFROTA SERVIÇOS DE MANUTENÇÃO DE FROTA LTDA,105523.99,0,5523.99,0,5523.99
8,Secretaria de Obras,1,Secretaria de Obras,150170000000,Rec. Livres,28.086.462/0001-92,L&S COMERCIO DE PRODUTOS DE LIMPEZA,523.80,0,523.80,0,523.80
8,Secretaria de Obras,1,Secretaria de Obras,150170000000,Rec. Livres,28.900.401/0001-17,LINKMAQ COMERCIO E ASSISTENCIA DE MAQUINAS E EQUIPAMENTOS LTDA,1392.50,0,1392.50,0,1374.20
8,Secretaria de Obras,1,Secretaria de Obras,150170000000,Rec. Livres,290.913.229-34,ELSIRA DAHLKE,22950.00,0,11550.00,0,11550.00
8,Secretaria de Obras,1,Secretaria de Obras,150170000000,Rec. Livres,29.180.955/0002-30,NEW WORK EPI LTDA,3409.60,0,0,0,0
8,Secretaria de Obras,1,Secretaria de Obras,150170000000,Rec. Livres,35.944.400/0001-30,ROTTA DO REPARO MATERIAIS DE CONSTRUÇÃO LTDA,598.39,0,127.45,0,127.45
8,Secretaria de Obras,1,Secretaria de Obras,150170000000,Rec. Livres,36.123.951/0001-03,MV GASES INDUSTRIAIS LTDA,988.00,115.00,988.00,0,0
8,Secretaria de Obras,1,Secretaria de Obras,150170000000,Rec. Livres,37.143.430/0001-72,TSI CENTRO AUTOMOTIVO LTDA,423.00,0,423.00,0,423.00
8,Secretaria de Obras,1,Secretaria de Obras,150170000000,Rec. Livres,380.558.139-49,LANDI RAHN,18480.00,0,9240.00,0,9240.00
8,Secretaria de Obras,1,Secretaria de Obras,150170000000,Rec. Livres,38.315.947/0001-64,CK RASTREAMENTO VEICULAR LTDA,1803.05,0,1803.05,0,1803.05
8,Secretaria de Obras,1,Secretaria de Obras,150170000000,Rec. Livres,40.738.368/0001-76,GAMBA CONEXÕES COMÉRCIO ATACADISTA DE ALIMENTOS LTDA,705.20,0,705.20,71.93,71.93
8,Secretaria de Obras,1,Secretaria de Obras,150170000000,Rec. Livres,42.768.221/0001-54,42.468.221 AUGUSTINHO QUIODELLI,40000.00,0,20000.00,2200.00,20000.00
8,Secretaria de Obras,1,Secretaria de Obras,150170000000,Rec. Livres,42.785.776/0001-04,ALLY COMERCIO DE PRODUTOS E EQUIPAMENTOS LTDA,357.50,0,0,0,0
8,Secretaria de Obras,1,Secretaria de Obras,150170000000,Rec. Livres,45.393.471/0001-45,LR ARTEFATOS DE CIMENTO LTDA EPP,1253.88,0,1253.88,0,1253.88
8,Secretaria de Obras,1,Secretaria de Obras,150170000000,Rec. Livres,46.423.434/0001-03,ATRIUM INDÚSTRIA E COMÉRCIO DE FERRAGENS LTDA,1379.40,0,0,0,0
8,Secretaria de Obras,1,Secretaria de Obras,150170000000,Rec. Livres,50.437.729/0001-06,VERT ELETROS E METAIS LTDA,1232.70,0,1232.70,0,1232.70
8,Secretaria de Obras,1,Secretaria de Obras,150170000000,Rec. Livres,53.795.421/0001-12,M A F VILAS BOAS SERVICOS & CIA LTDA,21491.89,0,10140.80,1571.09,10140.80
8,Secretaria de Obras,1,Secretaria de Obras,150170000000,Rec. Livres,57.765.012/0001-24,MH COMERCIO LTDA,622.50,0,0,0,0
8,Secretaria de Obras,1,Secretaria de Obras,150170000000,Rec. Livres,605.727.289-72,LORI RAHN JUNG,15564.00,0,15564.00,0,15564.00
8,Secretaria de Obras,1,Secretaria de Obras,150170000000,Rec. Livres,636.910.359-49,ELIA RAHN MICHELMANN,1848.00,0,924.00,0,924.00
8,Secretaria de Obras,1,Secretaria de Obras,150170000000,Rec. Livres,72.380.405/0001-03,FERRAGENS HLS LTDA,6400.00,0,3200.00,38.40,3200.00
8,Secretaria de Obras,1,Secretaria de Obras,150170000000,Rec. Livres,73.382.426/0001-20,LG INDUSTRIA QUIMICA LTDA - EPP,361.38,0,361.38,4.33,361.38
8,Secretaria de Obras,1,Secretaria de Obras,150170000000,Rec. Livres,75.415.075/0002-13,RUDIPEL - RUDNICK PETRÓLEO LTDA,257630.40,0,92366.40,221.68,75705.68
8,Secretaria de Obras,1,Secretaria de Obras,150170000000,Rec. Livres,781.333.439-68,FRANCISCO RAHN,1848.00,0,924.00,0,924.00
8,Secretaria de Obras,1,Secretaria de Obras,150170000000,Rec. Livres,81.833.410/0001-15,DRAGAO INDUSTRIA E COMERCIO LTDA ME,26009.00,0,8390.00,0,8390.00
8,Secretaria de Obras,1,Secretaria de Obras,150170000000,Rec. Livres,82.511.643/0001-64,CONSELHO REGIONAL DE ENGENHARIA E AGRONOMIA DE SANTA CATARINA - CREA-SC,325.17,0,325.17,0,216.78
8,Secretaria de Obras,1,Secretaria de Obras,150170000000,Rec. Livres,82.951.310/0001-56,SECRETARIA DE ESTADO DA FAZENDA,448.11,0,448.11,0,448.11
8,Secretaria de Obras,1,Secretaria de Obras,150170000000,Rec. Livres,83.845.701/0001-59,SANTA CATARINA TRIBUNAL DE JUSTICA,8624.00,0,4312.00,0,4312.00
8,Secretaria de Obras,1,Secretaria de Obras,150170000000,Rec. Livres,85.104.289/0001-41,M.D.M. COMÉRCIO E SERVIÇOS LTDA,46716.00,0,46716.00,560.59,46716.00
8,Secretaria de Obras,1,Secretaria de Obras,150170000000,Rec. Livres,866.121.239-15,NELIO CLAIR BORCHARDT,0.00,55.87,0.00,0,0.00
8,Secretaria de Obras,1,Secretaria de Obras,150170000000,Rec. Livres,86.910.148/0001-89,DIBRAPE - DISTRIBUIDORA BRASILEIRA DE PETRÓLEO LTDA,34870.20,0,5820.60,13.96,5820.60
8,Secretaria de Obras,1,Secretaria de Obras,150170000000,Rec. Livres,90.180.605/0001-02,GENTE SEGURADORA S.A.,3820.07,0,3820.07,91.67,3820.07
8,Secretaria de Obras,1,Secretaria de Obras,150170000000,Rec. Livres,947.559.819-72,VOLMIRO GONCALVES,167.60,0,167.60,0,0
8,Secretaria de Obras,1,Secretaria de Obras,150170000000,Rec. Livres,95.822.136/0001-93,3A MATERIAIS DE CONSTRUÇÃO LTDA,11245.78,0,4925.20,0,3486.00
8,Secretaria de Obras,1,Secretaria de Obras,170170000029,Portaria Conjunta SGG/SEF nº 067/2025: Aquisição de vassoura recolhedora e capinadeira de minicarregadeira,40.997.262/0001-97,WAR EQUIPAMENTOS DO BRASIL LTDA,32600.00,0,0,0,0
8,Secretaria de Obras,1,Secretaria de Obras,170870000000,CFEM (Transferência da União Referente à Compensação Financeira de Recursos Minerais ),00.000.000/2472-43,BANCO DO BRASIL SA,114.64,0,14.64,0,14.64
8,Secretaria de Obras,1,Secretaria de Obras,170870000000,CFEM (Transferência da União Referente à Compensação Financeira de Recursos Minerais ),00.556.052/0001-49,PREMOCON ARTEFATOS DE CONCRETO LTDA,20898.00,0,20898.00,0,20898.00
8,Secretaria de Obras,1,Secretaria de Obras,170870000000,CFEM (Transferência da União Referente à Compensação Financeira de Recursos Minerais ),02.323.274/0001-47,KRUEGER COMÉRCIO DE MATERIAIS ELÉTRICOS E HIDRÁULICOS LTDA,291.60,0,291.60,3.49,291.60
8,Secretaria de Obras,1,Secretaria de Obras,170870000000,CFEM (Transferência da União Referente à Compensação Financeira de Recursos Minerais ),05.500.614/0001-56,ELETROTECNICA F.C. LTDA EPP,5798.30,0,5798.30,69.57,5798.30
8,Secretaria de Obras,1,Secretaria de Obras,170870000000,CFEM (Transferência da União Referente à Compensação Financeira de Recursos Minerais ),07.448.130/0001-30,SELL MADEIRAS E GUINDASTES LTDA,20143.09,0,20143.09,0,20143.09
8,Secretaria de Obras,1,Secretaria de Obras,170870000000,CFEM (Transferência da União Referente à Compensação Financeira de Recursos Minerais ),08.144.793/0001-24,I L I G METALURGICA LTDA,2884.76,0,2884.76,0,2884.76
8,Secretaria de Obras,1,Secretaria de Obras,170870000000,CFEM (Transferência da União Referente à Compensação Financeira de Recursos Minerais ),10.749.284/0001-77,EZCUZÊ AGÊNCIA DE PUBLICIDADE E PROPAGANDA LTDA,192.72,0,192.72,9.26,192.72
8,Secretaria de Obras,1,Secretaria de Obras,170870000000,CFEM (Transferência da União Referente à Compensação Financeira de Recursos Minerais ),14.284.430/0001-97,"FUNDO DE MATERIAIS, PUBLICAÇÕES E IMPRESSOS OFICIAIS SC",3042.66,0,3042.66,0,3042.66
8,Secretaria de Obras,1,Secretaria de Obras,170870000000,CFEM (Transferência da União Referente à Compensação Financeira de Recursos Minerais ),14.574.671/0001-70,ROYER PRÉ-MOLDADOS LTDA - EPP,18472.64,0,0,0,0
8,Secretaria de Obras,1,Secretaria de Obras,170870000000,CFEM (Transferência da União Referente à Compensação Financeira de Recursos Minerais ),18.233.020/0001-78,MARTINES EMPRESARIAL LTDA,1440.00,0,0,0,0
8,Secretaria de Obras,1,Secretaria de Obras,170870000000,CFEM (Transferência da União Referente à Compensação Financeira de Recursos Minerais ),22.637.568/0001-50,RDC PRESTADORA DE SERVICOS LTDA,6593.84,0,6593.84,725.32,6593.84
8,Secretaria de Obras,1,Secretaria de Obras,170870000000,CFEM (Transferência da União Referente à Compensação Financeira de Recursos Minerais ),27.232.335/0001-91,LÍDER OBRAS DE INFRAESTRUTURA LTDA,131436.00,84282.00,65718.00,12683.57,65718.00
8,Secretaria de Obras,1,Secretaria de Obras,170870000000,CFEM (Transferência da União Referente à Compensação Financeira de Recursos Minerais ),28.900.401/0001-17,LINKMAQ COMERCIO E ASSISTENCIA DE MAQUINAS E EQUIPAMENTOS LTDA,96.00,0,96.00,0,96.00
8,Secretaria de Obras,1,Secretaria de Obras,170870000000,CFEM (Transferência da União Referente à Compensação Financeira de Recursos Minerais ),36.091.140/0001-60,BLUSAFE AQUIPAMENTOS DE PROTEÇÃO INDIVIDUAL LTDA,978.90,0,978.90,0,978.90
8,Secretaria de Obras,1,Secretaria de Obras,170870000000,CFEM (Transferência da União Referente à Compensação Financeira de Recursos Minerais ),37.143.430/0001-72,TSI CENTRO AUTOMOTIVO LTDA,239.66,0,239.66,0,239.66
8,Secretaria de Obras,1,Secretaria de Obras,170870000000,CFEM (Transferência da União Referente à Compensação Financeira de Recursos Minerais ),39.649.812/0001-06,MC COMÉRCIO DE ALIMENTOS E TRANSPORTES LTDA,122.16,0,122.16,0,122.16
8,Secretaria de Obras,1,Secretaria de Obras,170870000000,CFEM (Transferência da União Referente à Compensação Financeira de Recursos Minerais ),42.768.221/0001-54,42.468.221 AUGUSTINHO QUIODELLI,16000.00,0,8000.00,880.00,8000.00
8,Secretaria de Obras,1,Secretaria de Obras,170870000000,CFEM (Transferência da União Referente à Compensação Financeira de Recursos Minerais ),44.926.503/0001-68,OXIGENIO BLUMENAU LTDA,201.60,0,201.60,2.41,201.60
8,Secretaria de Obras,1,Secretaria de Obras,170870000000,CFEM (Transferência da União Referente à Compensação Financeira de Recursos Minerais ),53.795.421/0001-12,M A F VILAS BOAS SERVICOS & CIA LTDA,970.50,0,145.58,22.58,145.58
8,Secretaria de Obras,1,Secretaria de Obras,170870000000,CFEM (Transferência da União Referente à Compensação Financeira de Recursos Minerais ),78.993.169/0001-87,PETROSKI CONSTRUTORA E INCORPORADORA LTDA,23085.48,0,23085.48,277.03,23085.48
8,Secretaria de Obras,1,Secretaria de Obras,170870000000,CFEM (Transferência da União Referente à Compensação Financeira de Recursos Minerais ),79.227.963/0014-05,NC COMUNICAÇÕES S/A,1541.84,0,1541.84,74.00,1541.84
8,Secretaria de Obras,1,Secretaria de Obras,170870000000,CFEM (Transferência da União Referente à Compensação Financeira de Recursos Minerais ),80.047.087/0001-91,CIG COMERCIO DE EMBALAGENS - EIRELI,994.00,0,994.00,0,994.00
8,Secretaria de Obras,1,Secretaria de Obras,170870000000,CFEM (Transferência da União Referente à Compensação Financeira de Recursos Minerais ),81.833.410/0001-15,DRAGAO INDUSTRIA E COMERCIO LTDA ME,2097.50,0,2097.50,0,2097.50
8,Secretaria de Obras,1,Secretaria de Obras,170870000000,CFEM (Transferência da União Referente à Compensação Financeira de Recursos Minerais ),82.660.861/0011-32,MAX MOHR TECNOLOGIA EM ARGAMASSA E CONCRETO LTDA,3415.60,0,3415.60,88.81,3415.60
8,Secretaria de Obras,1,Secretaria de Obras,170870000000,CFEM (Transferência da União Referente à Compensação Financeira de Recursos Minerais ),85.104.289/0001-41,M.D.M. COMÉRCIO E SERVIÇOS LTDA,18117.00,0,18117.00,187.06,18117.00
8,Secretaria de Obras,1,Secretaria de Obras,171032100061,Portaria Nº 202/2026 - SEF: Emenda nº 3739/2026 (Capital: Apoio para investimentos destinados à Secretaria de Obras),21.285.299/0001-48,ENGENFOX TERRAPLANAGENS E SERVICOS LTDA,105532.86,0,5532.86,478.60,5532.86
8,Secretaria de Obras,1,Secretaria de Obras,171032100068,Portaria Nº 188/2026 - SEF: Emenda nº 3936/2026 (Capital: Apoio para a infraestrutura do município (horas máquina e horas caminhão)),21.285.299/0001-48,ENGENFOX TERRAPLANAGENS E SERVICOS LTDA,200000.00,0,0,0,0
8,Secretaria de Obras,1,Secretaria de Obras,172070000000, Transferências da União Referentes às participações na exploração de Petróleo e Gás Natural destinadas ao FEP - Lei 9.478/1997,00.000.000/2472-43,BANCO DO BRASIL SA,113.08,0,13.08,0,13.08
8,Secretaria de Obras,1,Secretaria de Obras,172070000000, Transferências da União Referentes às participações na exploração de Petróleo e Gás Natural destinadas ao FEP - Lei 9.478/1997,02.323.274/0001-47,KRUEGER COMÉRCIO DE MATERIAIS ELÉTRICOS E HIDRÁULICOS LTDA,311.55,0,219.75,2.63,219.75
8,Secretaria de Obras,1,Secretaria de Obras,172070000000, Transferências da União Referentes às participações na exploração de Petróleo e Gás Natural destinadas ao FEP - Lei 9.478/1997,05.263.279/0001-10,TERRAPLANAGEM KNOPF LTDA,7282.00,0,7282.00,120.15,7282.00
8,Secretaria de Obras,1,Secretaria de Obras,172070000000, Transferências da União Referentes às participações na exploração de Petróleo e Gás Natural destinadas ao FEP - Lei 9.478/1997,07.448.130/0001-30,SELL MADEIRAS E GUINDASTES LTDA,25418.00,0,25418.00,0,25418.00
8,Secretaria de Obras,1,Secretaria de Obras,172070000000, Transferências da União Referentes às participações na exploração de Petróleo e Gás Natural destinadas ao FEP - Lei 9.478/1997,11.833.114/0001-39,SAMIL TERRAPLANAGENS E TRANSPORTES LTDA,333525.60,0,166762.80,13841.32,166762.80
8,Secretaria de Obras,1,Secretaria de Obras,172070000000, Transferências da União Referentes às participações na exploração de Petróleo e Gás Natural destinadas ao FEP - Lei 9.478/1997,21.285.299/0001-48,ENGENFOX TERRAPLANAGENS E SERVICOS LTDA,126046.31,0,19838.19,1716.01,19838.19
8,Secretaria de Obras,1,Secretaria de Obras,172070000000, Transferências da União Referentes às participações na exploração de Petróleo e Gás Natural destinadas ao FEP - Lei 9.478/1997,27.284.516/0001-61,MAXIFROTA SERVIÇOS DE MANUTENÇÃO DE FROTA LTDA,166321.15,33678.85,66321.15,426.00,66321.15
8,Secretaria de Obras,1,Secretaria de Obras,172070000000, Transferências da União Referentes às participações na exploração de Petróleo e Gás Natural destinadas ao FEP - Lei 9.478/1997,36.123.951/0001-03,MV GASES INDUSTRIAIS LTDA,154.00,0,154.00,0,0
8,Secretaria de Obras,1,Secretaria de Obras,172070000000, Transferências da União Referentes às participações na exploração de Petróleo e Gás Natural destinadas ao FEP - Lei 9.478/1997,37.143.430/0001-72,TSI CENTRO AUTOMOTIVO LTDA,1198.48,0,1198.48,0,1198.48
8,Secretaria de Obras,1,Secretaria de Obras,172070000000, Transferências da União Referentes às participações na exploração de Petróleo e Gás Natural destinadas ao FEP - Lei 9.478/1997,85.104.289/0001-41,M.D.M. COMÉRCIO E SERVIÇOS LTDA,60193.92,0,60193.92,1228.49,60193.92
8,Secretaria de Obras,1,Secretaria de Obras,172070000000, Transferências da União Referentes às participações na exploração de Petróleo e Gás Natural destinadas ao FEP - Lei 9.478/1997,95.822.136/0001-93,3A MATERIAIS DE CONSTRUÇÃO LTDA,5254.20,0,5254.20,0,5254.20
8,Secretaria de Obras,1,Secretaria de Obras,172070000001,Royalties da ANP (Lei 7.990/89),00.556.052/0001-49,PREMOCON ARTEFATOS DE CONCRETO LTDA,49528.26,0,7732.26,0,7732.26
8,Secretaria de Obras,1,Secretaria de Obras,172070000001,Royalties da ANP (Lei 7.990/89),00.792.866/0001-82,HIBISCUS ORNAMENTAÇÕES LTDA,5238.20,0,5238.20,0,5238.20
8,Secretaria de Obras,1,Secretaria de Obras,172070000001,Royalties da ANP (Lei 7.990/89),01.161.814/0001-70,VENICIO ANTONIO MENESTRINA,11350.00,0,0,0,0
8,Secretaria de Obras,1,Secretaria de Obras,172070000001,Royalties da ANP (Lei 7.990/89),02.323.274/0001-47,KRUEGER COMÉRCIO DE MATERIAIS ELÉTRICOS E HIDRÁULICOS LTDA,57.95,0,57.95,0.68,57.95
8,Secretaria de Obras,1,Secretaria de Obras,172070000001,Royalties da ANP (Lei 7.990/89),03.361.175/0002-01,COMÉRCIO ROCAMEL LTDA,1449.00,0,1449.00,0,1449.00
8,Secretaria de Obras,1,Secretaria de Obras,172070000001,Royalties da ANP (Lei 7.990/89),03.868.731/0001-41,DISK GRAMA COMERCIAL LTDA,20900.08,0,20900.08,0,2870.00
8,Secretaria de Obras,1,Secretaria de Obras,172070000001,Royalties da ANP (Lei 7.990/89),07.448.130/0001-30,SELL MADEIRAS E GUINDASTES LTDA,24347.35,0,24347.35,0,24347.35
8,Secretaria de Obras,1,Secretaria de Obras,172070000001,Royalties da ANP (Lei 7.990/89),08.144.793/0001-24,I L I G METALURGICA LTDA,1495.15,0,1495.15,0,1495.15
8,Secretaria de Obras,1,Secretaria de Obras,172070000001,Royalties da ANP (Lei 7.990/89),11.833.114/0001-39,SAMIL TERRAPLANAGENS E TRANSPORTES LTDA,1341600.38,0,209352.16,17376.22,209352.16
8,Secretaria de Obras,1,Secretaria de Obras,172070000001,Royalties da ANP (Lei 7.990/89),18.404.728/0001-44,CEM POR CENTO CADEIRAS  LTDA - ME,700.00,0,700.00,0,700.00
8,Secretaria de Obras,1,Secretaria de Obras,172070000001,Royalties da ANP (Lei 7.990/89),21.285.299/0001-48,ENGENFOX TERRAPLANAGENS E SERVICOS LTDA,1408555.94,0,129709.68,11032.77,129709.68
8,Secretaria de Obras,1,Secretaria de Obras,172070000001,Royalties da ANP (Lei 7.990/89),22.637.568/0001-50,RDC PRESTADORA DE SERVICOS LTDA,34167.84,0,13167.84,1448.46,4634.52
8,Secretaria de Obras,1,Secretaria de Obras,172070000001,Royalties da ANP (Lei 7.990/89),22.873.594/0001-88,BLU PLACAS VEICULARES LTDA,45.00,0,45.00,0,0
8,Secretaria de Obras,1,Secretaria de Obras,172070000001,Royalties da ANP (Lei 7.990/89),23.725.801/0001-10,JVA OBRAS DE URBANIZAÇÃO LTDA,2750.00,0,0,0,0
8,Secretaria de Obras,1,Secretaria de Obras,172070000001,Royalties da ANP (Lei 7.990/89),27.232.335/0001-91,LÍDER OBRAS DE INFRAESTRUTURA LTDA,411299.27,0,151299.27,20425.41,151299.27
8,Secretaria de Obras,1,Secretaria de Obras,172070000001,Royalties da ANP (Lei 7.990/89),28.076.704/0001-67,JSL SOLUÇÕES EM SERVIÇOS LTDA,67969.00,0,0,0,0
8,Secretaria de Obras,1,Secretaria de Obras,172070000001,Royalties da ANP (Lei 7.990/89),28.900.401/0001-17,LINKMAQ COMERCIO E ASSISTENCIA DE MAQUINAS E EQUIPAMENTOS LTDA,1034.00,0,60.00,0,60.00
8,Secretaria de Obras,1,Secretaria de Obras,172070000001,Royalties da ANP (Lei 7.990/89),290.913.229-34,ELSIRA DAHLKE,44810.00,0,12698.00,0,12698.00
8,Secretaria de Obras,1,Secretaria de Obras,172070000001,Royalties da ANP (Lei 7.990/89),37.143.430/0001-72,TSI CENTRO AUTOMOTIVO LTDA,502.64,0,502.64,0,502.64
8,Secretaria de Obras,1,Secretaria de Obras,172070000001,Royalties da ANP (Lei 7.990/89),380.558.139-49,LANDI RAHN,26886.00,0,7618.80,0,7618.80
8,Secretaria de Obras,1,Secretaria de Obras,172070000001,Royalties da ANP (Lei 7.990/89),38.315.947/0001-64,CK RASTREAMENTO VEICULAR LTDA,44820.25,0,14435.70,0,14435.70
8,Secretaria de Obras,1,Secretaria de Obras,172070000001,Royalties da ANP (Lei 7.990/89),41.723.591/0001-02,WEISS AMBIENTAL LTDA,85018.00,0,0,0,0
8,Secretaria de Obras,1,Secretaria de Obras,172070000001,Royalties da ANP (Lei 7.990/89),42.768.221/0001-54,42.468.221 AUGUSTINHO QUIODELLI,807.32,0,807.32,88.81,807.32
8,Secretaria de Obras,1,Secretaria de Obras,172070000001,Royalties da ANP (Lei 7.990/89),45.393.471/0001-45,LR ARTEFATOS DE CIMENTO LTDA EPP,6496.10,0,6496.10,0,6496.10
8,Secretaria de Obras,1,Secretaria de Obras,172070000001,Royalties da ANP (Lei 7.990/89),57.402.445/0001-15,URBAN SERVIÇOS LTDA,79200.44,0,39600.22,6157.63,39600.22
8,Secretaria de Obras,1,Secretaria de Obras,172070000001,Royalties da ANP (Lei 7.990/89),605.727.289-72,LORI RAHN JUNG,4670.00,0,4670.00,0,4670.00
8,Secretaria de Obras,1,Secretaria de Obras,172070000001,Royalties da ANP (Lei 7.990/89),636.910.359-49,ELIA RAHN MICHELMANN,2688.60,0,761.88,0,761.88
8,Secretaria de Obras,1,Secretaria de Obras,172070000001,Royalties da ANP (Lei 7.990/89),73.382.426/0001-20,LG INDUSTRIA QUIMICA LTDA - EPP,242.64,0,242.64,2.91,2.91
8,Secretaria de Obras,1,Secretaria de Obras,172070000001,Royalties da ANP (Lei 7.990/89),75.415.075/0002-13,RUDIPEL - RUDNICK PETRÓLEO LTDA,18420.00,0,18420.00,44.21,18420.00
8,Secretaria de Obras,1,Secretaria de Obras,172070000001,Royalties da ANP (Lei 7.990/89),781.333.439-68,FRANCISCO RAHN,2688.60,0,761.88,0,761.88
8,Secretaria de Obras,1,Secretaria de Obras,172070000001,Royalties da ANP (Lei 7.990/89),81.833.410/0001-15,DRAGAO INDUSTRIA E COMERCIO LTDA ME,8390.00,0,2097.50,0,2097.50
8,Secretaria de Obras,1,Secretaria de Obras,172070000001,Royalties da ANP (Lei 7.990/89),83.845.701/0001-59,SANTA CATARINA TRIBUNAL DE JUSTICA,12546.80,0,3555.44,0,3555.44
8,Secretaria de Obras,1,Secretaria de Obras,172070000001,Royalties da ANP (Lei 7.990/89),85.104.289/0001-41,M.D.M. COMÉRCIO E SERVIÇOS LTDA,89897.57,1125.12,64254.61,1277.68,64254.61
8,Secretaria de Obras,1,Secretaria de Obras,172070000001,Royalties da ANP (Lei 7.990/89),95.822.136/0001-93,3A MATERIAIS DE CONSTRUÇÃO LTDA,15376.29,0,15376.29,0,15376.29
8,Secretaria de Obras,1,Secretaria de Obras,175070000000,CIDE (Rec. da Contrib. de Intervenção no Domínio Econômico ),00.000.000/2472-43,BANCO DO BRASIL SA,103.32,0,3.32,0,3.32
8,Secretaria de Obras,1,Secretaria de Obras,175070000000,CIDE (Rec. da Contrib. de Intervenção no Domínio Econômico ),02.323.274/0001-47,KRUEGER COMÉRCIO DE MATERIAIS ELÉTRICOS E HIDRÁULICOS LTDA,316.50,0,316.50,3.79,76.41
8,Secretaria de Obras,1,Secretaria de Obras,175070000000,CIDE (Rec. da Contrib. de Intervenção no Domínio Econômico ),08.144.793/0001-24,I L I G METALURGICA LTDA,1231.30,0,1231.30,0,1231.30
8,Secretaria de Obras,1,Secretaria de Obras,175070000000,CIDE (Rec. da Contrib. de Intervenção no Domínio Econômico ),10.381.875/0001-34,FRITZ DISTRIBUIDORA DE MATERIAIS ELÉTRICOS LTDA,470.90,0,470.90,5.65,470.90
8,Secretaria de Obras,1,Secretaria de Obras,175070000000,CIDE (Rec. da Contrib. de Intervenção no Domínio Econômico ),26.950.671/0001-07,LICERI COMERCIO DE PRODUTOS EM GERAL LTDA,343.00,0,343.00,0,0
8,Secretaria de Obras,1,Secretaria de Obras,175070000000,CIDE (Rec. da Contrib. de Intervenção no Domínio Econômico ),28.900.401/0001-17,LINKMAQ COMERCIO E ASSISTENCIA DE MAQUINAS E EQUIPAMENTOS LTDA,1458.00,0,1458.00,0,1458.00
8,Secretaria de Obras,1,Secretaria de Obras,175070000000,CIDE (Rec. da Contrib. de Intervenção no Domínio Econômico ),37.143.430/0001-72,TSI CENTRO AUTOMOTIVO LTDA,3232.00,0,211.00,0,211.00
8,Secretaria de Obras,1,Secretaria de Obras,175070000000,CIDE (Rec. da Contrib. de Intervenção no Domínio Econômico ),59.204.326/0001-83,R.R EQUIPAMENTOS DE SEGURANÇA LTDA,323.90,0,323.90,0,323.90
8,Secretaria de Obras,1,Secretaria de Obras,175070000000,CIDE (Rec. da Contrib. de Intervenção no Domínio Econômico ),82.951.310/0001-56,SECRETARIA DE ESTADO DA FAZENDA,896.22,0,896.22,0,896.22
8,Secretaria de Obras,1,Secretaria de Obras,175070000000,CIDE (Rec. da Contrib. de Intervenção no Domínio Econômico ),83.633.438/0002-15,COMÉRCIO DE PARAFUSOS E FERRAGENS BERTOLDI LTDA,36.90,0,36.90,0.44,36.90
8,Secretaria de Obras,1,Secretaria de Obras,175070000000,CIDE (Rec. da Contrib. de Intervenção no Domínio Econômico ),85.104.289/0001-41,M.D.M. COMÉRCIO E SERVIÇOS LTDA,1093.00,0,1093.00,13.12,1093.00
8,Secretaria de Obras,1,Secretaria de Obras,175070000000,CIDE (Rec. da Contrib. de Intervenção no Domínio Econômico ),85.199.602/0001-72,KIAR MANUTENCAO DE MAQUINAS E EQUIPAMENTOS LTDA EPP,89.00,0,89.00,0,89.00
8,Secretaria de Obras,1,Secretaria de Obras,175070000000,CIDE (Rec. da Contrib. de Intervenção no Domínio Econômico ),95.822.136/0001-93,3A MATERIAIS DE CONSTRUÇÃO LTDA,200.00,0,200.00,0,200.00
8,Secretaria de Obras,1,Secretaria de Obras,250070000000,Rec. Livres (Imp. e Transf. Const.),004.539.449-06,DENIS EDUARDO VOIGT,167.60,0,167.60,0,167.60
8,Secretaria de Obras,1,Secretaria de Obras,250070000000,Rec. Livres (Imp. e Transf. Const.),00.556.052/0001-49,PREMOCON ARTEFATOS DE CONCRETO LTDA,10449.00,0,10449.00,0,10449.00
8,Secretaria de Obras,1,Secretaria de Obras,250070000000,Rec. Livres (Imp. e Transf. Const.),00.752.862/0001-70,METALÚRGICA MASKE LTDA,229.02,0,229.02,0,229.02
8,Secretaria de Obras,1,Secretaria de Obras,250070000000,Rec. Livres (Imp. e Transf. Const.),02.323.274/0001-47,KRUEGER COMÉRCIO DE MATERIAIS ELÉTRICOS E HIDRÁULICOS LTDA,429.10,0,429.10,5.14,429.10
8,Secretaria de Obras,1,Secretaria de Obras,250070000000,Rec. Livres (Imp. e Transf. Const.),03.361.175/0002-01,COMÉRCIO ROCAMEL LTDA,17866.50,0,17866.50,0,17866.50
8,Secretaria de Obras,1,Secretaria de Obras,250070000000,Rec. Livres (Imp. e Transf. Const.),045.102.179-78,JEFFERSON ANDRE LUEDTKE,167.60,0,167.60,0,167.60
8,Secretaria de Obras,1,Secretaria de Obras,250070000000,Rec. Livres (Imp. e Transf. Const.),051.135.009-09,EDENILSON DOS SANTOS,167.60,0,167.60,0,167.60
8,Secretaria de Obras,1,Secretaria de Obras,250070000000,Rec. Livres (Imp. e Transf. Const.),08.144.793/0001-24,I L I G METALURGICA LTDA,1794.18,0,1794.18,0,1794.18
8,Secretaria de Obras,1,Secretaria de Obras,250070000000,Rec. Livres (Imp. e Transf. Const.),09.465.889/0001-57,EXTRABRIT MINERAÇÃO LTDA,488000.00,0,244000.00,24278.00,244000.00
8,Secretaria de Obras,1,Secretaria de Obras,250070000000,Rec. Livres (Imp. e Transf. Const.),10.381.875/0001-34,FRITZ DISTRIBUIDORA DE MATERIAIS ELÉTRICOS LTDA,179.00,0,0,0,0
8,Secretaria de Obras,1,Secretaria de Obras,250070000000,Rec. Livres (Imp. e Transf. Const.),11.833.114/0001-39,SAMIL TERRAPLANAGENS E TRANSPORTES LTDA,4014.30,0,0,0,0
8,Secretaria de Obras,1,Secretaria de Obras,250070000000,Rec. Livres (Imp. e Transf. Const.),14.574.671/0001-70,ROYER PRÉ-MOLDADOS LTDA - EPP,124854.24,0,62427.12,0,62427.12
8,Secretaria de Obras,1,Secretaria de Obras,250070000000,Rec. Livres (Imp. e Transf. Const.),21.285.299/0001-48,ENGENFOX TERRAPLANAGENS E SERVICOS LTDA,513720.97,0,168606.73,14584.49,153901.35
8,Secretaria de Obras,1,Secretaria de Obras,250070000000,Rec. Livres (Imp. e Transf. Const.),27.284.516/0001-61,MAXIFROTA SERVIÇOS DE MANUTENÇÃO DE FROTA LTDA,99353.04,0,49353.04,54.19,49353.04
8,Secretaria de Obras,1,Secretaria de Obras,250070000000,Rec. Livres (Imp. e Transf. Const.),36.225.268/0001-79,INSTALAR INSTALAÇÃO E MANUTENÇÃO LTDA,366.00,0,366.00,0,366.00
8,Secretaria de Obras,1,Secretaria de Obras,250070000000,Rec. Livres (Imp. e Transf. Const.),37.143.430/0001-72,TSI CENTRO AUTOMOTIVO LTDA,1057.58,0,445.58,0,445.58
8,Secretaria de Obras,1,Secretaria de Obras,250070000000,Rec. Livres (Imp. e Transf. Const.),40.676.412/0001-60,LEOMAR SIEWERDT 84580690915,2800.00,0,2800.00,0,2800.00
8,Secretaria de Obras,1,Secretaria de Obras,250070000000,Rec. Livres (Imp. e Transf. Const.),41.114.022/0001-60,HANDELMAQ COMÉRCIO E SERVIÇOS DE EQUIPAMENTOS LTDA,237.13,0,237.13,11.38,237.13
8,Secretaria de Obras,1,Secretaria de Obras,250070000000,Rec. Livres (Imp. e Transf. Const.),45.393.471/0001-45,LR ARTEFATOS DE CIMENTO LTDA EPP,10719.90,0,10719.90,0,10719.90
8,Secretaria de Obras,1,Secretaria de Obras,250070000000,Rec. Livres (Imp. e Transf. Const.),53.795.421/0001-12,M A F VILAS BOAS SERVICOS & CIA LTDA,9095.10,0,9095.10,1409.08,9095.10
8,Secretaria de Obras,1,Secretaria de Obras,250070000000,Rec. Livres (Imp. e Transf. Const.),85.104.289/0001-41,M.D.M. COMÉRCIO E SERVIÇOS LTDA,57114.77,5906.00,57114.77,960.30,57114.77
8,Secretaria de Obras,1,Secretaria de Obras,250070000000,Rec. Livres (Imp. e Transf. Const.),95.822.136/0001-93,3A MATERIAIS DE CONSTRUÇÃO LTDA,2448.24,0,1368.84,0,1368.84
8,Secretaria de Obras,1,Secretaria de Obras,250170000000,Rec. Livres,02.323.274/0001-47,KRUEGER COMÉRCIO DE MATERIAIS ELÉTRICOS E HIDRÁULICOS LTDA,78.75,0,78.75,0.94,78.75
8,Secretaria de Obras,1,Secretaria de Obras,250170000000,Rec. Livres,08.996.940/0001-94,PSI INDUSTRIA E COMERCIO DE ARTEFATOS LTDA,30500.00,0,30500.00,0,30500.00
8,Secretaria de Obras,1,Secretaria de Obras,250170000000,Rec. Livres,13.340.171/0001-01,SOPRINT COMUNICACAO VISUAL LTDA,51.00,0,51.00,0,51.00
8,Secretaria de Obras,1,Secretaria de Obras,250170000000,Rec. Livres,14.284.430/0001-97,"FUNDO DE MATERIAIS, PUBLICAÇÕES E IMPRESSOS OFICIAIS SC",538.10,0,538.10,0,538.10
8,Secretaria de Obras,1,Secretaria de Obras,250170000000,Rec. Livres,21.285.299/0001-48,ENGENFOX TERRAPLANAGENS E SERVICOS LTDA,88978.39,0,0,0,0
8,Secretaria de Obras,1,Secretaria de Obras,250170000000,Rec. Livres,41.114.022/0001-60,HANDELMAQ COMÉRCIO E SERVIÇOS DE EQUIPAMENTOS LTDA,58611.69,0,58611.69,703.34,58611.69
8,Secretaria de Obras,1,Secretaria de Obras,250170000000,Rec. Livres,50.437.729/0001-06,VERT ELETROS E METAIS LTDA,3258.00,0,3258.00,0,3258.00
8,Secretaria de Obras,1,Secretaria de Obras,250170000000,Rec. Livres,78.844.040/0001-07,ROBERT PEIKER,100.00,0,100.00,0,100.00
8,Secretaria de Obras,1,Secretaria de Obras,250170000000,Rec. Livres,95.822.136/0001-93,3A MATERIAIS DE CONSTRUÇÃO LTDA,452.17,0,452.17,0,452.17
8,Secretaria de Obras,1,Secretaria de Obras,250170000000,Rec. Livres,95.842.977/0001-62,AUTO PEÇAS CELMAK LTDA,166.50,0,166.50,0,166.50
8,Secretaria de Obras,1,Secretaria de Obras,250170000001, Rec. Livres (Concessão SAMAE),02.873.674/0001-26,CCM COMERCIO DE MAQUINAS E SERVIÇOS LTDA,135000.00,0,45000.00,2160.00,45000.00
8,Secretaria de Obras,1,Secretaria de Obras,250170000001, Rec. Livres (Concessão SAMAE),03.361.175/0002-01,COMÉRCIO ROCAMEL LTDA,1128.15,0,1128.15,0,1128.15
8,Secretaria de Obras,1,Secretaria de Obras,250170000001, Rec. Livres (Concessão SAMAE),08.996.940/0001-94,PSI INDUSTRIA E COMERCIO DE ARTEFATOS LTDA,2100.00,0,2100.00,0,2100.00
8,Secretaria de Obras,1,Secretaria de Obras,250170000001, Rec. Livres (Concessão SAMAE),11.833.114/0001-39,SAMIL TERRAPLANAGENS E TRANSPORTES LTDA,71873.64,0,35155.04,2917.87,35155.04
8,Secretaria de Obras,1,Secretaria de Obras,250170000001, Rec. Livres (Concessão SAMAE),14.574.671/0001-70,ROYER PRÉ-MOLDADOS LTDA - EPP,539496.59,0,62427.12,0,0
8,Secretaria de Obras,1,Secretaria de Obras,250170000001, Rec. Livres (Concessão SAMAE),21.285.299/0001-48,ENGENFOX TERRAPLANAGENS E SERVICOS LTDA,300000.00,0,150000.00,12974.99,150000.00
8,Secretaria de Obras,1,Secretaria de Obras,250170000001, Rec. Livres (Concessão SAMAE),27.232.335/0001-91,LÍDER OBRAS DE INFRAESTRUTURA LTDA,455983.89,0,171536.60,23047.17,171536.60
8,Secretaria de Obras,1,Secretaria de Obras,250170000001, Rec. Livres (Concessão SAMAE),50.437.729/0001-06,VERT ELETROS E METAIS LTDA,2932.20,0,2932.20,0,2932.20
8,Secretaria de Obras,1,Secretaria de Obras,250170000001, Rec. Livres (Concessão SAMAE),79.485.892/0001-18,PACOPEDRA PAVIMENTADORA E COMÉRCIO DE PEDRAS LTDA,1262286.65,0,631142.98,29827.15,631142.98
8,Secretaria de Obras,1,Secretaria de Obras,250170000001, Rec. Livres (Concessão SAMAE),81.833.410/0001-15,DRAGAO INDUSTRIA E COMERCIO LTDA ME,4195.00,0,4195.00,0,0
8,Secretaria de Obras,1,Secretaria de Obras,250170000001, Rec. Livres (Concessão SAMAE),82.660.861/0011-32,MAX MOHR TECNOLOGIA EM ARGAMASSA E CONCRETO LTDA,39521.72,0,18944.24,503.05,18944.24
8,Secretaria de Obras,1,Secretaria de Obras,250170000001, Rec. Livres (Concessão SAMAE),82.951.344/0001-40,SECRETARIA DE ESTADO DA INFRAESTRUTURA E MOBILIDADE,33187.34,0,33187.34,0,33187.34
8,Secretaria de Obras,1,Secretaria de Obras,250170000001, Rec. Livres (Concessão SAMAE),83.493.973/0001-37,OURO PRETO MINERACAO LTDA,186962.57,0,21962.57,263.56,12279.56
8,Secretaria de Obras,1,Secretaria de Obras,270170000018,Portaria Conjunta SGG/SEF Nº 022/2024: Pavimentação da Rua Atiradores - Trecho 07,82.951.344/0001-40,SECRETARIA DE ESTADO DA INFRAESTRUTURA E MOBILIDADE,608425.42,0,608425.42,0,608425.42
8,Secretaria de Obras,1,Secretaria de Obras,270470000100,FEP (Transferências da União Referentes a Compensações Financeiras pela Exploração de Recursos Naturais),07.448.130/0001-30,SELL MADEIRAS E GUINDASTES LTDA,44933.45,0,0,0,0
8,Secretaria de Obras,1,Secretaria de Obras,270470000100,FEP (Transferências da União Referentes a Compensações Financeiras pela Exploração de Recursos Naturais),14.574.671/0001-70,ROYER PRÉ-MOLDADOS LTDA - EPP,2601.13,0,0,0,0
8,Secretaria de Obras,1,Secretaria de Obras,270470000100,FEP (Transferências da União Referentes a Compensações Financeiras pela Exploração de Recursos Naturais),45.393.471/0001-45,LR ARTEFATOS DE CIMENTO LTDA EPP,17488.00,0,0,0,0
8,Secretaria de Obras,1,Secretaria de Obras,270870000000,Transferência da União Referente à Compensação Financeira de Recursos Minerais,07.448.130/0001-30,SELL MADEIRAS E GUINDASTES LTDA,44330.05,0.15,44330.05,0,44330.05
8,Secretaria de Obras,1,Secretaria de Obras,270870000000,Transferência da União Referente à Compensação Financeira de Recursos Minerais,14.574.671/0001-70,ROYER PRÉ-MOLDADOS LTDA - EPP,36415.82,0,0,0,0
8,Secretaria de Obras,1,Secretaria de Obras,270870000000,Transferência da União Referente à Compensação Financeira de Recursos Minerais,18.806.639/0001-24,SLM CONSTRUÇÕES E SERVIÇOS SUSTENTÁVEIS LTDA,155669.80,0,0,0,0
8,Secretaria de Obras,1,Secretaria de Obras,271032100039,Portaria Nº 139/2025 - SEF: Emenda nº 1087/2025 (Construção de praça - Ribeirão Souto),27.232.335/0001-91,LÍDER OBRAS DE INFRAESTRUTURA LTDA,312429.05,0,51429.05,1697.16,51429.05
8,Secretaria de Obras,1,Secretaria de Obras,271032100046,Portaria Nº 256/2025 - SEF: Emenda nº 3312/2025 (Capital: Construção da Capela Mortuária),21.347.557/0001-73,HSENG ENGENHARIA LTDA,399999.00,0,0,0,0
8,Secretaria de Obras,1,Secretaria de Obras,271032100047,Portaria Nº 256/2025 - SEF: Emenda nº 3414/2025 (Capital: Apoio Financeiro para investimento),08.996.940/0001-94,PSI INDUSTRIA E COMERCIO DE ARTEFATOS LTDA,0.00,30500.00,0,0,0
8,Secretaria de Obras,1,Secretaria de Obras,271032100047,Portaria Nº 256/2025 - SEF: Emenda nº 3414/2025 (Capital: Apoio Financeiro para investimento),21.285.299/0001-48,ENGENFOX TERRAPLANAGENS E SERVICOS LTDA,190848.75,0,0,0,0
8,Secretaria de Obras,1,Secretaria de Obras,271032100047,Portaria Nº 256/2025 - SEF: Emenda nº 3414/2025 (Capital: Apoio Financeiro para investimento),82.660.861/0011-32,MAX MOHR TECNOLOGIA EM ARGAMASSA E CONCRETO LTDA,157932.41,0,54190.09,1408.94,54190.09
8,Secretaria de Obras,1,Secretaria de Obras,271032100051,Portaria N° 402/2025 - SEF: Emenda n° 3867/2025 (Capital Aquisição de equipamentos OBRAS),06.224.121/0019-22,SHARK MÁQUINAS PARA CONSTRUÇÃO LTDA,325000.00,0,325000.00,4428.00,325000.00
8,Secretaria de Obras,1,Secretaria de Obras,271032100051,Portaria N° 402/2025 - SEF: Emenda n° 3867/2025 (Capital Aquisição de equipamentos OBRAS),83.675.413/0001-01,MACROMAQ EQUIPAMENTOS LTDA,0.00,318000.00,0,0,0
8,Secretaria de Obras,1,Secretaria de Obras,272070000000, Transferências da União Referentes às participações na exploração de Petróleo e Gás Natural destinadas ao FEP - Lei 9.478/1997,02.323.274/0001-47,KRUEGER COMÉRCIO DE MATERIAIS ELÉTRICOS E HIDRÁULICOS LTDA,74.80,0,74.80,0.90,74.80
8,Secretaria de Obras,1,Secretaria de Obras,272070000000, Transferências da União Referentes às participações na exploração de Petróleo e Gás Natural destinadas ao FEP - Lei 9.478/1997,08.144.793/0001-24,I L I G METALURGICA LTDA,13051.78,0,13051.78,0,13051.78
8,Secretaria de Obras,1,Secretaria de Obras,272070000000, Transferências da União Referentes às participações na exploração de Petróleo e Gás Natural destinadas ao FEP - Lei 9.478/1997,11.833.114/0001-39,SAMIL TERRAPLANAGENS E TRANSPORTES LTDA,170994.30,0,83380.00,6920.54,83380.00
8,Secretaria de Obras,1,Secretaria de Obras,272070000000, Transferências da União Referentes às participações na exploração de Petróleo e Gás Natural destinadas ao FEP - Lei 9.478/1997,21.285.299/0001-48,ENGENFOX TERRAPLANAGENS E SERVICOS LTDA,154681.04,0,77626.94,6714.74,77626.94
8,Secretaria de Obras,1,Secretaria de Obras,272070000000, Transferências da União Referentes às participações na exploração de Petróleo e Gás Natural destinadas ao FEP - Lei 9.478/1997,22.873.594/0001-88,BLU PLACAS VEICULARES LTDA,140.00,0,140.00,0,140.00
8,Secretaria de Obras,1,Secretaria de Obras,272070000000, Transferências da União Referentes às participações na exploração de Petróleo e Gás Natural destinadas ao FEP - Lei 9.478/1997,290.913.229-34,ELSIRA DAHLKE,3850.00,0,3850.00,0,3850.00
8,Secretaria de Obras,1,Secretaria de Obras,272070000000, Transferências da União Referentes às participações na exploração de Petróleo e Gás Natural destinadas ao FEP - Lei 9.478/1997,29.222.667/0001-10,SK MATERIAIS PARA ESCRITORIO LTDA,2398.80,0,2398.80,28.79,2398.80
8,Secretaria de Obras,1,Secretaria de Obras,272070000000, Transferências da União Referentes às participações na exploração de Petróleo e Gás Natural destinadas ao FEP - Lei 9.478/1997,37.143.430/0001-72,TSI CENTRO AUTOMOTIVO LTDA,4349.60,0,4319.28,0,4319.28
8,Secretaria de Obras,1,Secretaria de Obras,272070000000, Transferências da União Referentes às participações na exploração de Petróleo e Gás Natural destinadas ao FEP - Lei 9.478/1997,37.952.262/0001-66,SC COMÉRCIO DE PNEUS LTDA,36600.00,0,36600.00,439.20,36600.00
8,Secretaria de Obras,1,Secretaria de Obras,272070000000, Transferências da União Referentes às participações na exploração de Petróleo e Gás Natural destinadas ao FEP - Lei 9.478/1997,38.315.947/0001-64,CK RASTREAMENTO VEICULAR LTDA,2092.95,0,2092.95,0,2092.95
8,Secretaria de Obras,1,Secretaria de Obras,272070000000, Transferências da União Referentes às participações na exploração de Petróleo e Gás Natural destinadas ao FEP - Lei 9.478/1997,42.741.289/0001-40,EG SERVIÇOS DE URBANIZAÇÃO LTDA,87100.00,0,43550.00,1676.67,43550.00
8,Secretaria de Obras,1,Secretaria de Obras,272070000000, Transferências da União Referentes às participações na exploração de Petróleo e Gás Natural destinadas ao FEP - Lei 9.478/1997,53.121.054/0001-71,LOPES LIMPEZA LTDA,511.90,0,511.90,0,511.90
8,Secretaria de Obras,1,Secretaria de Obras,272070000000, Transferências da União Referentes às participações na exploração de Petróleo e Gás Natural destinadas ao FEP - Lei 9.478/1997,605.727.289-72,LORI RAHN JUNG,3850.00,0,3850.00,0,3850.00
8,Secretaria de Obras,1,Secretaria de Obras,272070000000, Transferências da União Referentes às participações na exploração de Petróleo e Gás Natural destinadas ao FEP - Lei 9.478/1997,81.004.988/0001-69,JOCA COMERCIO DE MATERIAIS DE CONSTRUCAO LTDA,379.80,0,0,0,0
8,Secretaria de Obras,1,Secretaria de Obras,272070000000, Transferências da União Referentes às participações na exploração de Petróleo e Gás Natural destinadas ao FEP - Lei 9.478/1997,82.951.310/0001-56,SECRETARIA DE ESTADO DA FAZENDA,298.74,0,298.74,0,298.74
8,Secretaria de Obras,1,Secretaria de Obras,272070000000, Transferências da União Referentes às participações na exploração de Petróleo e Gás Natural destinadas ao FEP - Lei 9.478/1997,85.104.289/0001-41,M.D.M. COMÉRCIO E SERVIÇOS LTDA,32399.09,0,29726.93,548.11,29726.93
8,Secretaria de Obras,1,Secretaria de Obras,275070000000,Recursos da Contribuição de Intervenção no Domínio Econômico - CIDE,27.232.335/0001-91,LÍDER OBRAS DE INFRAESTRUTURA LTDA,214816.22,0,107408.11,20729.75,107408.11
8,Secretaria de Obras,1,Secretaria de Obras,275170070000,COSIP (DRM: Art. 76-B do ADCT da CF/88),08.996.940/0001-94,PSI INDUSTRIA E COMERCIO DE ARTEFATOS LTDA,10271.36,0,10271.36,0,10271.36
8,Secretaria de Obras,1,Secretaria de Obras,275170070000,COSIP (DRM: Art. 76-B do ADCT da CF/88),11.833.114/0001-39,SAMIL TERRAPLANAGENS E TRANSPORTES LTDA,29832.79,0,29832.79,2476.12,29832.79
8,Secretaria de Obras,1,Secretaria de Obras,275170070000,COSIP (DRM: Art. 76-B do ADCT da CF/88),27.232.335/0001-91,LÍDER OBRAS DE INFRAESTRUTURA LTDA,109966.52,0,54966.52,10608.54,54966.52
8,Secretaria de Obras,1,Secretaria de Obras,275170070000,COSIP (DRM: Art. 76-B do ADCT da CF/88),36.811.724/0001-62,ALESSANDRO ENGEL,19590.28,0,9590.28,1054.93,9590.28
8,Secretaria de Obras,1,Secretaria de Obras,275170070000,COSIP (DRM: Art. 76-B do ADCT da CF/88),42.768.221/0001-54,42.468.221 AUGUSTINHO QUIODELLI,16000.00,0,8000.00,880.00,8000.00
8,Secretaria de Obras,1,Secretaria de Obras,275170070000,COSIP (DRM: Art. 76-B do ADCT da CF/88),75.415.075/0002-13,RUDIPEL - RUDNICK PETRÓLEO LTDA,86446.86,0,34518.90,82.85,34518.90
8,Secretaria de Obras,1,Secretaria de Obras,275970000007,FMMA - CRA/ Lei 368/2019 - Certidão de Regularização Ambiental,27.232.335/0001-91,LÍDER OBRAS DE INFRAESTRUTURA LTDA,333552.71,0,0,0,0
8,Secretaria de Obras,2,Iluminação Pública,150070000000,Rec. Livres (Imp. e Transf. Const.),31.560.525/0001-05,MB COMERCIO DE SUCATAS LTDA,400.00,0,400.00,0,400.00
8,Secretaria de Obras,2,Iluminação Pública,150070000000,Rec. Livres (Imp. e Transf. Const.),95.822.136/0001-93,3A MATERIAIS DE CONSTRUÇÃO LTDA,1261.80,0,0,0,0
8,Secretaria de Obras,2,Iluminação Pública,175170000000,COSIP (Rec. da Contrib. p/ o Custeio do Serviço de Iluminação Pública),00.000.000/2472-43,BANCO DO BRASIL SA,187.88,0,87.88,0,87.88
8,Secretaria de Obras,2,Iluminação Pública,175170000000,COSIP (Rec. da Contrib. p/ o Custeio do Serviço de Iluminação Pública),00.876.873/0001-62,CONCREPLAN ARTEFATOS DE CONCRETO LTDA,5997.24,0,5997.24,0,5997.24
8,Secretaria de Obras,2,Iluminação Pública,175170000000,COSIP (Rec. da Contrib. p/ o Custeio do Serviço de Iluminação Pública),02.323.274/0001-47,KRUEGER COMÉRCIO DE MATERIAIS ELÉTRICOS E HIDRÁULICOS LTDA,1456.00,0,1456.00,17.47,1456.00
8,Secretaria de Obras,2,Iluminação Pública,175170000000,COSIP (Rec. da Contrib. p/ o Custeio do Serviço de Iluminação Pública),08.336.783/0001-90,CELESC DISTRIBUICAO S.A,4214643.83,203330.54,1514643.83,21622.03,1307404.31
8,Secretaria de Obras,2,Iluminação Pública,175170000000,COSIP (Rec. da Contrib. p/ o Custeio do Serviço de Iluminação Pública),12.496.490/0001-48,QUARK ENGENHARIA LTDA,122260.26,0,61130.13,8160.00,61130.13
8,Secretaria de Obras,2,Iluminação Pública,175170000000,COSIP (Rec. da Contrib. p/ o Custeio do Serviço de Iluminação Pública),13.348.127/0001-48,ESB INDÚSTRIA E COMÉRCIO DE ELETRO ELETRÔNICOS LTDA,21900.00,0,21900.00,262.80,21900.00
8,Secretaria de Obras,2,Iluminação Pública,175170000000,COSIP (Rec. da Contrib. p/ o Custeio do Serviço de Iluminação Pública),42.868.500/0001-90,MI LASER LTDA,3888.70,0,3888.70,46.66,3888.70
8,Secretaria de Obras,2,Iluminação Pública,175170000000,COSIP (Rec. da Contrib. p/ o Custeio do Serviço de Iluminação Pública),44.233.812/0001-52,ZAGONEL ILUMINAÇÃO S.A.,63140.00,0,63140.00,757.68,63140.00
8,Secretaria de Obras,2,Iluminação Pública,175170000000,COSIP (Rec. da Contrib. p/ o Custeio do Serviço de Iluminação Pública),46.423.434/0001-03,ATRIUM INDÚSTRIA E COMÉRCIO DE FERRAGENS LTDA,4598.00,0,4598.00,55.18,4598.00
8,Secretaria de Obras,2,Iluminação Pública,175170000000,COSIP (Rec. da Contrib. p/ o Custeio do Serviço de Iluminação Pública),56.004.897/0001-86,TRIUNFO ILUMINAÇÃO LTDA,799.50,0,799.50,9.59,799.50
8,Secretaria de Obras,2,Iluminação Pública,175170000000,COSIP (Rec. da Contrib. p/ o Custeio do Serviço de Iluminação Pública),60.699.174/0001-16,60.699.174 ALANA GABRIELLI SANTOS ARAUJO,216.50,0,216.50,0,216.50
8,Secretaria de Obras,2,Iluminação Pública,175170000000,COSIP (Rec. da Contrib. p/ o Custeio do Serviço de Iluminação Pública),95.822.136/0001-93,3A MATERIAIS DE CONSTRUÇÃO LTDA,4698.74,0,4698.74,0,4698.74
8,Secretaria de Obras,2,Iluminação Pública,275170000000,COSIP (Rec. da Contrib. p/ o Custeio do Serviço de Iluminação Pública),44.233.812/0001-52,ZAGONEL ILUMINAÇÃO S.A.,63140.00,0,63140.00,757.68,63140.00
8,Secretaria de Obras,2,Iluminação Pública,275170000000,COSIP (Rec. da Contrib. p/ o Custeio do Serviço de Iluminação Pública),66.973.004/0001-64,ESB LIGHT ILUMINAÇÃO PUBLICA LTDA,126600.00,0,0,0,0
8,Secretaria de Obras,2,Iluminação Pública,275170000000,COSIP (Rec. da Contrib. p/ o Custeio do Serviço de Iluminação Pública),83.073.536/0001-64,VERSA ENGENHARIA AMBIENTAL LTDA,1030965.62,0,52089.29,7116.34,52089.29
9,Secretaria de Desenvolvimento Rural,1,Secretaria de Desenvolvimento Rural,150070000000,Rec. Livres (Imp. e Transf. Const.),003.688.349-21,EVANDRO DA COSTA SOARES,167.60,0,167.60,0,167.60
9,Secretaria de Desenvolvimento Rural,1,Secretaria de Desenvolvimento Rural,150070000000,Rec. Livres (Imp. e Transf. Const.),00.593.476/0001-83,"SEMEX DO BRASIL COMÉRCIO, IMPORTAÇÃO E EXPORTAÇÃO LTDA",2150.00,0,2150.00,25.80,2150.00
9,Secretaria de Desenvolvimento Rural,1,Secretaria de Desenvolvimento Rural,150070000000,Rec. Livres (Imp. e Transf. Const.),00.752.862/0001-70,METALÚRGICA MASKE LTDA,11848.54,0,11848.54,0,11848.54
9,Secretaria de Desenvolvimento Rural,1,Secretaria de Desenvolvimento Rural,150070000000,Rec. Livres (Imp. e Transf. Const.),01.060.303/0002-43,AGROPECUARIA POMMERLINK LTDA,336.00,0,60.00,0.72,60.00
9,Secretaria de Desenvolvimento Rural,1,Secretaria de Desenvolvimento Rural,150070000000,Rec. Livres (Imp. e Transf. Const.),01.935.819/0001-03,DEPARTAMENTO ESTADUAL DE TRÂNSITO - DETRAN/RS,702.81,0,702.81,0,702.81
9,Secretaria de Desenvolvimento Rural,1,Secretaria de Desenvolvimento Rural,150070000000,Rec. Livres (Imp. e Transf. Const.),02.255.187/0001-08,UNIFIQUE TELECOMUNICAÇÕES S/A,5793.60,0,2896.80,139.02,2896.80
9,Secretaria de Desenvolvimento Rural,1,Secretaria de Desenvolvimento Rural,150070000000,Rec. Livres (Imp. e Transf. Const.),02.323.274/0001-47,KRUEGER COMÉRCIO DE MATERIAIS ELÉTRICOS E HIDRÁULICOS LTDA,405.75,0,405.75,4.86,405.75
9,Secretaria de Desenvolvimento Rural,1,Secretaria de Desenvolvimento Rural,150070000000,Rec. Livres (Imp. e Transf. Const.),02.678.428/0001-13,BRANSALES DO BRASIL LTDA,4106.70,0,4106.70,49.28,4106.70
9,Secretaria de Desenvolvimento Rural,1,Secretaria de Desenvolvimento Rural,150070000000,Rec. Livres (Imp. e Transf. Const.),030.591.809-54,RODRIGO ANDRE DAROLT,202.30,77.04,202.30,0,202.30
9,Secretaria de Desenvolvimento Rural,1,Secretaria de Desenvolvimento Rural,150070000000,Rec. Livres (Imp. e Transf. Const.),03.111.139/0001-09,CONSORCIO INTERMUNICIPAL DO MEDIO VALE DO ITAJAI,158223.19,0,61223.19,0,61223.19
9,Secretaria de Desenvolvimento Rural,1,Secretaria de Desenvolvimento Rural,150070000000,Rec. Livres (Imp. e Transf. Const.),035.807.049-07,SIRIO JANDRE,251.40,0,251.40,0,251.40
9,Secretaria de Desenvolvimento Rural,1,Secretaria de Desenvolvimento Rural,150070000000,Rec. Livres (Imp. e Transf. Const.),03.725.261/0001-67,COMÉRCIO DE PNEUS OENNING LTDA,4505.88,0,0,0,0
9,Secretaria de Desenvolvimento Rural,1,Secretaria de Desenvolvimento Rural,150070000000,Rec. Livres (Imp. e Transf. Const.),03.868.731/0001-41,DISK GRAMA COMERCIAL LTDA,13010.00,0,13010.00,0,13010.00
9,Secretaria de Desenvolvimento Rural,1,Secretaria de Desenvolvimento Rural,150070000000,Rec. Livres (Imp. e Transf. Const.),04.196.645/0001-00,IMPRENSA NACIONAL,1501.61,0,1501.61,0,1501.61
9,Secretaria de Desenvolvimento Rural,1,Secretaria de Desenvolvimento Rural,150070000000,Rec. Livres (Imp. e Transf. Const.),04.533.821/0001-44,FUNDO DE APOSENTADORIA E PENSOES,111418.87,0,111418.87,0,92705.94
9,Secretaria de Desenvolvimento Rural,1,Secretaria de Desenvolvimento Rural,150070000000,Rec. Livres (Imp. e Transf. Const.),04.724.655/0001-63,COPY LINE COMÉRCIO E SERVIÇOS LTDA,2736.00,0,864.00,6.91,864.00
9,Secretaria de Desenvolvimento Rural,1,Secretaria de Desenvolvimento Rural,150070000000,Rec. Livres (Imp. e Transf. Const.),050.376.379-96,GABRIEL DUVOISIN,251.40,0,251.40,0,251.40
9,Secretaria de Desenvolvimento Rural,1,Secretaria de Desenvolvimento Rural,150070000000,Rec. Livres (Imp. e Transf. Const.),05.263.279/0001-10,TERRAPLANAGEM KNOPF LTDA,11120.63,0,6178.13,96.50,6178.13
9,Secretaria de Desenvolvimento Rural,1,Secretaria de Desenvolvimento Rural,150070000000,Rec. Livres (Imp. e Transf. Const.),062.180.569-61,JULIO FERNANDO UTECH,304.50,340.49,304.50,0,304.50
9,Secretaria de Desenvolvimento Rural,1,Secretaria de Desenvolvimento Rural,150070000000,Rec. Livres (Imp. e Transf. Const.),07.448.130/0001-30,SELL MADEIRAS E GUINDASTES LTDA,2416.50,0,2416.50,0,2416.50
9,Secretaria de Desenvolvimento Rural,1,Secretaria de Desenvolvimento Rural,150070000000,Rec. Livres (Imp. e Transf. Const.),07.918.422/0001-90,"911 EMERGENCIA, COMERCIO, REPRESENTACOES E MANUTENCAO DE EQUIPAMENTOS DE SEGURANCA LTDA",6282.00,0,6282.00,0,6282.00
9,Secretaria de Desenvolvimento Rural,1,Secretaria de Desenvolvimento Rural,150070000000,Rec. Livres (Imp. e Transf. Const.),08.144.793/0001-24,I L I G METALURGICA LTDA,3869.80,0,3869.80,0,3869.80
9,Secretaria de Desenvolvimento Rural,1,Secretaria de Desenvolvimento Rural,150070000000,Rec. Livres (Imp. e Transf. Const.),081.840.579-11,SIDNEY MICHEL,167.60,0,167.60,0,167.60
9,Secretaria de Desenvolvimento Rural,1,Secretaria de Desenvolvimento Rural,150070000000,Rec. Livres (Imp. e Transf. Const.),088.707.599-11,ISABELA TRIERVEILER KRUEGER,6348.31,0,6348.31,0,6348.31
9,Secretaria de Desenvolvimento Rural,1,Secretaria de Desenvolvimento Rural,150070000000,Rec. Livres (Imp. e Transf. Const.),095.095.594-90,JONATHAN CABRAL DE OLIVEIRA,333.40,1.80,333.40,0,333.40
9,Secretaria de Desenvolvimento Rural,1,Secretaria de Desenvolvimento Rural,150070000000,Rec. Livres (Imp. e Transf. Const.),10.158.356/0001-01,CPX DISTRIBUIDORA S/A,4640.00,0,4640.00,55.68,4640.00
9,Secretaria de Desenvolvimento Rural,1,Secretaria de Desenvolvimento Rural,150070000000,Rec. Livres (Imp. e Transf. Const.),104.331.309-54,ELOISA MAAS CARVALHO,5871.41,0,5871.41,0,5871.41
9,Secretaria de Desenvolvimento Rural,1,Secretaria de Desenvolvimento Rural,150070000000,Rec. Livres (Imp. e Transf. Const.),10.749.284/0001-77,EZCUZÊ AGÊNCIA DE PUBLICIDADE E PROPAGANDA LTDA,578.16,0,578.16,27.78,578.16
9,Secretaria de Desenvolvimento Rural,1,Secretaria de Desenvolvimento Rural,150070000000,Rec. Livres (Imp. e Transf. Const.),10.928.104/0001-14,POMERODE DECALQUE PRESTADORA DE SERVICOS LTDA,285.00,0,0,0,0
9,Secretaria de Desenvolvimento Rural,1,Secretaria de Desenvolvimento Rural,150070000000,Rec. Livres (Imp. e Transf. Const.),11.833.114/0001-39,SAMIL TERRAPLANAGENS E TRANSPORTES LTDA,7641.48,0,0,0,0
9,Secretaria de Desenvolvimento Rural,1,Secretaria de Desenvolvimento Rural,150070000000,Rec. Livres (Imp. e Transf. Const.),14.255.257/0001-07,RAFAEL KUHN - ME,820.00,0,820.00,9.84,820.00
9,Secretaria de Desenvolvimento Rural,1,Secretaria de Desenvolvimento Rural,150070000000,Rec. Livres (Imp. e Transf. Const.),14.284.430/0001-97,"FUNDO DE MATERIAIS, PUBLICAÇÕES E IMPRESSOS OFICIAIS SC",490.07,0,490.07,0,490.07
9,Secretaria de Desenvolvimento Rural,1,Secretaria de Desenvolvimento Rural,150070000000,Rec. Livres (Imp. e Transf. Const.),16.103.672/0001-62,JC KOMAC INDÚSTRIA E COMÉRCIO DE PEÇAS E EQUIPAMENTOS LTDA,1830.00,0,1830.00,0,1830.00
9,Secretaria de Desenvolvimento Rural,1,Secretaria de Desenvolvimento Rural,150070000000,Rec. Livres (Imp. e Transf. Const.),18.057.523/0001-30,ITUARA LTDA,4400.00,0,4400.00,52.80,4400.00
9,Secretaria de Desenvolvimento Rural,1,Secretaria de Desenvolvimento Rural,150070000000,Rec. Livres (Imp. e Transf. Const.),18.404.728/0001-44,CEM POR CENTO CADEIRAS  LTDA - ME,810.00,0,810.00,0,810.00
9,Secretaria de Desenvolvimento Rural,1,Secretaria de Desenvolvimento Rural,150070000000,Rec. Livres (Imp. e Transf. Const.),18.780.623/0001-90,NOAR TURISMO LTDA,1000.00,1462.26,1000.00,0,1000.00
9,Secretaria de Desenvolvimento Rural,1,Secretaria de Desenvolvimento Rural,150070000000,Rec. Livres (Imp. e Transf. Const.),21.285.299/0001-48,ENGENFOX TERRAPLANAGENS E SERVICOS LTDA,25108.20,0,0,0,0
9,Secretaria de Desenvolvimento Rural,1,Secretaria de Desenvolvimento Rural,150070000000,Rec. Livres (Imp. e Transf. Const.),24.448.705/0001-34,HB SONORIZAÇÃO E EVENTOS LTDA,3600.00,0,3600.00,298.80,3600.00
9,Secretaria de Desenvolvimento Rural,1,Secretaria de Desenvolvimento Rural,150070000000,Rec. Livres (Imp. e Transf. Const.),26.723.181/0001-78,DO SUL PNEUS JOINVILLE EIRELI,5200.00,0,5200.00,62.40,5200.00
9,Secretaria de Desenvolvimento Rural,1,Secretaria de Desenvolvimento Rural,150070000000,Rec. Livres (Imp. e Transf. Const.),26.950.671/0001-07,LICERI COMERCIO DE PRODUTOS EM GERAL LTDA,2459.85,0,2459.85,0,2459.85
9,Secretaria de Desenvolvimento Rural,1,Secretaria de Desenvolvimento Rural,150070000000,Rec. Livres (Imp. e Transf. Const.),27.284.516/0001-61,MAXIFROTA SERVIÇOS DE MANUTENÇÃO DE FROTA LTDA,216418.75,334.96,69418.75,0,69418.75
9,Secretaria de Desenvolvimento Rural,1,Secretaria de Desenvolvimento Rural,150070000000,Rec. Livres (Imp. e Transf. Const.),28.900.401/0001-17,LINKMAQ COMERCIO E ASSISTENCIA DE MAQUINAS E EQUIPAMENTOS LTDA,2371.00,342.50,2371.00,0,1665.00
9,Secretaria de Desenvolvimento Rural,1,Secretaria de Desenvolvimento Rural,150070000000,Rec. Livres (Imp. e Transf. Const.),29.222.667/0001-10,SK MATERIAIS PARA ESCRITORIO LTDA,699.00,0,0,0,0
9,Secretaria de Desenvolvimento Rural,1,Secretaria de Desenvolvimento Rural,150070000000,Rec. Livres (Imp. e Transf. Const.),29.979.036/0001-40,INSS- INSTITUTO NACIONAL DO SEGURO SOCIAL,30802.37,0,30802.37,4585.34,30251.34
9,Secretaria de Desenvolvimento Rural,1,Secretaria de Desenvolvimento Rural,150070000000,Rec. Livres (Imp. e Transf. Const.),31.038.666/0001-62,JULIANO SILVIO TAFNER,205.00,0,205.00,0,205.00
9,Secretaria de Desenvolvimento Rural,1,Secretaria de Desenvolvimento Rural,150070000000,Rec. Livres (Imp. e Transf. Const.),33.742.700/0001-00,ELERA MEDICAL COMERCIO DE PRODUTOS E EQUIPAMENTOS LTDA,8900.00,0,0,0,0
9,Secretaria de Desenvolvimento Rural,1,Secretaria de Desenvolvimento Rural,150070000000,Rec. Livres (Imp. e Transf. Const.),34.124.663/0001-30,ALBANI MATTÉ INDÚSTRIA DE MÁQUINAS AGRÍCOLAS LTDA,750.00,0,750.00,9.00,750.00
9,Secretaria de Desenvolvimento Rural,1,Secretaria de Desenvolvimento Rural,150070000000,Rec. Livres (Imp. e Transf. Const.),35.605.748/0001-00,TRANSPORTE E TURISMO CONTINI LTDA,3094.29,0,2639.88,0,2639.88
9,Secretaria de Desenvolvimento Rural,1,Secretaria de Desenvolvimento Rural,150070000000,Rec. Livres (Imp. e Transf. Const.),36.091.140/0001-60,BLUSAFE AQUIPAMENTOS DE PROTEÇÃO INDIVIDUAL LTDA,978.90,0,978.90,0,978.90
9,Secretaria de Desenvolvimento Rural,1,Secretaria de Desenvolvimento Rural,150070000000,Rec. Livres (Imp. e Transf. Const.),36.996.852/0001-28,INDANITRO COMERCIO DE NITROGENIO E MATERIAIS PARA INSEMINACAO LTDA,1020.00,0,0,0,0
9,Secretaria de Desenvolvimento Rural,1,Secretaria de Desenvolvimento Rural,150070000000,Rec. Livres (Imp. e Transf. Const.),37.115.367/0001-60,MINISTERIO DO TRABALHO - MTE,3324.12,0,3324.12,0,2727.13
9,Secretaria de Desenvolvimento Rural,1,Secretaria de Desenvolvimento Rural,150070000000,Rec. Livres (Imp. e Transf. Const.),37.143.430/0001-72,TSI CENTRO AUTOMOTIVO LTDA,1822.18,0,1822.18,0,1822.18
9,Secretaria de Desenvolvimento Rural,1,Secretaria de Desenvolvimento Rural,150070000000,Rec. Livres (Imp. e Transf. Const.),38.315.947/0001-64,CK RASTREAMENTO VEICULAR LTDA,48424.75,0,13540.60,0,13540.60
9,Secretaria de Desenvolvimento Rural,1,Secretaria de Desenvolvimento Rural,150070000000,Rec. Livres (Imp. e Transf. Const.),40.000.297/0001-00,UTILDECOR MOVEIS E COMERCIO EIRELI,85994.00,0,54214.00,0,54214.00
9,Secretaria de Desenvolvimento Rural,1,Secretaria de Desenvolvimento Rural,150070000000,Rec. Livres (Imp. e Transf. Const.),40.738.368/0001-76,GAMBA CONEXÕES COMÉRCIO ATACADISTA DE ALIMENTOS LTDA,110.00,0,110.00,1.32,110.00
9,Secretaria de Desenvolvimento Rural,1,Secretaria de Desenvolvimento Rural,150070000000,Rec. Livres (Imp. e Transf. Const.),41.955.367/0001-46,ALIMENTOS SORETTO LTDA,519.80,0,519.80,0,519.80
9,Secretaria de Desenvolvimento Rural,1,Secretaria de Desenvolvimento Rural,150070000000,Rec. Livres (Imp. e Transf. Const.),42.785.776/0001-04,ALLY COMERCIO DE PRODUTOS E EQUIPAMENTOS LTDA,357.50,0,0,0,0
9,Secretaria de Desenvolvimento Rural,1,Secretaria de Desenvolvimento Rural,150070000000,Rec. Livres (Imp. e Transf. Const.),42.880.677/0001-01,42.880.677 ADMA DA CONCEICAO MORAIS,0.00,13098.41,0,0,0
9,Secretaria de Desenvolvimento Rural,1,Secretaria de Desenvolvimento Rural,150070000000,Rec. Livres (Imp. e Transf. Const.),47.728.864/0001-98,BROGNI ASSESSORIA E CONSULTORIA VETERINARIA LTDA,4200.00,0,4200.00,0,4200.00
9,Secretaria de Desenvolvimento Rural,1,Secretaria de Desenvolvimento Rural,150070000000,Rec. Livres (Imp. e Transf. Const.),54.960.622/0001-90,MOBILIA URBANA COMÉRCIO E SERVIÇOS LTDA,0.00,860.00,0,0,0
9,Secretaria de Desenvolvimento Rural,1,Secretaria de Desenvolvimento Rural,150070000000,Rec. Livres (Imp. e Transf. Const.),55.623.647/0001-61,GAMA PNEUS LTDA,3899.94,0,3899.94,46.80,3899.94
9,Secretaria de Desenvolvimento Rural,1,Secretaria de Desenvolvimento Rural,150070000000,Rec. Livres (Imp. e Transf. Const.),55.934.231/0001-64,55.934.231 GUSTAVO ERICK ALVES QUIODELLI,13000.00,0,13000.00,0,13000.00
9,Secretaria de Desenvolvimento Rural,1,Secretaria de Desenvolvimento Rural,150070000000,Rec. Livres (Imp. e Transf. Const.),57.765.012/0001-24,MH COMERCIO LTDA,3276.00,0,3276.00,0,3276.00
9,Secretaria de Desenvolvimento Rural,1,Secretaria de Desenvolvimento Rural,150070000000,Rec. Livres (Imp. e Transf. Const.),58.827.830/0001-77,AV COMERCIO DE JOIAS LTDA,400.00,0,400.00,0,400.00
9,Secretaria de Desenvolvimento Rural,1,Secretaria de Desenvolvimento Rural,150070000000,Rec. Livres (Imp. e Transf. Const.),59.913.273/0001-70,CAMPONÊS AGRO E CONSTRUÇÃO LTDA,222.65,0,222.65,0,222.65
9,Secretaria de Desenvolvimento Rural,1,Secretaria de Desenvolvimento Rural,150070000000,Rec. Livres (Imp. e Transf. Const.),687.133.129-87,ADRIANA TRIBESS RAHN,126.70,145.90,126.70,0,126.70
9,Secretaria de Desenvolvimento Rural,1,Secretaria de Desenvolvimento Rural,150070000000,Rec. Livres (Imp. e Transf. Const.),75.415.075/0002-13,RUDIPEL - RUDNICK PETRÓLEO LTDA,298813.60,175601.80,69161.40,165.99,68793.88
9,Secretaria de Desenvolvimento Rural,1,Secretaria de Desenvolvimento Rural,150070000000,Rec. Livres (Imp. e Transf. Const.),78.515.624/0009-96,CONSTRUCOLOR COMERCIO DE TINTAS LTDA,1155.71,0.03,1155.71,13.86,1155.71
9,Secretaria de Desenvolvimento Rural,1,Secretaria de Desenvolvimento Rural,150070000000,Rec. Livres (Imp. e Transf. Const.),79.227.963/0014-05,NC COMUNICAÇÕES S/A,385.46,0,385.46,18.50,385.46
9,Secretaria de Desenvolvimento Rural,1,Secretaria de Desenvolvimento Rural,150070000000,Rec. Livres (Imp. e Transf. Const.),79.763.884/0009-43,BARIGUI VEICULOS LTDA,754.94,0,754.94,26.12,754.94
9,Secretaria de Desenvolvimento Rural,1,Secretaria de Desenvolvimento Rural,150070000000,Rec. Livres (Imp. e Transf. Const.),81.004.988/0001-69,JOCA COMERCIO DE MATERIAIS DE CONSTRUCAO LTDA,794.78,109.65,623.78,7.48,623.78
9,Secretaria de Desenvolvimento Rural,1,Secretaria de Desenvolvimento Rural,150070000000,Rec. Livres (Imp. e Transf. Const.),82.951.310/0001-56,SECRETARIA DE ESTADO DA FAZENDA,448.11,0,448.11,0,448.11
9,Secretaria de Desenvolvimento Rural,1,Secretaria de Desenvolvimento Rural,150070000000,Rec. Livres (Imp. e Transf. Const.),83.052.191/0002-43,EMPRESA DE PESQUISA AGROPECUÁRIA E EXTENSÃO RURAL DE SANTA CATARINA - EPAGRI,97536.00,0.02,25244.84,2095.29,25244.84
9,Secretaria de Desenvolvimento Rural,1,Secretaria de Desenvolvimento Rural,150070000000,Rec. Livres (Imp. e Transf. Const.),83.102.251/0001-04,MUNICÍPIO DE POMERODE,1237717.18,466.63,1237717.18,310952.50,1237717.18
9,Secretaria de Desenvolvimento Rural,1,Secretaria de Desenvolvimento Rural,150070000000,Rec. Livres (Imp. e Transf. Const.),83.109.504/0004-14,COREMMA LTDA,904.00,0,904.00,10.85,10.85
9,Secretaria de Desenvolvimento Rural,1,Secretaria de Desenvolvimento Rural,150070000000,Rec. Livres (Imp. e Transf. Const.),83.204.552/0001-49,FÉRTIL COMÉRCIO E REPRESENTAÇÕES LTDA,404.60,0,404.60,0,404.60
9,Secretaria de Desenvolvimento Rural,1,Secretaria de Desenvolvimento Rural,150070000000,Rec. Livres (Imp. e Transf. Const.),83.633.438/0002-15,COMÉRCIO DE PARAFUSOS E FERRAGENS BERTOLDI LTDA,2434.15,0,2434.15,29.21,2434.15
9,Secretaria de Desenvolvimento Rural,1,Secretaria de Desenvolvimento Rural,150070000000,Rec. Livres (Imp. e Transf. Const.),85.104.289/0001-41,M.D.M. COMÉRCIO E SERVIÇOS LTDA,138440.44,0,138440.44,2717.57,138440.44
9,Secretaria de Desenvolvimento Rural,1,Secretaria de Desenvolvimento Rural,150070000000,Rec. Livres (Imp. e Transf. Const.),86.910.148/0001-89,DIBRAPE - DISTRIBUIDORA BRASILEIRA DE PETRÓLEO LTDA,42659.50,0,14160.80,33.96,14160.80
9,Secretaria de Desenvolvimento Rural,1,Secretaria de Desenvolvimento Rural,150070000000,Rec. Livres (Imp. e Transf. Const.),90.180.605/0001-02,GENTE SEGURADORA S.A.,637.72,0,637.72,15.29,637.72
9,Secretaria de Desenvolvimento Rural,1,Secretaria de Desenvolvimento Rural,150070000000,Rec. Livres (Imp. e Transf. Const.),907.475.509-72,CHARLES LUETKE,167.60,0,167.60,0,167.60
9,Secretaria de Desenvolvimento Rural,1,Secretaria de Desenvolvimento Rural,150070000000,Rec. Livres (Imp. e Transf. Const.),947.393.239-15,VALERIO PEREIRA,167.60,0,167.60,0,167.60
9,Secretaria de Desenvolvimento Rural,1,Secretaria de Desenvolvimento Rural,150070000000,Rec. Livres (Imp. e Transf. Const.),95.822.136/0001-93,3A MATERIAIS DE CONSTRUÇÃO LTDA,4049.15,0,4049.15,0,4049.15
9,Secretaria de Desenvolvimento Rural,1,Secretaria de Desenvolvimento Rural,150070000000,Rec. Livres (Imp. e Transf. Const.),95.855.078/0001-02,PANIFICADORA E CONFEITARIA DONA ELLA LTDA,749.88,0,749.88,0,749.88
9,Secretaria de Desenvolvimento Rural,1,Secretaria de Desenvolvimento Rural,150170000000,Rec. Livres,00.752.862/0001-70,METALÚRGICA MASKE LTDA,1778.56,0,1778.56,0,0
9,Secretaria de Desenvolvimento Rural,1,Secretaria de Desenvolvimento Rural,150170000000,Rec. Livres,00.792.866/0001-82,HIBISCUS ORNAMENTAÇÕES LTDA,3460.15,0,3460.15,0,0
9,Secretaria de Desenvolvimento Rural,1,Secretaria de Desenvolvimento Rural,150170000000,Rec. Livres,05.263.279/0001-10,TERRAPLANAGEM KNOPF LTDA,1235.63,0,0,0,0
9,Secretaria de Desenvolvimento Rural,1,Secretaria de Desenvolvimento Rural,150170000000,Rec. Livres,062.180.569-61,JULIO FERNANDO UTECH,150.15,50.05,71.00,0,71.00
9,Secretaria de Desenvolvimento Rural,1,Secretaria de Desenvolvimento Rural,150170000000,Rec. Livres,07.168.382/0001-06,VIVEIRO DE MUDAS MEURER LTDA,9944.70,0,0,0,0
9,Secretaria de Desenvolvimento Rural,1,Secretaria de Desenvolvimento Rural,150170000000,Rec. Livres,07.448.130/0001-30,SELL MADEIRAS E GUINDASTES LTDA,14248.40,0,0,0,0
9,Secretaria de Desenvolvimento Rural,1,Secretaria de Desenvolvimento Rural,150170000000,Rec. Livres,08.144.793/0001-24,I L I G METALURGICA LTDA,3894.34,0,0,0,0
9,Secretaria de Desenvolvimento Rural,1,Secretaria de Desenvolvimento Rural,150170000000,Rec. Livres,18.057.523/0001-30,ITUARA LTDA,2547.00,0,0,0,0
9,Secretaria de Desenvolvimento Rural,1,Secretaria de Desenvolvimento Rural,150170000000,Rec. Livres,18.486.182/0001-18,NORTE INDÚSTRIA GRÁFICA LTDA,600.00,0,0,0,0
9,Secretaria de Desenvolvimento Rural,1,Secretaria de Desenvolvimento Rural,150170000000,Rec. Livres,18.780.623/0001-90,NOAR TURISMO LTDA,1584.68,0,1584.68,0,0
9,Secretaria de Desenvolvimento Rural,1,Secretaria de Desenvolvimento Rural,150170000000,Rec. Livres,224.475.998-97,ELIZANDRA MAURICIO VIEIRA,55.87,0,55.87,0,0
9,Secretaria de Desenvolvimento Rural,1,Secretaria de Desenvolvimento Rural,150170000000,Rec. Livres,22.669.103/0001-81,SANITARY SERVICOS DE CONSERVACAO E LIMPEZA LTDA EM RECUPERACAO JUDICIAL,569980.66,0,137965.54,26627.35,137965.54
9,Secretaria de Desenvolvimento Rural,1,Secretaria de Desenvolvimento Rural,150170000000,Rec. Livres,24.448.705/0001-34,HB SONORIZAÇÃO E EVENTOS LTDA,3600.00,0,3600.00,298.80,298.80
9,Secretaria de Desenvolvimento Rural,1,Secretaria de Desenvolvimento Rural,150170000000,Rec. Livres,28.900.401/0001-17,LINKMAQ COMERCIO E ASSISTENCIA DE MAQUINAS E EQUIPAMENTOS LTDA,279.70,0.30,279.70,0,0
9,Secretaria de Desenvolvimento Rural,1,Secretaria de Desenvolvimento Rural,150170000000,Rec. Livres,33.154.286/0001-19,SEBMED PRODUTOS PARA A SAÚDE EIRELI,600.00,0,0,0,0
9,Secretaria de Desenvolvimento Rural,1,Secretaria de Desenvolvimento Rural,150170000000,Rec. Livres,40.738.368/0001-76,GAMBA CONEXÕES COMÉRCIO ATACADISTA DE ALIMENTOS LTDA,705.20,0,705.20,0,0
9,Secretaria de Desenvolvimento Rural,1,Secretaria de Desenvolvimento Rural,150170000000,Rec. Livres,687.133.129-87,ADRIANA TRIBESS RAHN,419.00,500.00,419.00,0,419.00
9,Secretaria de Desenvolvimento Rural,1,Secretaria de Desenvolvimento Rural,150170000000,Rec. Livres,79.846.465/0001-18,GOEDERT LTDA,331.50,0,0,0,0
9,Secretaria de Desenvolvimento Rural,1,Secretaria de Desenvolvimento Rural,150170000000,Rec. Livres,81.004.988/0001-69,JOCA COMERCIO DE MATERIAIS DE CONSTRUCAO LTDA,339.64,0,339.64,4.07,290.24
9,Secretaria de Desenvolvimento Rural,1,Secretaria de Desenvolvimento Rural,150170000000,Rec. Livres,82.951.310/0001-56,SECRETARIA DE ESTADO DA FAZENDA,298.74,0,298.74,0,298.74
9,Secretaria de Desenvolvimento Rural,1,Secretaria de Desenvolvimento Rural,150170000000,Rec. Livres,83.204.552/0001-49,FÉRTIL COMÉRCIO E REPRESENTAÇÕES LTDA,105.40,0,105.40,0,0
9,Secretaria de Desenvolvimento Rural,1,Secretaria de Desenvolvimento Rural,170070000016,Convênio n° 982965/2025 - MAPA: aquisição de máquinas e equipamento,60.179.675/0001-71,5A MAQUINAS LTDA,122862.32,0,122862.32,1841.40,1841.40
9,Secretaria de Desenvolvimento Rural,1,Secretaria de Desenvolvimento Rural,250070000000,Rec. Livres (Imp. e Transf. Const.),03.111.139/0001-09,CONSORCIO INTERMUNICIPAL DO MEDIO VALE DO ITAJAI,8616.88,0,0,0,0
9,Secretaria de Desenvolvimento Rural,1,Secretaria de Desenvolvimento Rural,250070000000,Rec. Livres (Imp. e Transf. Const.),34.124.663/0001-30,ALBANI MATTÉ INDÚSTRIA DE MÁQUINAS AGRÍCOLAS LTDA,33500.00,0,33500.00,402.00,33500.00
9,Secretaria de Desenvolvimento Rural,1,Secretaria de Desenvolvimento Rural,250070000000,Rec. Livres (Imp. e Transf. Const.),50.160.181/0001-91,IKIGAI COMÉRCIO LTDA,48400.00,0,48400.00,580.80,48400.00
9,Secretaria de Desenvolvimento Rural,1,Secretaria de Desenvolvimento Rural,250070000000,Rec. Livres (Imp. e Transf. Const.),60.179.675/0001-71,5A MAQUINAS LTDA,30587.68,0,30587.68,0,0.00
9,Secretaria de Desenvolvimento Rural,1,Secretaria de Desenvolvimento Rural,270170000024,Portaria Conjunta SGG/SEF nº 048/2025: 14ª Pomerlammfest,82.951.336/0013-38,FUNDO ESTADUAL DE DESENVOLVIMENTO RURALF,169.09,0,169.09,0,169.09
9,Secretaria de Desenvolvimento Rural,2,Proteção aos Animais,250070000000,Rec. Livres (Imp. e Transf. Const.),08.672.447/0001-19,ASSOCIAçãO DOS MELHORES AMIGOS DOS BICHOS,300000.00,0,150000.00,0,150000.00
9,Secretaria de Desenvolvimento Rural,2,Proteção aos Animais,271032100031,Emenda Parlamentar Estadual nº 395/2024: Castração e microchipagem de animais no município,24.223.796/0001-00,CLÍNICA VETERINÁRIA BRANDES LTDA,18890.48,0,11868.10,0,11868.10
9,Secretaria de Desenvolvimento Rural,2,Proteção aos Animais,271032100031,Emenda Parlamentar Estadual nº 395/2024: Castração e microchipagem de animais no município,33.654.309/0001-54,ANIMAL GOLD PET SHOP E AGROPECUÁRIA LTDA,3014.61,0,3014.61,0,3014.61
12,"Secretaria de Turismo, Cultura e Desenvolvimento Econômico",1,Turismo,150070000000,Rec. Livres (Imp. e Transf. Const.),003.691.039-20,DAVID COSTA,1173.37,326.63,1173.37,0,1173.37
12,"Secretaria de Turismo, Cultura e Desenvolvimento Econômico",1,Turismo,150070000000,Rec. Livres (Imp. e Transf. Const.),02.255.187/0001-08,UNIFIQUE TELECOMUNICAÇÕES S/A,19308.48,3.60,9652.44,463.32,9652.44
12,"Secretaria de Turismo, Cultura e Desenvolvimento Econômico",1,Turismo,150070000000,Rec. Livres (Imp. e Transf. Const.),02.323.274/0001-47,KRUEGER COMÉRCIO DE MATERIAIS ELÉTRICOS E HIDRÁULICOS LTDA,2616.25,0,2616.25,31.38,2616.25
12,"Secretaria de Turismo, Cultura e Desenvolvimento Econômico",1,Turismo,150070000000,Rec. Livres (Imp. e Transf. Const.),03.111.139/0001-09,CONSORCIO INTERMUNICIPAL DO MEDIO VALE DO ITAJAI,235502.15,0,86763.95,0,86763.95
12,"Secretaria de Turismo, Cultura e Desenvolvimento Econômico",1,Turismo,150070000000,Rec. Livres (Imp. e Transf. Const.),04.724.655/0001-63,COPY LINE COMÉRCIO E SERVIÇOS LTDA,2052.00,0,648.00,5.18,648.00
12,"Secretaria de Turismo, Cultura e Desenvolvimento Econômico",1,Turismo,150070000000,Rec. Livres (Imp. e Transf. Const.),061.234.879-22,GIOVANA BEATRIZ RAHN,12658.86,0,4450.11,0,4450.11
12,"Secretaria de Turismo, Cultura e Desenvolvimento Econômico",1,Turismo,150070000000,Rec. Livres (Imp. e Transf. Const.),07.448.130/0001-30,SELL MADEIRAS E GUINDASTES LTDA,20316.50,0,9397.50,0,9397.50
12,"Secretaria de Turismo, Cultura e Desenvolvimento Econômico",1,Turismo,150070000000,Rec. Livres (Imp. e Transf. Const.),078.395.009-86,KAYLANE KOPSCH,718.86,0,718.86,0,718.86
12,"Secretaria de Turismo, Cultura e Desenvolvimento Econômico",1,Turismo,150070000000,Rec. Livres (Imp. e Transf. Const.),08.336.783/0001-90,CELESC DISTRIBUICAO S.A,275682.07,0,85682.07,1632.15,85682.07
12,"Secretaria de Turismo, Cultura e Desenvolvimento Econômico",1,Turismo,150070000000,Rec. Livres (Imp. e Transf. Const.),087.654.859-12,ENZO BERNARDINO KRENKE,6051.29,0,6051.29,0,6051.29
12,"Secretaria de Turismo, Cultura e Desenvolvimento Econômico",1,Turismo,150070000000,Rec. Livres (Imp. e Transf. Const.),088.664.249-35,LUCAS COELHO SOUZA ROSA,54.00,67.05,54.00,0,54.00
12,"Secretaria de Turismo, Cultura e Desenvolvimento Econômico",1,Turismo,150070000000,Rec. Livres (Imp. e Transf. Const.),08.966.535/0001-23,SEVEGA GRÁFICA E IMPRESSÃO DIGITAL LTDA,375.00,0,375.00,18.00,375.00
12,"Secretaria de Turismo, Cultura e Desenvolvimento Econômico",1,Turismo,150070000000,Rec. Livres (Imp. e Transf. Const.),090.044.949-79,EMANUELLE THEILACKER,2946.40,0,2946.40,0,2946.40
12,"Secretaria de Turismo, Cultura e Desenvolvimento Econômico",1,Turismo,150070000000,Rec. Livres (Imp. e Transf. Const.),090.123.379-09,CAMILE NATANA SABIN BARG,25317.72,0,8900.22,0,8900.22
12,"Secretaria de Turismo, Cultura e Desenvolvimento Econômico",1,Turismo,150070000000,Rec. Livres (Imp. e Transf. Const.),091.273.419-17,JÚLIA BEATRIZ SIEWERT,1437.72,0,1437.72,0,1437.72
12,"Secretaria de Turismo, Cultura e Desenvolvimento Econômico",1,Turismo,150070000000,Rec. Livres (Imp. e Transf. Const.),105.645.739-22,JENNIFER CRISTINA KARSTEN,718.86,0,718.86,0,718.86
12,"Secretaria de Turismo, Cultura e Desenvolvimento Econômico",1,Turismo,150070000000,Rec. Livres (Imp. e Transf. Const.),114.919.249-69,KETLIN CAROLINE TRIBESS,12658.86,0,4450.11,0,4450.11
12,"Secretaria de Turismo, Cultura e Desenvolvimento Econômico",1,Turismo,150070000000,Rec. Livres (Imp. e Transf. Const.),118.115.119-88,BRUNA SIEVA GESSNER,4789.16,0,4789.16,0,4789.16
12,"Secretaria de Turismo, Cultura e Desenvolvimento Econômico",1,Turismo,150070000000,Rec. Livres (Imp. e Transf. Const.),130.581.959-40,GABRIELA DAFNE RAMOS,5543.12,0,5543.12,0,5543.12
12,"Secretaria de Turismo, Cultura e Desenvolvimento Econômico",1,Turismo,150070000000,Rec. Livres (Imp. e Transf. Const.),13.716.552/0001-42,MEGA COMÉRCIO DE DEPARTAMENTOS LTDA,232.65,0,232.65,0,232.65
12,"Secretaria de Turismo, Cultura e Desenvolvimento Econômico",1,Turismo,150070000000,Rec. Livres (Imp. e Transf. Const.),18.780.623/0001-90,NOAR TURISMO LTDA,3458.40,2924.52,3458.40,0,3458.40
12,"Secretaria de Turismo, Cultura e Desenvolvimento Econômico",1,Turismo,150070000000,Rec. Livres (Imp. e Transf. Const.),18.806.639/0001-24,SLM CONSTRUÇÕES E SERVIÇOS SUSTENTÁVEIS LTDA,78846.97,0,0,0,0
12,"Secretaria de Turismo, Cultura e Desenvolvimento Econômico",1,Turismo,150070000000,Rec. Livres (Imp. e Transf. Const.),21.613.975/0001-65,TECNOBLU COMÉRCIO DE REFRIGERAÇÃO LTDA,9380.00,0,9380.00,0,9380.00
12,"Secretaria de Turismo, Cultura e Desenvolvimento Econômico",1,Turismo,150070000000,Rec. Livres (Imp. e Transf. Const.),22.637.568/0001-50,RDC PRESTADORA DE SERVICOS LTDA,1840.88,0,1554.00,170.94,1554.00
12,"Secretaria de Turismo, Cultura e Desenvolvimento Econômico",1,Turismo,150070000000,Rec. Livres (Imp. e Transf. Const.),26.298.542/0001-86,SUELEN DAIANA LINDEMANN BLANK,3000.00,0,3000.00,0,3000.00
12,"Secretaria de Turismo, Cultura e Desenvolvimento Econômico",1,Turismo,150070000000,Rec. Livres (Imp. e Transf. Const.),29.979.036/0001-40,INSS- INSTITUTO NACIONAL DO SEGURO SOCIAL,58053.61,0,58053.61,0,49599.64
12,"Secretaria de Turismo, Cultura e Desenvolvimento Econômico",1,Turismo,150070000000,Rec. Livres (Imp. e Transf. Const.),36.225.268/0001-79,INSTALAR INSTALAÇÃO E MANUTENÇÃO LTDA,8497.29,6653.50,8497.29,0,8497.29
12,"Secretaria de Turismo, Cultura e Desenvolvimento Econômico",1,Turismo,150070000000,Rec. Livres (Imp. e Transf. Const.),37.115.367/0001-60,MINISTERIO DO TRABALHO - MTE,2846.44,0,2846.44,0,2282.20
12,"Secretaria de Turismo, Cultura e Desenvolvimento Econômico",1,Turismo,150070000000,Rec. Livres (Imp. e Transf. Const.),38.315.947/0001-64,CK RASTREAMENTO VEICULAR LTDA,350.40,0,175.20,0,175.20
12,"Secretaria de Turismo, Cultura e Desenvolvimento Econômico",1,Turismo,150070000000,Rec. Livres (Imp. e Transf. Const.),50.675.079/0001-29,POMERWASSER AMBIENTAL S.P.E. S.A.,201883.10,0,36883.10,1751.64,36883.10
12,"Secretaria de Turismo, Cultura e Desenvolvimento Econômico",1,Turismo,150070000000,Rec. Livres (Imp. e Transf. Const.),50.694.267/0001-02,CASA 21 WINE BAR LTDA,15149.19,0,1421.88,0,1421.88
12,"Secretaria de Turismo, Cultura e Desenvolvimento Econômico",1,Turismo,150070000000,Rec. Livres (Imp. e Transf. Const.),53.795.421/0001-12,M A F VILAS BOAS SERVICOS & CIA LTDA,34042.69,0,8257.59,1280.02,8257.59
12,"Secretaria de Turismo, Cultura e Desenvolvimento Econômico",1,Turismo,150070000000,Rec. Livres (Imp. e Transf. Const.),63.033.628/0001-03,63.033.628 KAYLANE KOPSCH,3500.00,0,3500.00,0,3500.00
12,"Secretaria de Turismo, Cultura e Desenvolvimento Econômico",1,Turismo,150070000000,Rec. Livres (Imp. e Transf. Const.),636.257.849-04,MANFREDO ZMAZEK GOEDE,166.00,155.05,166.00,0,166.00
12,"Secretaria de Turismo, Cultura e Desenvolvimento Econômico",1,Turismo,150070000000,Rec. Livres (Imp. e Transf. Const.),65.572.001/0001-56,BRUNING E CENSI ENGENHARIA LTDA,6834.67,0,0,0,0
12,"Secretaria de Turismo, Cultura e Desenvolvimento Econômico",1,Turismo,150070000000,Rec. Livres (Imp. e Transf. Const.),687.132.749-53,VALERIA VALIN PROCHERA,0.00,335.20,0,0,0
12,"Secretaria de Turismo, Cultura e Desenvolvimento Econômico",1,Turismo,150070000000,Rec. Livres (Imp. e Transf. Const.),72.114.903/0001-04,EXTIMBRÁS COMÉRCIO DE EXTINTORES LTDA,887.50,0,887.50,0,887.50
12,"Secretaria de Turismo, Cultura e Desenvolvimento Econômico",1,Turismo,150070000000,Rec. Livres (Imp. e Transf. Const.),78.831.997/0001-19,A FANTÁSTICA FÁBRICA DO NATAL LTDA,140000.00,0,0,0,0
12,"Secretaria de Turismo, Cultura e Desenvolvimento Econômico",1,Turismo,150070000000,Rec. Livres (Imp. e Transf. Const.),79.227.963/0014-05,NC COMUNICAÇÕES S/A,385.46,0,385.46,18.50,385.46
12,"Secretaria de Turismo, Cultura e Desenvolvimento Econômico",1,Turismo,150070000000,Rec. Livres (Imp. e Transf. Const.),801.584.809-10,JOÃO JOSÉ MARCAL JUNIOR,0.00,83.80,0.00,0,0.00
12,"Secretaria de Turismo, Cultura e Desenvolvimento Econômico",1,Turismo,150070000000,Rec. Livres (Imp. e Transf. Const.),82.611.567/0001-69,DELTA VEÍCULOS LTDA,204.52,0,204.52,2.45,204.52
12,"Secretaria de Turismo, Cultura e Desenvolvimento Econômico",1,Turismo,150070000000,Rec. Livres (Imp. e Transf. Const.),82.895.970/0001-67,FEDERACAO DAS CAMARAS DE DIRIGENTES LOJISTAS DE SC,140.00,0,140.00,6.72,140.00
12,"Secretaria de Turismo, Cultura e Desenvolvimento Econômico",1,Turismo,150070000000,Rec. Livres (Imp. e Transf. Const.),83.102.251/0001-04,MUNICÍPIO DE POMERODE,338267.68,0,338267.68,64404.05,338267.68
12,"Secretaria de Turismo, Cultura e Desenvolvimento Econômico",1,Turismo,150070000000,Rec. Livres (Imp. e Transf. Const.),863.663.415-67,ADRIANA PINHEIRO MOTA TEIXEIRA,6051.29,0,6051.29,0,6051.29
12,"Secretaria de Turismo, Cultura e Desenvolvimento Econômico",1,Turismo,150070000000,Rec. Livres (Imp. e Transf. Const.),86.910.148/0001-89,DIBRAPE - DISTRIBUIDORA BRASILEIRA DE PETRÓLEO LTDA,6728.40,0,1388.40,3.31,1388.40
12,"Secretaria de Turismo, Cultura e Desenvolvimento Econômico",1,Turismo,150070000000,Rec. Livres (Imp. e Transf. Const.),987.626.809-00,RICARDO CAMPESTRINI,256.00,111.61,256.00,0,256.00
12,"Secretaria de Turismo, Cultura e Desenvolvimento Econômico",1,Turismo,150170000000,Rec. Livres,087.654.859-12,ENZO BERNARDINO KRENKE,1228.29,0,1228.29,0,1228.29
12,"Secretaria de Turismo, Cultura e Desenvolvimento Econômico",1,Turismo,150170000000,Rec. Livres,090.044.949-79,EMANUELLE THEILACKER,1228.29,0,1228.29,0,1228.29
12,"Secretaria de Turismo, Cultura e Desenvolvimento Econômico",1,Turismo,150170000000,Rec. Livres,118.115.119-88,BRUNA SIEVA GESSNER,1228.29,0,1228.29,0,1228.29
12,"Secretaria de Turismo, Cultura e Desenvolvimento Econômico",1,Turismo,150170000000,Rec. Livres,130.581.959-40,GABRIELA DAFNE RAMOS,1125.14,0,1125.14,0,1125.14
12,"Secretaria de Turismo, Cultura e Desenvolvimento Econômico",1,Turismo,150170000000,Rec. Livres,83.102.251/0001-04,MUNICÍPIO DE POMERODE,4336.64,0,4336.64,0,4336.64
12,"Secretaria de Turismo, Cultura e Desenvolvimento Econômico",1,Turismo,150170000000,Rec. Livres,863.663.415-67,ADRIANA PINHEIRO MOTA TEIXEIRA,1228.29,0,1228.29,0,1228.29
12,"Secretaria de Turismo, Cultura e Desenvolvimento Econômico",1,Turismo,171032100063,"Portaria Nº 188/2026 - SEF: Emenda nº 2068/2026 (Capital: Aquisição de veículo e equipamentos de informática p/ Sec. de Turismo, Cultura e Des. Econ.)",04.602.789/0001-01,DATEN TECNOLOGIA LTDA,8300.00,0,8300.00,99.60,99.60
12,"Secretaria de Turismo, Cultura e Desenvolvimento Econômico",1,Turismo,171032100063,"Portaria Nº 188/2026 - SEF: Emenda nº 2068/2026 (Capital: Aquisição de veículo e equipamentos de informática p/ Sec. de Turismo, Cultura e Des. Econ.)",81.243.735/0009-03,POSITIVO TECNOLOGIA S.A.,50973.52,0,0,0,0
12,"Secretaria de Turismo, Cultura e Desenvolvimento Econômico",1,Turismo,171032100063,"Portaria Nº 188/2026 - SEF: Emenda nº 2068/2026 (Capital: Aquisição de veículo e equipamentos de informática p/ Sec. de Turismo, Cultura e Des. Econ.)",82.611.567/0001-69,DELTA VEÍCULOS LTDA,140726.48,0,140726.48,1688.72,140726.48
12,"Secretaria de Turismo, Cultura e Desenvolvimento Econômico",1,Turismo,250070000000,Rec. Livres (Imp. e Transf. Const.),00.000.000/2472-43,BANCO DO BRASIL SA,106.83,0,6.83,0,6.83
12,"Secretaria de Turismo, Cultura e Desenvolvimento Econômico",1,Turismo,250070000000,Rec. Livres (Imp. e Transf. Const.),003.691.039-20,DAVID COSTA,909.13,1426.07,909.13,0,909.13
12,"Secretaria de Turismo, Cultura e Desenvolvimento Econômico",1,Turismo,250070000000,Rec. Livres (Imp. e Transf. Const.),019.002.119-55,CENIRA APARECIDA PEREIRA,0.00,251.40,0,0,0
12,"Secretaria de Turismo, Cultura e Desenvolvimento Econômico",1,Turismo,250070000000,Rec. Livres (Imp. e Transf. Const.),02.323.274/0001-47,KRUEGER COMÉRCIO DE MATERIAIS ELÉTRICOS E HIDRÁULICOS LTDA,1086.25,2.25,1086.25,13.03,1086.25
12,"Secretaria de Turismo, Cultura e Desenvolvimento Econômico",1,Turismo,250070000000,Rec. Livres (Imp. e Transf. Const.),04.198.254/0001-17,MCR SISTEMAS E CONSULTORIA LTDA,5788.00,0,0,0,0
12,"Secretaria de Turismo, Cultura e Desenvolvimento Econômico",1,Turismo,250070000000,Rec. Livres (Imp. e Transf. Const.),05.117.514/0001-45,INSTALART MATERIAIS ELETRICOS LTDA,1073.60,0,0,0,0
12,"Secretaria de Turismo, Cultura e Desenvolvimento Econômico",1,Turismo,250070000000,Rec. Livres (Imp. e Transf. Const.),06.245.175/0001-45,KATHIA KAHT,4500.00,0,0,0,0
12,"Secretaria de Turismo, Cultura e Desenvolvimento Econômico",1,Turismo,250070000000,Rec. Livres (Imp. e Transf. Const.),070.515.969-85,JÉSSICA CHRISTINE BILCK BOLSONI,0.00,251.40,0,0,0
12,"Secretaria de Turismo, Cultura e Desenvolvimento Econômico",1,Turismo,250070000000,Rec. Livres (Imp. e Transf. Const.),07.448.130/0001-30,SELL MADEIRAS E GUINDASTES LTDA,18046.30,0,2058.50,0,2058.50
12,"Secretaria de Turismo, Cultura e Desenvolvimento Econômico",1,Turismo,250070000000,Rec. Livres (Imp. e Transf. Const.),07.453.253/0001-60,ASSOCIACAO DOS MUSICOS PROFISSIONAIS DE POMERODE - AMUSPE,32992.00,0,32992.00,0,32992.00
12,"Secretaria de Turismo, Cultura e Desenvolvimento Econômico",1,Turismo,250070000000,Rec. Livres (Imp. e Transf. Const.),07.475.665/0001-09,FLORICULTURA UGOLINI LTDA,31449.95,0,31449.95,1213.97,31449.95
12,"Secretaria de Turismo, Cultura e Desenvolvimento Econômico",1,Turismo,250070000000,Rec. Livres (Imp. e Transf. Const.),08.158.865/0001-92,MULTIBAN LOCACOES DE BENS MOVEIS LTDA EPP,1500.00,0,0,0,0
12,"Secretaria de Turismo, Cultura e Desenvolvimento Econômico",1,Turismo,250070000000,Rec. Livres (Imp. e Transf. Const.),09.166.805/0001-84,JK COMERCIO DE FRUTAS E VERDURAS LTDA,3837.50,0,0,0,0
12,"Secretaria de Turismo, Cultura e Desenvolvimento Econômico",1,Turismo,250070000000,Rec. Livres (Imp. e Transf. Const.),09.539.504/0001-59,ATELIER CRIATIVO INDÚSTRIA TÊXTIL LTDA,3300.00,3300.00,0,0,0
12,"Secretaria de Turismo, Cultura e Desenvolvimento Econômico",1,Turismo,250070000000,Rec. Livres (Imp. e Transf. Const.),10.749.284/0001-77,EZCUZÊ AGÊNCIA DE PUBLICIDADE E PROPAGANDA LTDA,1496.36,0,96.36,4.63,96.36
12,"Secretaria de Turismo, Cultura e Desenvolvimento Econômico",1,Turismo,250070000000,Rec. Livres (Imp. e Transf. Const.),13.965.228/0001-68,JLM DISTRIBUIDORA BR LTDA,5350.00,0,5350.00,64.20,5350.00
12,"Secretaria de Turismo, Cultura e Desenvolvimento Econômico",1,Turismo,250070000000,Rec. Livres (Imp. e Transf. Const.),14.284.430/0001-97,"FUNDO DE MATERIAIS, PUBLICAÇÕES E IMPRESSOS OFICIAIS SC",618.14,0,618.14,0,618.14
12,"Secretaria de Turismo, Cultura e Desenvolvimento Econômico",1,Turismo,250070000000,Rec. Livres (Imp. e Transf. Const.),18.780.623/0001-90,NOAR TURISMO LTDA,12440.72,0,9794.56,0,9794.56
12,"Secretaria de Turismo, Cultura e Desenvolvimento Econômico",1,Turismo,250070000000,Rec. Livres (Imp. e Transf. Const.),22.637.568/0001-50,RDC PRESTADORA DE SERVICOS LTDA,1777.82,0,0,0,0
12,"Secretaria de Turismo, Cultura e Desenvolvimento Econômico",1,Turismo,250070000000,Rec. Livres (Imp. e Transf. Const.),25.248.420/0001-12,AG PRODUCOES LTDA,28000.00,0,28000.00,1344.00,28000.00
12,"Secretaria de Turismo, Cultura e Desenvolvimento Econômico",1,Turismo,250070000000,Rec. Livres (Imp. e Transf. Const.),26.549.728/0001-60,MUNCHEN TRAJES TIPICOS LTDA,0.00,4395.00,0,0,0
12,"Secretaria de Turismo, Cultura e Desenvolvimento Econômico",1,Turismo,250070000000,Rec. Livres (Imp. e Transf. Const.),29.222.667/0001-10,SK MATERIAIS PARA ESCRITORIO LTDA,774.75,0,0,0,0
12,"Secretaria de Turismo, Cultura e Desenvolvimento Econômico",1,Turismo,250070000000,Rec. Livres (Imp. e Transf. Const.),35.605.748/0001-00,TRANSPORTE E TURISMO CONTINI LTDA,5613.77,0,4174.57,0,4174.57
12,"Secretaria de Turismo, Cultura e Desenvolvimento Econômico",1,Turismo,250070000000,Rec. Livres (Imp. e Transf. Const.),35.944.400/0001-30,ROTTA DO REPARO MATERIAIS DE CONSTRUÇÃO LTDA,1418.70,0,0,0,0
12,"Secretaria de Turismo, Cultura e Desenvolvimento Econômico",1,Turismo,250070000000,Rec. Livres (Imp. e Transf. Const.),36.988.592/0001-49,BRIGADA PADRÃO LTDA,1933.33,146.67,1933.33,281.71,1933.33
12,"Secretaria de Turismo, Cultura e Desenvolvimento Econômico",1,Turismo,250070000000,Rec. Livres (Imp. e Transf. Const.),38.092.528/0001-00,MIDAS SEGURANÇA PRIVADA LTDA,10656.00,0,5328.00,745.92,5328.00
12,"Secretaria de Turismo, Cultura e Desenvolvimento Econômico",1,Turismo,250070000000,Rec. Livres (Imp. e Transf. Const.),38.315.947/0001-64,CK RASTREAMENTO VEICULAR LTDA,1827.00,0,152.25,0,152.25
12,"Secretaria de Turismo, Cultura e Desenvolvimento Econômico",1,Turismo,250070000000,Rec. Livres (Imp. e Transf. Const.),40.738.368/0001-76,GAMBA CONEXÕES COMÉRCIO ATACADISTA DE ALIMENTOS LTDA,881.50,0,881.50,0,881.50
12,"Secretaria de Turismo, Cultura e Desenvolvimento Econômico",1,Turismo,250070000000,Rec. Livres (Imp. e Transf. Const.),50.675.079/0001-29,POMERWASSER AMBIENTAL S.P.E. S.A.,12370.56,0,370.56,4.72,370.56
12,"Secretaria de Turismo, Cultura e Desenvolvimento Econômico",1,Turismo,250070000000,Rec. Livres (Imp. e Transf. Const.),60.699.174/0001-16,60.699.174 ALANA GABRIELLI SANTOS ARAUJO,135.50,0,135.50,0,135.50
12,"Secretaria de Turismo, Cultura e Desenvolvimento Econômico",1,Turismo,250070000000,Rec. Livres (Imp. e Transf. Const.),61.915.852/0001-01,ALTA AMBIENTAL LTDA,380.00,0,380.00,7.60,380.00
12,"Secretaria de Turismo, Cultura e Desenvolvimento Econômico",1,Turismo,250070000000,Rec. Livres (Imp. e Transf. Const.),62.291.765/0001-85,GOEDE PLACAS LTDA,240.00,0,240.00,0,240.00
12,"Secretaria de Turismo, Cultura e Desenvolvimento Econômico",1,Turismo,250070000000,Rec. Livres (Imp. e Transf. Const.),636.257.849-04,MANFREDO ZMAZEK GOEDE,1674.54,3951.59,1674.54,0,1674.54
12,"Secretaria de Turismo, Cultura e Desenvolvimento Econômico",1,Turismo,250070000000,Rec. Livres (Imp. e Transf. Const.),65.847.114/0001-17,OLI COMUNICAÇÃO VISUAL LTDA,138.00,0,138.00,0,138.00
12,"Secretaria de Turismo, Cultura e Desenvolvimento Econômico",1,Turismo,250070000000,Rec. Livres (Imp. e Transf. Const.),67.712.063/0001-41,67.712.063 CLAUDIO STARKE,7165.00,0,0,0,0
12,"Secretaria de Turismo, Cultura e Desenvolvimento Econômico",1,Turismo,250070000000,Rec. Livres (Imp. e Transf. Const.),687.132.749-53,VALERIA VALIN PROCHERA,2742.44,5263.91,2742.44,0,2742.44
12,"Secretaria de Turismo, Cultura e Desenvolvimento Econômico",1,Turismo,250070000000,Rec. Livres (Imp. e Transf. Const.),704.929.139-00,JORGE REVELINO FERREIRA,764.68,682.28,764.68,0,764.68
12,"Secretaria de Turismo, Cultura e Desenvolvimento Econômico",1,Turismo,250070000000,Rec. Livres (Imp. e Transf. Const.),79.227.963/0014-05,NC COMUNICAÇÕES S/A,770.92,0,770.92,37.00,770.92
12,"Secretaria de Turismo, Cultura e Desenvolvimento Econômico",1,Turismo,250070000000,Rec. Livres (Imp. e Transf. Const.),82.951.310/0001-56,SECRETARIA DE ESTADO DA FAZENDA,183.12,0,183.12,0,183.12
12,"Secretaria de Turismo, Cultura e Desenvolvimento Econômico",1,Turismo,250070000000,Rec. Livres (Imp. e Transf. Const.),95.855.078/0001-02,PANIFICADORA E CONFEITARIA DONA ELLA LTDA,815.54,0,815.54,0,815.54
12,"Secretaria de Turismo, Cultura e Desenvolvimento Econômico",2,Cultura,150070000000,Rec. Livres (Imp. e Transf. Const.),003.691.039-20,DAVID COSTA,479.48,712.40,479.48,0,479.48
12,"Secretaria de Turismo, Cultura e Desenvolvimento Econômico",2,Cultura,150070000000,Rec. Livres (Imp. e Transf. Const.),004.556.729-89,ROSEANE MARIA BERTRAM KLEMZ,11197.12,0,3480.18,0,3480.18
12,"Secretaria de Turismo, Cultura e Desenvolvimento Econômico",2,Cultura,150070000000,Rec. Livres (Imp. e Transf. Const.),00.474.973/0001-62,ESCRITORIO CENTRAL DE ARRECADACAO E DISTRIBUICAO - ECAD,31843.28,0,31843.28,0,31843.28
12,"Secretaria de Turismo, Cultura e Desenvolvimento Econômico",2,Cultura,150070000000,Rec. Livres (Imp. e Transf. Const.),005.901.309-51,CHARLES ELISEU BACHMANN,11348.44,0,3480.19,0,3480.19
12,"Secretaria de Turismo, Cultura e Desenvolvimento Econômico",2,Cultura,150070000000,Rec. Livres (Imp. e Transf. Const.),00.736.251/0001-39,QUALICOPY SERVIÇOS E COMÉRCIO LTDA,27.50,0,27.50,0,27.50
12,"Secretaria de Turismo, Cultura e Desenvolvimento Econômico",2,Cultura,150070000000,Rec. Livres (Imp. e Transf. Const.),007.705.149-10,PAULO CESAR WOLLINGER,11348.44,0,3631.50,0,3631.50
12,"Secretaria de Turismo, Cultura e Desenvolvimento Econômico",2,Cultura,150070000000,Rec. Livres (Imp. e Transf. Const.),02.255.187/0001-08,UNIFIQUE TELECOMUNICAÇÕES S/A,17380.92,0,8690.46,417.12,8690.46
12,"Secretaria de Turismo, Cultura e Desenvolvimento Econômico",2,Cultura,150070000000,Rec. Livres (Imp. e Transf. Const.),02.323.274/0001-47,KRUEGER COMÉRCIO DE MATERIAIS ELÉTRICOS E HIDRÁULICOS LTDA,5178.28,0,5178.28,62.09,5178.28
12,"Secretaria de Turismo, Cultura e Desenvolvimento Econômico",2,Cultura,150070000000,Rec. Livres (Imp. e Transf. Const.),025.359.030-24,RICARDO AUGUSTO LEINDECKER,11163.50,0,3295.25,0,3295.25
12,"Secretaria de Turismo, Cultura e Desenvolvimento Econômico",2,Cultura,150070000000,Rec. Livres (Imp. e Transf. Const.),03.002.379/0001-67,GRUPO VOCAL POMMERN SANGER,56800.00,0,20000.00,0,20000.00
12,"Secretaria de Turismo, Cultura e Desenvolvimento Econômico",2,Cultura,150070000000,Rec. Livres (Imp. e Transf. Const.),03.111.139/0001-09,CONSORCIO INTERMUNICIPAL DO MEDIO VALE DO ITAJAI,87083.27,0,32083.31,0,32083.31
12,"Secretaria de Turismo, Cultura e Desenvolvimento Econômico",2,Cultura,150070000000,Rec. Livres (Imp. e Transf. Const.),03.692.192/0001-32,ARL TRANSPORTES E COMERCIO DE MADEIRA LTDA,195.96,0,195.96,0,195.96
12,"Secretaria de Turismo, Cultura e Desenvolvimento Econômico",2,Cultura,150070000000,Rec. Livres (Imp. e Transf. Const.),037.385.619-94,LEANDRO CARDOSO,8305.37,0,1042.37,0,1042.37
12,"Secretaria de Turismo, Cultura e Desenvolvimento Econômico",2,Cultura,150070000000,Rec. Livres (Imp. e Transf. Const.),038.512.152-06,YêDRO PENANTE NASCIMENTO FURTADO DE OLIVEIRA,7363.87,0,1614.00,0,1614.00
12,"Secretaria de Turismo, Cultura e Desenvolvimento Econômico",2,Cultura,150070000000,Rec. Livres (Imp. e Transf. Const.),041.915.159-18,MONICA KROPP CONSTANTE,10743.19,0,2874.94,0,2874.94
12,"Secretaria de Turismo, Cultura e Desenvolvimento Econômico",2,Cultura,150070000000,Rec. Livres (Imp. e Transf. Const.),04.533.821/0001-44,FUNDO DE APOSENTADORIA E PENSOES,78291.02,0,78291.02,0,66356.30
12,"Secretaria de Turismo, Cultura e Desenvolvimento Econômico",2,Cultura,150070000000,Rec. Livres (Imp. e Transf. Const.),04.764.136/0001-29,ASSOCIACAO MUSICAL PROFESSOR ALIRIO DAHLKE,231000.00,0,66000.00,0,66000.00
12,"Secretaria de Turismo, Cultura e Desenvolvimento Econômico",2,Cultura,150070000000,Rec. Livres (Imp. e Transf. Const.),05.117.514/0001-45,INSTALART MATERIAIS ELETRICOS LTDA,1587.50,0,1587.50,0,1587.50
12,"Secretaria de Turismo, Cultura e Desenvolvimento Econômico",2,Cultura,150070000000,Rec. Livres (Imp. e Transf. Const.),05.263.279/0001-10,TERRAPLANAGEM KNOPF LTDA,1318.00,0,1318.00,21.75,1318.00
12,"Secretaria de Turismo, Cultura e Desenvolvimento Econômico",2,Cultura,150070000000,Rec. Livres (Imp. e Transf. Const.),055.079.969-97,JAKSON WAJAND,9751.23,0,2185.60,0,2185.60
12,"Secretaria de Turismo, Cultura e Desenvolvimento Econômico",2,Cultura,150070000000,Rec. Livres (Imp. e Transf. Const.),066.351.149-63,DENIS KLANN,7263.00,0,0,0,0
12,"Secretaria de Turismo, Cultura e Desenvolvimento Econômico",2,Cultura,150070000000,Rec. Livres (Imp. e Transf. Const.),067.862.349-09,SAMANTHA GAEDKE,10121.11,0.01,2252.86,0,2252.86
12,"Secretaria de Turismo, Cultura e Desenvolvimento Econômico",2,Cultura,150070000000,Rec. Livres (Imp. e Transf. Const.),068.472.541-06,MARCOS DOUGLAS DE OLIVEIRA LOBATO,7993.41,0,7993.41,0,7993.41
12,"Secretaria de Turismo, Cultura e Desenvolvimento Econômico",2,Cultura,150070000000,Rec. Livres (Imp. e Transf. Const.),07.448.130/0001-30,SELL MADEIRAS E GUINDASTES LTDA,12975.30,745.00,6944.50,0,6944.50
12,"Secretaria de Turismo, Cultura e Desenvolvimento Econômico",2,Cultura,150070000000,Rec. Livres (Imp. e Transf. Const.),07.453.253/0001-60,ASSOCIACAO DOS MUSICOS PROFISSIONAIS DE POMERODE - AMUSPE,34229.00,0,32229.00,0,29289.00
12,"Secretaria de Turismo, Cultura e Desenvolvimento Econômico",2,Cultura,150070000000,Rec. Livres (Imp. e Transf. Const.),075.599.549-01,ISABELE LORENZ,11146.68,0,3278.43,0,3278.43
12,"Secretaria de Turismo, Cultura e Desenvolvimento Econômico",2,Cultura,150070000000,Rec. Livres (Imp. e Transf. Const.),082.632.249-26,ALINE PEIN MORETI,10894.50,0,3026.25,0,3026.25
12,"Secretaria de Turismo, Cultura e Desenvolvimento Econômico",2,Cultura,150070000000,Rec. Livres (Imp. e Transf. Const.),082.776.529-09,GUILHERME RASCH FORTUNATO,10748.12,0,2879.87,0,2879.87
12,"Secretaria de Turismo, Cultura e Desenvolvimento Econômico",2,Cultura,150070000000,Rec. Livres (Imp. e Transf. Const.),08.336.783/0001-90,CELESC DISTRIBUICAO S.A,473109.83,0,188109.83,3942.87,188109.83
12,"Secretaria de Turismo, Cultura e Desenvolvimento Econômico",2,Cultura,150070000000,Rec. Livres (Imp. e Transf. Const.),08.406.359/0001-75,HIDRODOMI DO BRASIL INDUSTRIA E COMERCIO LTDA,270.00,0,270.00,3.24,270.00
12,"Secretaria de Turismo, Cultura e Desenvolvimento Econômico",2,Cultura,150070000000,Rec. Livres (Imp. e Transf. Const.),087.654.859-12,ENZO BERNARDINO KRENKE,1228.29,0,1228.29,0,1228.29
12,"Secretaria de Turismo, Cultura e Desenvolvimento Econômico",2,Cultura,150070000000,Rec. Livres (Imp. e Transf. Const.),088.894.719-48,TAINARA SCHMITT,10877.69,0,3009.44,0,3009.44
12,"Secretaria de Turismo, Cultura e Desenvolvimento Econômico",2,Cultura,150070000000,Rec. Livres (Imp. e Transf. Const.),089.973.369-75,LARISSA KRUEGER,11499.75,0,3631.50,0,3631.50
12,"Secretaria de Turismo, Cultura e Desenvolvimento Econômico",2,Cultura,150070000000,Rec. Livres (Imp. e Transf. Const.),090.044.949-79,EMANUELLE THEILACKER,1228.29,0,1228.29,0,1228.29
12,"Secretaria de Turismo, Cultura e Desenvolvimento Econômico",2,Cultura,150070000000,Rec. Livres (Imp. e Transf. Const.),094.427.779-98,JULIO CESAR HORNBURG,11298.00,0,3429.75,0,3429.75
12,"Secretaria de Turismo, Cultura e Desenvolvimento Econômico",2,Cultura,150070000000,Rec. Livres (Imp. e Transf. Const.),101.757.289-50,GABRIEL RAMOS,7666.50,0,1614.00,0,1614.00
12,"Secretaria de Turismo, Cultura e Desenvolvimento Econômico",2,Cultura,150070000000,Rec. Livres (Imp. e Transf. Const.),104.172.209-52,ERIKA RAFAELA WEISS,11499.75,0,3631.50,0,3631.50
12,"Secretaria de Turismo, Cultura e Desenvolvimento Econômico",2,Cultura,150070000000,Rec. Livres (Imp. e Transf. Const.),109.317.519-26,CAROLINA SCHMIDT HORNBURG,11146.68,0,3278.43,0,3278.43
12,"Secretaria de Turismo, Cultura e Desenvolvimento Econômico",2,Cultura,150070000000,Rec. Livres (Imp. e Transf. Const.),109.326.099-88,GUSTAVO CORREA DA SILVA,11129.87,0,3412.93,0,3412.93
12,"Secretaria de Turismo, Cultura e Desenvolvimento Econômico",2,Cultura,150070000000,Rec. Livres (Imp. e Transf. Const.),111.934.019-50,WYLLYAN KUPAS,10356.50,0,2942.18,0,2942.18
12,"Secretaria de Turismo, Cultura e Desenvolvimento Econômico",2,Cultura,150070000000,Rec. Livres (Imp. e Transf. Const.),113.649.219-44,RENAN ELER CENCI,10020.24,0,2303.30,0,2303.30
12,"Secretaria de Turismo, Cultura e Desenvolvimento Econômico",2,Cultura,150070000000,Rec. Livres (Imp. e Transf. Const.),118.115.119-88,BRUNA SIEVA GESSNER,1228.29,0,1228.29,0,1228.29
12,"Secretaria de Turismo, Cultura e Desenvolvimento Econômico",2,Cultura,150070000000,Rec. Livres (Imp. e Transf. Const.),118.810.579-50,PIERRY GUSTAVO HANSEN,9583.12,0,1866.18,0,1866.18
12,"Secretaria de Turismo, Cultura e Desenvolvimento Econômico",2,Cultura,150070000000,Rec. Livres (Imp. e Transf. Const.),125.519.879-62,GABRIELA PEYERL,10591.86,0,2723.61,0,2723.61
12,"Secretaria de Turismo, Cultura e Desenvolvimento Econômico",2,Cultura,150070000000,Rec. Livres (Imp. e Transf. Const.),129.133.619-27,LUIZA BOLSON FLORES,11432.50,0,3564.25,0,3564.25
12,"Secretaria de Turismo, Cultura e Desenvolvimento Econômico",2,Cultura,150070000000,Rec. Livres (Imp. e Transf. Const.),129.289.479-22,JOÃO VITOR PASSOLD,11499.75,0,3631.50,0,3631.50
12,"Secretaria de Turismo, Cultura e Desenvolvimento Econômico",2,Cultura,150070000000,Rec. Livres (Imp. e Transf. Const.),130.581.959-40,GABRIELA DAFNE RAMOS,1125.14,0,1125.14,0,1125.14
12,"Secretaria de Turismo, Cultura e Desenvolvimento Econômico",2,Cultura,150070000000,Rec. Livres (Imp. e Transf. Const.),133.535.109-40,BIANCA LEHN,11146.68,0,3278.43,0,3278.43
12,"Secretaria de Turismo, Cultura e Desenvolvimento Econômico",2,Cultura,150070000000,Rec. Livres (Imp. e Transf. Const.),13.716.552/0001-42,MEGA COMÉRCIO DE DEPARTAMENTOS LTDA,158.85,0,0,0,0
12,"Secretaria de Turismo, Cultura e Desenvolvimento Econômico",2,Cultura,150070000000,Rec. Livres (Imp. e Transf. Const.),13.965.228/0001-68,JLM DISTRIBUIDORA BR LTDA,5350.00,0,5350.00,64.20,5350.00
12,"Secretaria de Turismo, Cultura e Desenvolvimento Econômico",2,Cultura,150070000000,Rec. Livres (Imp. e Transf. Const.),17.886.949/0001-33,H.F. SOLUÇÕES LTDA,2924.71,0,2865.75,34.38,2865.75
12,"Secretaria de Turismo, Cultura e Desenvolvimento Econômico",2,Cultura,150070000000,Rec. Livres (Imp. e Transf. Const.),18.138.763/0001-69,COMERCIAL VITÓRIA LTDA,1153.30,0,1153.30,0,1153.30
12,"Secretaria de Turismo, Cultura e Desenvolvimento Econômico",2,Cultura,150070000000,Rec. Livres (Imp. e Transf. Const.),18.336.475/0001-19,CELETA SERVICOS LTDA,839.52,0,839.52,92.34,839.52
12,"Secretaria de Turismo, Cultura e Desenvolvimento Econômico",2,Cultura,150070000000,Rec. Livres (Imp. e Transf. Const.),18.780.623/0001-90,NOAR TURISMO LTDA,727.20,0,727.20,0,727.20
12,"Secretaria de Turismo, Cultura e Desenvolvimento Econômico",2,Cultura,150070000000,Rec. Livres (Imp. e Transf. Const.),21.613.975/0001-65,TECNOBLU COMÉRCIO DE REFRIGERAÇÃO LTDA,9380.00,0,9380.00,225.12,9380.00
12,"Secretaria de Turismo, Cultura e Desenvolvimento Econômico",2,Cultura,150070000000,Rec. Livres (Imp. e Transf. Const.),22.505.565/0001-63,22.505.565 PAULO CESAR WOLLINGER,2660.00,0,0,0,0
12,"Secretaria de Turismo, Cultura e Desenvolvimento Econômico",2,Cultura,150070000000,Rec. Livres (Imp. e Transf. Const.),22.637.568/0001-50,RDC PRESTADORA DE SERVICOS LTDA,36007.81,0,28846.86,3173.14,28846.86
12,"Secretaria de Turismo, Cultura e Desenvolvimento Econômico",2,Cultura,150070000000,Rec. Livres (Imp. e Transf. Const.),22.932.424/0001-27,ANA MARILDA NOVACOSKI NUNES,390.00,0,0,0,0
12,"Secretaria de Turismo, Cultura e Desenvolvimento Econômico",2,Cultura,150070000000,Rec. Livres (Imp. e Transf. Const.),23.604.388/0001-35,E. L WESTPHAL SINALIZACOES VIARIAS LTDA,12624.58,0,0,0,0
12,"Secretaria de Turismo, Cultura e Desenvolvimento Econômico",2,Cultura,150070000000,Rec. Livres (Imp. e Transf. Const.),24.448.705/0001-34,HB SONORIZAÇÃO E EVENTOS LTDA,19200.00,0,4800.00,398.40,4800.00
12,"Secretaria de Turismo, Cultura e Desenvolvimento Econômico",2,Cultura,150070000000,Rec. Livres (Imp. e Transf. Const.),26.044.069/0001-00,SOMA ATACADO LTDA,640.00,0,0,0,0
12,"Secretaria de Turismo, Cultura e Desenvolvimento Econômico",2,Cultura,150070000000,Rec. Livres (Imp. e Transf. Const.),26.298.542/0001-86,SUELEN DAIANA LINDEMANN BLANK,15000.00,0,5250.00,0,5250.00
12,"Secretaria de Turismo, Cultura e Desenvolvimento Econômico",2,Cultura,150070000000,Rec. Livres (Imp. e Transf. Const.),26.549.728/0001-60,MUNCHEN TRAJES TIPICOS LTDA,1068.00,0,1068.00,0,1068.00
12,"Secretaria de Turismo, Cultura e Desenvolvimento Econômico",2,Cultura,150070000000,Rec. Livres (Imp. e Transf. Const.),29.979.036/0001-40,INSS- INSTITUTO NACIONAL DO SEGURO SOCIAL,10707.42,0,10707.42,0,9425.68
12,"Secretaria de Turismo, Cultura e Desenvolvimento Econômico",2,Cultura,150070000000,Rec. Livres (Imp. e Transf. Const.),31.038.666/0001-62,JULIANO SILVIO TAFNER,382.00,0,382.00,0,382.00
12,"Secretaria de Turismo, Cultura e Desenvolvimento Econômico",2,Cultura,150070000000,Rec. Livres (Imp. e Transf. Const.),33.149.502/0001-38,I.R. COMERCIO E MATERIAIS ELETRICOS LTDA,1174.00,0,1174.00,0,1174.00
12,"Secretaria de Turismo, Cultura e Desenvolvimento Econômico",2,Cultura,150070000000,Rec. Livres (Imp. e Transf. Const.),35.944.400/0001-30,ROTTA DO REPARO MATERIAIS DE CONSTRUÇÃO LTDA,1343.10,0,1343.10,0,1343.10
12,"Secretaria de Turismo, Cultura e Desenvolvimento Econômico",2,Cultura,150070000000,Rec. Livres (Imp. e Transf. Const.),36.225.268/0001-79,INSTALAR INSTALAÇÃO E MANUTENÇÃO LTDA,5384.93,0,5384.93,0,5384.93
12,"Secretaria de Turismo, Cultura e Desenvolvimento Econômico",2,Cultura,150070000000,Rec. Livres (Imp. e Transf. Const.),36.521.392/0002-62,GO VENDAS ELETRONICAS LTDA,530.00,0,530.00,6.36,530.00
12,"Secretaria de Turismo, Cultura e Desenvolvimento Econômico",2,Cultura,150070000000,Rec. Livres (Imp. e Transf. Const.),36.988.592/0001-49,BRIGADA PADRÃO LTDA,800.00,0,0,0,0
12,"Secretaria de Turismo, Cultura e Desenvolvimento Econômico",2,Cultura,150070000000,Rec. Livres (Imp. e Transf. Const.),37.143.430/0001-72,TSI CENTRO AUTOMOTIVO LTDA,572.81,0,572.81,0,572.81
12,"Secretaria de Turismo, Cultura e Desenvolvimento Econômico",2,Cultura,150070000000,Rec. Livres (Imp. e Transf. Const.),37.673.358/0001-95,JEAN CARLOS WILHELM 90294289968,2300.00,0,2300.00,0,2300.00
12,"Secretaria de Turismo, Cultura e Desenvolvimento Econômico",2,Cultura,150070000000,Rec. Livres (Imp. e Transf. Const.),38.092.528/0001-00,MIDAS SEGURANÇA PRIVADA LTDA,3852.00,0,2124.00,297.36,1380.96
12,"Secretaria de Turismo, Cultura e Desenvolvimento Econômico",2,Cultura,150070000000,Rec. Livres (Imp. e Transf. Const.),39.655.478/0001-95,SEBOLD INDUSTRIA DE COSMETICOS LTDA,141.12,0,141.12,1.69,141.12
12,"Secretaria de Turismo, Cultura e Desenvolvimento Econômico",2,Cultura,150070000000,Rec. Livres (Imp. e Transf. Const.),40.738.368/0001-76,GAMBA CONEXÕES COMÉRCIO ATACADISTA DE ALIMENTOS LTDA,2141.10,0,2141.10,25.69,2141.10
12,"Secretaria de Turismo, Cultura e Desenvolvimento Econômico",2,Cultura,150070000000,Rec. Livres (Imp. e Transf. Const.),44.899.803/0001-03,3B COMERCIAL LTDA,202.88,0,0,0,0
12,"Secretaria de Turismo, Cultura e Desenvolvimento Econômico",2,Cultura,150070000000,Rec. Livres (Imp. e Transf. Const.),45.747.626/0001-02,OTHALA COMERCIO LTDA,184.80,0,184.80,2.22,184.80
12,"Secretaria de Turismo, Cultura e Desenvolvimento Econômico",2,Cultura,150070000000,Rec. Livres (Imp. e Transf. Const.),49.512.790/0001-83,KINDERBABY COMERCIO DE FRALDAS E ACESSÓRIOS LTDA,223.32,0,223.32,0,223.32
12,"Secretaria de Turismo, Cultura e Desenvolvimento Econômico",2,Cultura,150070000000,Rec. Livres (Imp. e Transf. Const.),53.795.421/0001-12,M A F VILAS BOAS SERVICOS & CIA LTDA,50818.36,0,10402.86,1612.83,10402.86
12,"Secretaria de Turismo, Cultura e Desenvolvimento Econômico",2,Cultura,150070000000,Rec. Livres (Imp. e Transf. Const.),54.033.355/0001-06,OSLO SOLUÇÕES INTELIGENTES LTDA,33798.78,0,33798.78,1159.30,33798.78
12,"Secretaria de Turismo, Cultura e Desenvolvimento Econômico",2,Cultura,150070000000,Rec. Livres (Imp. e Transf. Const.),57.765.012/0001-24,MH COMERCIO LTDA,4708.71,0,4708.71,0,4708.71
12,"Secretaria de Turismo, Cultura e Desenvolvimento Econômico",2,Cultura,150070000000,Rec. Livres (Imp. e Transf. Const.),636.257.849-04,MANFREDO ZMAZEK GOEDE,409.29,832.81,409.29,0,409.29
12,"Secretaria de Turismo, Cultura e Desenvolvimento Econômico",2,Cultura,150070000000,Rec. Livres (Imp. e Transf. Const.),65.233.974/0001-60,65.233.974 MARILIA DA SILVA MORAES,2999.00,0,2999.00,0,2999.00
12,"Secretaria de Turismo, Cultura e Desenvolvimento Econômico",2,Cultura,150070000000,Rec. Livres (Imp. e Transf. Const.),65.963.439/0001-65,65.963.439 PATRICK HENRIQUE MEDEIROS DOS SANTOS,9320.00,0,9320.00,0,9320.00
12,"Secretaria de Turismo, Cultura e Desenvolvimento Econômico",2,Cultura,150070000000,Rec. Livres (Imp. e Transf. Const.),67.704.226/0001-44,67.704.226 ANA CRISTINA AJALA DOS SANTOS,3911.00,0,0,0,0
12,"Secretaria de Turismo, Cultura e Desenvolvimento Econômico",2,Cultura,150070000000,Rec. Livres (Imp. e Transf. Const.),687.132.749-53,VALERIA VALIN PROCHERA,1166.50,4025.38,1166.50,0,1166.50
12,"Secretaria de Turismo, Cultura e Desenvolvimento Econômico",2,Cultura,150070000000,Rec. Livres (Imp. e Transf. Const.),704.929.139-00,JORGE REVELINO FERREIRA,164.73,95.51,164.73,0,164.73
12,"Secretaria de Turismo, Cultura e Desenvolvimento Econômico",2,Cultura,150070000000,Rec. Livres (Imp. e Transf. Const.),72.114.903/0001-04,EXTIMBRÁS COMÉRCIO DE EXTINTORES LTDA,1611.00,0,1611.00,0,1611.00
12,"Secretaria de Turismo, Cultura e Desenvolvimento Econômico",2,Cultura,150070000000,Rec. Livres (Imp. e Transf. Const.),73.339.749/0001-31,CLUBE DE CACA E TIRO POMERODE,30000.00,0,30000.00,0,30000.00
12,"Secretaria de Turismo, Cultura e Desenvolvimento Econômico",2,Cultura,150070000000,Rec. Livres (Imp. e Transf. Const.),75.786.459/0001-61,IMPRESSORA MAYER LTDA,980.00,0,980.00,47.04,980.00
12,"Secretaria de Turismo, Cultura e Desenvolvimento Econômico",2,Cultura,150070000000,Rec. Livres (Imp. e Transf. Const.),76.327.105/0001-11,BEBIDAS GALEGO LTDA,105.00,195.00,0,0,0
12,"Secretaria de Turismo, Cultura e Desenvolvimento Econômico",2,Cultura,150070000000,Rec. Livres (Imp. e Transf. Const.),78.515.624/0009-96,CONSTRUCOLOR COMERCIO DE TINTAS LTDA,168.00,0,168.00,2.01,168.00
12,"Secretaria de Turismo, Cultura e Desenvolvimento Econômico",2,Cultura,150070000000,Rec. Livres (Imp. e Transf. Const.),79.846.465/0001-18,GOEDERT LTDA,515.20,0,515.20,6.18,6.18
12,"Secretaria de Turismo, Cultura e Desenvolvimento Econômico",2,Cultura,150070000000,Rec. Livres (Imp. e Transf. Const.),80.047.087/0001-91,CIG COMERCIO DE EMBALAGENS - EIRELI,160.00,0,160.00,0,160.00
12,"Secretaria de Turismo, Cultura e Desenvolvimento Econômico",2,Cultura,150070000000,Rec. Livres (Imp. e Transf. Const.),80.495.625/0001-00,CONFEITARIA TORTEN PARADIES LTDA,1023.21,0,576.47,6.91,576.47
12,"Secretaria de Turismo, Cultura e Desenvolvimento Econômico",2,Cultura,150070000000,Rec. Livres (Imp. e Transf. Const.),80.963.598/0001-53,ELÉTRICA ZATA LTDA,1758.00,0,1758.00,21.09,1758.00
12,"Secretaria de Turismo, Cultura e Desenvolvimento Econômico",2,Cultura,150070000000,Rec. Livres (Imp. e Transf. Const.),81.004.988/0001-69,JOCA COMERCIO DE MATERIAIS DE CONSTRUCAO LTDA,98.60,0,98.60,1.18,98.60
12,"Secretaria de Turismo, Cultura e Desenvolvimento Econômico",2,Cultura,150070000000,Rec. Livres (Imp. e Transf. Const.),82.511.643/0001-64,CONSELHO REGIONAL DE ENGENHARIA E AGRONOMIA DE SANTA CATARINA - CREA-SC,108.39,0,108.39,0,0
12,"Secretaria de Turismo, Cultura e Desenvolvimento Econômico",2,Cultura,150070000000,Rec. Livres (Imp. e Transf. Const.),82.750.258/0001-70,CLUBE DE CACA E TIRO GERMANO TIEDT,45000.00,0,45000.00,0,45000.00
12,"Secretaria de Turismo, Cultura e Desenvolvimento Econômico",2,Cultura,150070000000,Rec. Livres (Imp. e Transf. Const.),83.102.251/0001-04,MUNICÍPIO DE POMERODE,664008.74,293.47,664008.74,190319.03,663715.27
12,"Secretaria de Turismo, Cultura e Desenvolvimento Econômico",2,Cultura,150070000000,Rec. Livres (Imp. e Transf. Const.),83.170.373/0001-38,CLUBE ESPORTIVO E RECREATIVO BOTAFOGO,30000.00,0,30000.00,0,30000.00
12,"Secretaria de Turismo, Cultura e Desenvolvimento Econômico",2,Cultura,150070000000,Rec. Livres (Imp. e Transf. Const.),83.552.125/0001-51,CLUBE ESPORTIVO RECREATIVO E CULTURAL PRIMAVERA,60000.00,0,60000.00,0,60000.00
12,"Secretaria de Turismo, Cultura e Desenvolvimento Econômico",2,Cultura,150070000000,Rec. Livres (Imp. e Transf. Const.),83.788.554/0001-22,CARAMURU ESPORTE CLUBE,12000.00,0,12000.00,0,12000.00
12,"Secretaria de Turismo, Cultura e Desenvolvimento Econômico",2,Cultura,150070000000,Rec. Livres (Imp. e Transf. Const.),83.799.171/0001-50,CLUBE CULTURAL RECREATIVO E ESPORTIVO TESTO CENTRAL,45000.00,0,45000.00,0,45000.00
12,"Secretaria de Turismo, Cultura e Desenvolvimento Econômico",2,Cultura,150070000000,Rec. Livres (Imp. e Transf. Const.),85.462.323/0001-50,CLUBE DESPORTIVO E RECREATIVO PROGRESSO,30000.00,0,30000.00,0,30000.00
12,"Secretaria de Turismo, Cultura e Desenvolvimento Econômico",2,Cultura,150070000000,Rec. Livres (Imp. e Transf. Const.),85.462.331/0001-04,CLUBE ESPORTIVO RECREATIVO E CULTURAL 25 DE JULHO,45000.00,0,45000.00,0,45000.00
12,"Secretaria de Turismo, Cultura e Desenvolvimento Econômico",2,Cultura,150070000000,Rec. Livres (Imp. e Transf. Const.),863.663.415-67,ADRIANA PINHEIRO MOTA TEIXEIRA,1228.29,0,1228.29,0,1228.29
12,"Secretaria de Turismo, Cultura e Desenvolvimento Econômico",2,Cultura,150070000000,Rec. Livres (Imp. e Transf. Const.),95.855.078/0001-02,PANIFICADORA E CONFEITARIA DONA ELLA LTDA,77.02,0,77.02,0,77.02
12,"Secretaria de Turismo, Cultura e Desenvolvimento Econômico",2,Cultura,150070000000,Rec. Livres (Imp. e Transf. Const.),974.228.359-15,CARLOS HORNBURG,10928.12,0,3211.18,0,3211.18
12,"Secretaria de Turismo, Cultura e Desenvolvimento Econômico",2,Cultura,170170000033, Convênio n° 18157/2025: Festa Pomerana 41° tendas,18.010.737/0001-50,LIND GUIMAR MACHADO,149980.46,0,149980.46,12448.38,149980.46
12,"Secretaria de Turismo, Cultura e Desenvolvimento Econômico",2,Cultura,171970000000,Cultura - Lei nº 14.399/2022 (Política Nacional Aldir Blanc de Fomento à Cultura),18.933.882/0001-03,SQUADRA ASSESSORIA E CONSULTORIA LTDA,12500.00,0,0,0,0
12,"Secretaria de Turismo, Cultura e Desenvolvimento Econômico",2,Cultura,179970000001,Festa Pomerana,00.360.305/1880-73,CAIXA ECONOMICA FEDERAL,0.00,200.00,0,0,0
12,"Secretaria de Turismo, Cultura e Desenvolvimento Econômico",2,Cultura,179970000001,Festa Pomerana,005.943.099-05,HELTON LUIZ MARQUES,300.00,0,300.00,0,300.00
12,"Secretaria de Turismo, Cultura e Desenvolvimento Econômico",2,Cultura,179970000001,Festa Pomerana,007.792.159-31,ANDRÉ CRISTIANO SIEWERT,75.00,0,75.00,0,75.00
12,"Secretaria de Turismo, Cultura e Desenvolvimento Econômico",2,Cultura,179970000001,Festa Pomerana,012.674.079-80,FERNANDA PALVOESKI,300.00,0,300.00,0,300.00
12,"Secretaria de Turismo, Cultura e Desenvolvimento Econômico",2,Cultura,179970000001,Festa Pomerana,01.362.467/0001-44,PRINTSET PULSEIRAS E INGRESSOS EIRELI,1364.40,0,1364.40,16.37,1364.40
12,"Secretaria de Turismo, Cultura e Desenvolvimento Econômico",2,Cultura,179970000001,Festa Pomerana,015.390.970-64,SILVANA LUCAS LESSA,120.00,0,120.00,0,120.00
12,"Secretaria de Turismo, Cultura e Desenvolvimento Econômico",2,Cultura,179970000001,Festa Pomerana,02.255.187/0001-08,UNIFIQUE TELECOMUNICAÇÕES S/A,2731.98,0,2731.98,131.13,2731.98
12,"Secretaria de Turismo, Cultura e Desenvolvimento Econômico",2,Cultura,179970000001,Festa Pomerana,02.323.274/0001-47,KRUEGER COMÉRCIO DE MATERIAIS ELÉTRICOS E HIDRÁULICOS LTDA,6362.09,0,6362.09,76.34,6362.09
12,"Secretaria de Turismo, Cultura e Desenvolvimento Econômico",2,Cultura,179970000001,Festa Pomerana,02.374.573/0001-00,SOCIEDADE ECONOMICA DE COMUNICAÇÃO LTDA,2000.00,0,2000.00,96.00,2000.00
12,"Secretaria de Turismo, Cultura e Desenvolvimento Econômico",2,Cultura,179970000001,Festa Pomerana,02.428.765/0001-52,TV TOP LTDA,20000.00,0,20000.00,960.00,20000.00
12,"Secretaria de Turismo, Cultura e Desenvolvimento Econômico",2,Cultura,179970000001,Festa Pomerana,024.412.269-59,LILIANA  APARECIDA  MAZURKIEWIZ,200.00,0,200.00,0,200.00
12,"Secretaria de Turismo, Cultura e Desenvolvimento Econômico",2,Cultura,179970000001,Festa Pomerana,02.477.612/0001-03,BLUMEN LANDHAUS EVENTOS E PROMOÇÕES LTDA,960451.33,0,504645.33,0,504645.33
12,"Secretaria de Turismo, Cultura e Desenvolvimento Econômico",2,Cultura,179970000001,Festa Pomerana,029.456.449-75,RICARDO ALEXANDRE KLEIN,150.00,0,150.00,0,150.00
12,"Secretaria de Turismo, Cultura e Desenvolvimento Econômico",2,Cultura,179970000001,Festa Pomerana,03.148.398/0001-04,JORNAL DE POMERODE EDITORA LTDA,29710.80,0,29710.80,0,29710.80
12,"Secretaria de Turismo, Cultura e Desenvolvimento Econômico",2,Cultura,179970000001,Festa Pomerana,03.576.836/0003-99,FUNDAÇÃO SINODAL DE COMUNICAÇÃO,2000.00,0,2000.00,0,2000.00
12,"Secretaria de Turismo, Cultura e Desenvolvimento Econômico",2,Cultura,179970000001,Festa Pomerana,038.903.798-26,TÂNIA MARA HISS ANDROUKOWITCH,300.00,0,300.00,0,300.00
12,"Secretaria de Turismo, Cultura e Desenvolvimento Econômico",2,Cultura,179970000001,Festa Pomerana,03.935.091/0001-45,METROPOLITANA FM DE COMUNICAÇÃO LTDA,2016.00,0,2016.00,0,2016.00
12,"Secretaria de Turismo, Cultura e Desenvolvimento Econômico",2,Cultura,179970000001,Festa Pomerana,041.262.672-12,IVANA CONCEICAO BORGES,75.00,0,75.00,0,75.00
12,"Secretaria de Turismo, Cultura e Desenvolvimento Econômico",2,Cultura,179970000001,Festa Pomerana,042.477.949-81,SERGIO SAMUEL GOEDE,150.00,0,150.00,0,150.00
12,"Secretaria de Turismo, Cultura e Desenvolvimento Econômico",2,Cultura,179970000001,Festa Pomerana,045.759.689-94,ALMIR RAHN,150.00,0,150.00,0,150.00
12,"Secretaria de Turismo, Cultura e Desenvolvimento Econômico",2,Cultura,179970000001,Festa Pomerana,04.895.816/0001-81,SOCIEDADE VALE DE COMUNICACOES LTDA,7000.00,0,7000.00,0,7000.00
12,"Secretaria de Turismo, Cultura e Desenvolvimento Econômico",2,Cultura,179970000001,Festa Pomerana,053.350.539-92,LEONARDO CARLOS TESKE,110.00,0,110.00,0,110.00
12,"Secretaria de Turismo, Cultura e Desenvolvimento Econômico",2,Cultura,179970000001,Festa Pomerana,05.350.894/0001-63,OLI COMUNICAÇÕES LTDA,2180.00,0,2180.00,0,2180.00
12,"Secretaria de Turismo, Cultura e Desenvolvimento Econômico",2,Cultura,179970000001,Festa Pomerana,05.605.848/0001-68,PLIM PLIM ENTRETENIMENTO LTDA,220915.00,0,220915.00,4418.30,220915.00
12,"Secretaria de Turismo, Cultura e Desenvolvimento Econômico",2,Cultura,179970000001,Festa Pomerana,05.681.400/0001-23,IMPLY TECNOLOGIA ELETRÔNICA LTDA,39449.90,0,19724.95,946.80,19724.95
12,"Secretaria de Turismo, Cultura e Desenvolvimento Econômico",2,Cultura,179970000001,Festa Pomerana,06.245.175/0001-45,KATHIA KAHT,1125.00,0,1125.00,54.00,1125.00
12,"Secretaria de Turismo, Cultura e Desenvolvimento Econômico",2,Cultura,179970000001,Festa Pomerana,065.221.249-20,MOACIR CRISTIANO KRUEGER,295.00,0,295.00,0,295.00
12,"Secretaria de Turismo, Cultura e Desenvolvimento Econômico",2,Cultura,179970000001,Festa Pomerana,065.486.379-25,BRUNA TIEDT NIENOW,300.00,0,300.00,0,300.00
12,"Secretaria de Turismo, Cultura e Desenvolvimento Econômico",2,Cultura,179970000001,Festa Pomerana,066.124.629-90,YASMIN JANDRE PISKE,110.00,0,110.00,0,110.00
12,"Secretaria de Turismo, Cultura e Desenvolvimento Econômico",2,Cultura,179970000001,Festa Pomerana,068.102.309-04,DENISE TRIBESS,650.00,0,650.00,0,650.00
12,"Secretaria de Turismo, Cultura e Desenvolvimento Econômico",2,Cultura,179970000001,Festa Pomerana,068.310.699-67,DAIANE GUTZ,90.00,0,90.00,0,90.00
12,"Secretaria de Turismo, Cultura e Desenvolvimento Econômico",2,Cultura,179970000001,Festa Pomerana,069.075.349-75,ALESANDRA DANIELA HEIN,330.00,0,330.00,0,330.00
12,"Secretaria de Turismo, Cultura e Desenvolvimento Econômico",2,Cultura,179970000001,Festa Pomerana,07.049.921/0001-98,VALE EUROPEU PUBLICIDADE E PROPAGANDA LTDA,2016.00,0,2016.00,96.77,2016.00
12,"Secretaria de Turismo, Cultura e Desenvolvimento Econômico",2,Cultura,179970000001,Festa Pomerana,07.065.300/0001-06,CLUBE DOS ATIRADORES DE POMERODE,101390.00,0,101390.00,0,101390.00
12,"Secretaria de Turismo, Cultura e Desenvolvimento Econômico",2,Cultura,179970000001,Festa Pomerana,07.317.813/0001-59,MAXXLIMP HIGIENE E LIMPEZA LTDA,2075.00,0,2075.00,0,2075.00
12,"Secretaria de Turismo, Cultura e Desenvolvimento Econômico",2,Cultura,179970000001,Festa Pomerana,07.448.130/0001-30,SELL MADEIRAS E GUINDASTES LTDA,1700.00,0.50,1700.00,0,1700.00
12,"Secretaria de Turismo, Cultura e Desenvolvimento Econômico",2,Cultura,179970000001,Festa Pomerana,07.453.253/0001-60,ASSOCIACAO DOS MUSICOS PROFISSIONAIS DE POMERODE - AMUSPE,1703900.00,141000.00,851950.00,0,851950.00
12,"Secretaria de Turismo, Cultura e Desenvolvimento Econômico",2,Cultura,179970000001,Festa Pomerana,074.691.589-60,DILSON MAURO PRADA,100.00,0,100.00,0,100.00
12,"Secretaria de Turismo, Cultura e Desenvolvimento Econômico",2,Cultura,179970000001,Festa Pomerana,076.414.629-79,EDUARDA CRISTINA BARTH VIDOLIN,220.00,0,220.00,0,220.00
12,"Secretaria de Turismo, Cultura e Desenvolvimento Econômico",2,Cultura,179970000001,Festa Pomerana,085.527.459-09,LUIS FELIPE RUEDIGER,300.00,0,300.00,0,300.00
12,"Secretaria de Turismo, Cultura e Desenvolvimento Econômico",2,Cultura,179970000001,Festa Pomerana,08.903.085/0001-20,PROBIER CERVEJARIA LTDA,292406.80,0,292406.80,0,292406.80
12,"Secretaria de Turismo, Cultura e Desenvolvimento Econômico",2,Cultura,179970000001,Festa Pomerana,08.945.050/0001-53,JORNAL O CORREIO DO POVO LTDA,2000.00,0,2000.00,96.00,2000.00
12,"Secretaria de Turismo, Cultura e Desenvolvimento Econômico",2,Cultura,179970000001,Festa Pomerana,09.037.218/0001-95,S.A.C. COMUNICACAO LTDA,2000.00,0,2000.00,0,2000.00
12,"Secretaria de Turismo, Cultura e Desenvolvimento Econômico",2,Cultura,179970000001,Festa Pomerana,09.328.570/0001-80,SUELI MARY LINHARES,241989.05,0,241989.05,0,241989.05
12,"Secretaria de Turismo, Cultura e Desenvolvimento Econômico",2,Cultura,179970000001,Festa Pomerana,099.382.239-82,ARTHUR MORO SCHORR,120.00,0,120.00,0,120.00
12,"Secretaria de Turismo, Cultura e Desenvolvimento Econômico",2,Cultura,179970000001,Festa Pomerana,099.582.819-96,HORTÊNCIA APARECIDA DE SOUZA,120.00,0,120.00,0,120.00
12,"Secretaria de Turismo, Cultura e Desenvolvimento Econômico",2,Cultura,179970000001,Festa Pomerana,11.290.398/0001-64,LATITUDE EVENTOS LTDA,90000.00,0,90000.00,0,90000.00
12,"Secretaria de Turismo, Cultura e Desenvolvimento Econômico",2,Cultura,179970000001,Festa Pomerana,13.281.756/0001-06,ANJOS DA VIDA GESTÃO EM SAÚDE LTDA,57802.00,0,57802.00,693.62,57802.00
12,"Secretaria de Turismo, Cultura e Desenvolvimento Econômico",2,Cultura,179970000001,Festa Pomerana,13.340.171/0001-01,SOPRINT COMUNICACAO VISUAL LTDA,19549.30,0,19549.30,0,19549.30
12,"Secretaria de Turismo, Cultura e Desenvolvimento Econômico",2,Cultura,179970000001,Festa Pomerana,13.761.520/0001-69,ALEXANDRE ANDREIS BAUER 03225964913,4200.00,0,4200.00,0,4200.00
12,"Secretaria de Turismo, Cultura e Desenvolvimento Econômico",2,Cultura,179970000001,Festa Pomerana,13.965.228/0001-68,JLM DISTRIBUIDORA BR LTDA,6400.80,0,6400.80,76.81,6400.80
12,"Secretaria de Turismo, Cultura e Desenvolvimento Econômico",2,Cultura,179970000001,Festa Pomerana,14.928.256/0001-78,IMPLY RENTAL LOCAÇÃO DE EQUIPAMENTOS E SERVIÇOS LTDA,118349.68,0,59174.84,2840.40,59174.84
12,"Secretaria de Turismo, Cultura e Desenvolvimento Econômico",2,Cultura,179970000001,Festa Pomerana,15.555.787/0001-25,TESTO EDITORA E EVENTOS LTDA,6000.00,0,6000.00,0,6000.00
12,"Secretaria de Turismo, Cultura e Desenvolvimento Econômico",2,Cultura,179970000001,Festa Pomerana,16.937.999/0001-30,RAITER EDITORA E EVENTOS LTDA ME,3000.00,0,3000.00,0,3000.00
12,"Secretaria de Turismo, Cultura e Desenvolvimento Econômico",2,Cultura,179970000001,Festa Pomerana,17.003.388/0001-87,17.003.388 RONALD KREIDEL,44400.00,0,44400.00,0,44400.00
12,"Secretaria de Turismo, Cultura e Desenvolvimento Econômico",2,Cultura,179970000001,Festa Pomerana,18.010.737/0001-50,LIND GUIMAR MACHADO,1135039.08,100000.00,567519.54,47104.12,567519.54
12,"Secretaria de Turismo, Cultura e Desenvolvimento Econômico",2,Cultura,179970000001,Festa Pomerana,18.229.031/0001-84,DE MORAES SANTANA E CIA LTDA,161983.65,0,161983.65,0,161983.65
12,"Secretaria de Turismo, Cultura e Desenvolvimento Econômico",2,Cultura,179970000001,Festa Pomerana,18.336.475/0001-19,CELETA SERVICOS LTDA,250652.18,17663.19,113868.79,12525.56,113868.79
12,"Secretaria de Turismo, Cultura e Desenvolvimento Econômico",2,Cultura,179970000001,Festa Pomerana,20.196.764/0001-01,INDÚSTRIA E COMÉRCIO DE BEBIDAS JARAGUÁ LTDA,637788.30,0,637788.30,0,637788.30
12,"Secretaria de Turismo, Cultura e Desenvolvimento Econômico",2,Cultura,179970000001,Festa Pomerana,20.777.766/0001-94,20.777.766 ORLEI COMMUNELLO,6494.00,0,6494.00,0,6494.00
12,"Secretaria de Turismo, Cultura e Desenvolvimento Econômico",2,Cultura,179970000001,Festa Pomerana,21.010.944/0001-10,DONA CECILIA BISTRO RESTAURANTE LTDA,91901.16,0,91901.16,0,91901.16
12,"Secretaria de Turismo, Cultura e Desenvolvimento Econômico",2,Cultura,179970000001,Festa Pomerana,21.214.246/0001-36,CERVEJARIA MAESTRO LTDA,688629.20,0,688629.20,0,688629.20
12,"Secretaria de Turismo, Cultura e Desenvolvimento Econômico",2,Cultura,179970000001,Festa Pomerana,21.635.795/0001-84,NEOBLU IMPRESSOS DIGITAIS LTDA,3180.58,0,3180.58,0,3180.58
12,"Secretaria de Turismo, Cultura e Desenvolvimento Econômico",2,Cultura,179970000001,Festa Pomerana,21.794.608/0001-05,21.794.608 LUIZ CARLOS DA COSTA,2000.00,0,2000.00,0,2000.00
12,"Secretaria de Turismo, Cultura e Desenvolvimento Econômico",2,Cultura,179970000001,Festa Pomerana,22.251.898/0001-03,MANAGEMENT MIDIAS SOCIAIS LTDA,2000.00,0,2000.00,0,2000.00
12,"Secretaria de Turismo, Cultura e Desenvolvimento Econômico",2,Cultura,179970000001,Festa Pomerana,22.637.568/0001-50,RDC PRESTADORA DE SERVICOS LTDA,30886.80,8096.37,30886.80,3397.54,30886.80
12,"Secretaria de Turismo, Cultura e Desenvolvimento Econômico",2,Cultura,179970000001,Festa Pomerana,22.809.674/0001-74,FATIAZZO RESTAURANTE E PIZZARIA LTDA,185170.20,80.00,185170.20,0,185170.20
12,"Secretaria de Turismo, Cultura e Desenvolvimento Econômico",2,Cultura,179970000001,Festa Pomerana,22.932.424/0001-27,ANA MARILDA NOVACOSKI NUNES,1480.00,0,1480.00,0,1480.00
12,"Secretaria de Turismo, Cultura e Desenvolvimento Econômico",2,Cultura,179970000001,Festa Pomerana,23.499.848/0001-02,BLOG DO JAIME NOTICIAS DE BLUMENAU LTDA,2000.00,0,2000.00,0,2000.00
12,"Secretaria de Turismo, Cultura e Desenvolvimento Econômico",2,Cultura,179970000001,Festa Pomerana,24.110.705/0001-20,TV BLUMENAUENSE DE COMUNICAÇÃO LTDA,2000.00,0,2000.00,0,2000.00
12,"Secretaria de Turismo, Cultura e Desenvolvimento Econômico",2,Cultura,179970000001,Festa Pomerana,26.549.728/0001-60,MUNCHEN TRAJES TIPICOS LTDA,2250.00,0,2250.00,0,2250.00
12,"Secretaria de Turismo, Cultura e Desenvolvimento Econômico",2,Cultura,179970000001,Festa Pomerana,29.083.955/0001-31,K & G DISTRIBUIDORA E EVENTOS LTDA,75374.60,0,75374.60,904.50,75374.60
12,"Secretaria de Turismo, Cultura e Desenvolvimento Econômico",2,Cultura,179970000001,Festa Pomerana,30.022.262/0001-18,ELEVEN360 TECNOLOGIA DE INFORMAÇÃO LTDA,864416.70,25950.40,537372.72,25793.89,537372.72
12,"Secretaria de Turismo, Cultura e Desenvolvimento Econômico",2,Cultura,179970000001,Festa Pomerana,319.877.488-83,NATIANE HISS ANDROUKOWITCH VELZ,1150.00,0,1150.00,0,1150.00
12,"Secretaria de Turismo, Cultura e Desenvolvimento Econômico",2,Cultura,179970000001,Festa Pomerana,34.552.780/0001-02,ASSOCIACAO DOS CERVEJEIROS ARTESANAIS DE POMERODE,344997.30,0,344997.30,0,344997.30
12,"Secretaria de Turismo, Cultura e Desenvolvimento Econômico",2,Cultura,179970000001,Festa Pomerana,35.605.748/0001-00,TRANSPORTE E TURISMO CONTINI LTDA,1855.30,0,1855.30,0,1855.30
12,"Secretaria de Turismo, Cultura e Desenvolvimento Econômico",2,Cultura,179970000001,Festa Pomerana,420.910.209-15,RUDIBERT KRAUSE,240.00,0,240.00,0,240.00
12,"Secretaria de Turismo, Cultura e Desenvolvimento Econômico",2,Cultura,179970000001,Festa Pomerana,420.916.679-00,INGO BLANK,90.00,0,90.00,0,90.00
12,"Secretaria de Turismo, Cultura e Desenvolvimento Econômico",2,Cultura,179970000001,Festa Pomerana,42.918.077/0001-95,JARAGUÁ MASTER HALL EVENTOS LTDA,354676.10,0,354676.10,0,354676.10
12,"Secretaria de Turismo, Cultura e Desenvolvimento Econômico",2,Cultura,179970000001,Festa Pomerana,45.230.082/0002-80,GUARASEG SEGURANÇA PRIVADA LTDA,119978.20,100000.00,59989.10,6972.79,59989.10
12,"Secretaria de Turismo, Cultura e Desenvolvimento Econômico",2,Cultura,179970000001,Festa Pomerana,490.285.299-34,JOSÉ AVANZINI,200.00,0,200.00,0,200.00
12,"Secretaria de Turismo, Cultura e Desenvolvimento Econômico",2,Cultura,179970000001,Festa Pomerana,50.694.267/0001-02,CASA 21 WINE BAR LTDA,33071.76,12720.87,16535.88,0,16535.88
12,"Secretaria de Turismo, Cultura e Desenvolvimento Econômico",2,Cultura,179970000001,Festa Pomerana,50.928.116/0001-63,50928116 MARCOS GUBER,280647.05,0,280647.05,0,280647.05
12,"Secretaria de Turismo, Cultura e Desenvolvimento Econômico",2,Cultura,179970000001,Festa Pomerana,52.015.360/0001-60,EVANDRO DE ASSIS ASSESSORIA E CONSULTORIA LTDA,10200.00,0,10200.00,0,10200.00
12,"Secretaria de Turismo, Cultura e Desenvolvimento Econômico",2,Cultura,179970000001,Festa Pomerana,53.424.994/0001-30,CE AUTOMAÇÃO INDUSTRIAL LTDA,5000.00,0,5000.00,0,5000.00
12,"Secretaria de Turismo, Cultura e Desenvolvimento Econômico",2,Cultura,179970000001,Festa Pomerana,543.493.469-53,IVO BLANK,90.00,0,90.00,0,90.00
12,"Secretaria de Turismo, Cultura e Desenvolvimento Econômico",2,Cultura,179970000001,Festa Pomerana,55.424.472/0001-63,SILVIO EVENTOS LTDA,171939.70,0,171939.70,0,171939.70
12,"Secretaria de Turismo, Cultura e Desenvolvimento Econômico",2,Cultura,179970000001,Festa Pomerana,57.224.567/0001-69,VIBRAS COMUNICAÇÃO LTDA.,5000.00,7000.00,2500.00,0,2500.00
12,"Secretaria de Turismo, Cultura e Desenvolvimento Econômico",2,Cultura,179970000001,Festa Pomerana,59.095.551/0001-29,PRICE GASTRONOMIA PARA EVENTOS LTDA,717944.50,0,717944.50,0,717944.50
12,"Secretaria de Turismo, Cultura e Desenvolvimento Econômico",2,Cultura,179970000001,Festa Pomerana,61.198.164/0001-60,PORTO SEGURO CIA DE SEGUROS GERAIS,25917.22,0,25917.22,622.01,25917.22
12,"Secretaria de Turismo, Cultura e Desenvolvimento Econômico",2,Cultura,179970000001,Festa Pomerana,61.635.188/0001-39,61.635.188 NILO LUIZ RONCHETTI,2500.00,0,2500.00,0,2500.00
12,"Secretaria de Turismo, Cultura e Desenvolvimento Econômico",2,Cultura,179970000001,Festa Pomerana,61.915.852/0001-01,ALTA AMBIENTAL LTDA,3240.00,0,3240.00,64.80,3240.00
12,"Secretaria de Turismo, Cultura e Desenvolvimento Econômico",2,Cultura,179970000001,Festa Pomerana,63.576.550/0001-73,63.576.550 YASMIN DUARTE KOEHN,4600.00,0,4600.00,0,4600.00
12,"Secretaria de Turismo, Cultura e Desenvolvimento Econômico",2,Cultura,179970000001,Festa Pomerana,658.108.649-53,SALETE BUSARELLO KRIEK,75.00,0,75.00,0,75.00
12,"Secretaria de Turismo, Cultura e Desenvolvimento Econômico",2,Cultura,179970000001,Festa Pomerana,65.847.114/0001-17,OLI COMUNICAÇÃO VISUAL LTDA,600.00,0,600.00,0,600.00
12,"Secretaria de Turismo, Cultura e Desenvolvimento Econômico",2,Cultura,179970000001,Festa Pomerana,670.461.009-00,SILVIO KLOTZ,350.00,0,350.00,0,350.00
12,"Secretaria de Turismo, Cultura e Desenvolvimento Econômico",2,Cultura,179970000001,Festa Pomerana,683.401.099-87,IVONE PAYERL,75.00,0,75.00,0,75.00
12,"Secretaria de Turismo, Cultura e Desenvolvimento Econômico",2,Cultura,179970000001,Festa Pomerana,692.974.019-53,ADELINA GUTZ,380.00,0,380.00,0,380.00
12,"Secretaria de Turismo, Cultura e Desenvolvimento Econômico",2,Cultura,179970000001,Festa Pomerana,698.906.099-91,LEANCATIA ENGELS DE MELO,1100.00,0,1100.00,0,1100.00
12,"Secretaria de Turismo, Cultura e Desenvolvimento Econômico",2,Cultura,179970000001,Festa Pomerana,75.293.126/0001-09,RÁDIO POMERODE LTDA,7000.00,0,7000.00,0,7000.00
12,"Secretaria de Turismo, Cultura e Desenvolvimento Econômico",2,Cultura,179970000001,Festa Pomerana,76.492.305/0002-00,EMPRESA DE AGUAS OURO FINO LTDA,3055.50,18.90,3055.50,36.66,3055.50
12,"Secretaria de Turismo, Cultura e Desenvolvimento Econômico",2,Cultura,179970000001,Festa Pomerana,794.003.299-20,OSNY KRUEGER,110.00,0,110.00,0,110.00
12,"Secretaria de Turismo, Cultura e Desenvolvimento Econômico",2,Cultura,179970000001,Festa Pomerana,79.901.716/0001-10,VANGUARDA PRODUÇÕES E MARKETING LTDA,2000.00,0,2000.00,0,2000.00
12,"Secretaria de Turismo, Cultura e Desenvolvimento Econômico",2,Cultura,179970000001,Festa Pomerana,80.069.289/0001-34,FREE REICHERT COMUNICAÇÃO LTDA,78743.18,36.64,77388.68,3707.43,77388.68
12,"Secretaria de Turismo, Cultura e Desenvolvimento Econômico",2,Cultura,179970000001,Festa Pomerana,80.495.625/0001-00,CONFEITARIA TORTEN PARADIES LTDA,1114.56,0,1114.56,13.37,1114.56
12,"Secretaria de Turismo, Cultura e Desenvolvimento Econômico",2,Cultura,179970000001,Festa Pomerana,81.518.839/0001-18,RADIO BELOS VALES LTDA,1850.00,0,1850.00,88.80,1850.00
12,"Secretaria de Turismo, Cultura e Desenvolvimento Econômico",2,Cultura,179970000001,Festa Pomerana,81.554.065/0001-80,REDE FRONTEIRA DE COMUNICACAO LTDA,2000.00,0,2000.00,0,2000.00
12,"Secretaria de Turismo, Cultura e Desenvolvimento Econômico",2,Cultura,179970000001,Festa Pomerana,82.645.029/0001-95,TV COLIGADAS DE SANTA CATARINA S A,10294.40,0,10294.40,494.13,10294.40
12,"Secretaria de Turismo, Cultura e Desenvolvimento Econômico",2,Cultura,179970000001,Festa Pomerana,82.650.797/0001-37,RADIO NEREU RAMOS LTDA,4048.00,0,4048.00,0,4048.00
12,"Secretaria de Turismo, Cultura e Desenvolvimento Econômico",2,Cultura,179970000001,Festa Pomerana,82.951.310/0001-56,SECRETARIA DE ESTADO DA FAZENDA,21000.40,0,21000.40,0,21000.40
12,"Secretaria de Turismo, Cultura e Desenvolvimento Econômico",2,Cultura,179970000001,Festa Pomerana,83.012.013/0001-08,TELEVISÃO LAGES LTDA,10000.00,146.54,10000.00,480.00,10000.00
12,"Secretaria de Turismo, Cultura e Desenvolvimento Econômico",2,Cultura,179970000001,Festa Pomerana,83.093.666/0001-69,RADIO MENINA TROPICAL FM LTDA - EPP,2000.00,0,2000.00,96.00,2000.00
12,"Secretaria de Turismo, Cultura e Desenvolvimento Econômico",2,Cultura,179970000001,Festa Pomerana,852.215.629-87,SIGMAR ALBIN WOIDE,75.00,0,75.00,0,75.00
12,"Secretaria de Turismo, Cultura e Desenvolvimento Econômico",2,Cultura,179970000001,Festa Pomerana,919.855.879-04,THEO DAVID TRIBESS,300.00,0,300.00,0,300.00
12,"Secretaria de Turismo, Cultura e Desenvolvimento Econômico",2,Cultura,179970000001,Festa Pomerana,942.473.159-00,ALESSANDRA SCHWANTZ LUCKT,650.00,0,650.00,0,650.00
12,"Secretaria de Turismo, Cultura e Desenvolvimento Econômico",2,Cultura,179970000001,Festa Pomerana,95.820.676/0001-38,ARNALDI CESAR GADOTTI LTDA,101491.90,0,101491.90,0,101491.90
12,"Secretaria de Turismo, Cultura e Desenvolvimento Econômico",2,Cultura,179970000001,Festa Pomerana,95.855.078/0001-02,PANIFICADORA E CONFEITARIA DONA ELLA LTDA,1190.72,0,1190.72,0,1190.72
12,"Secretaria de Turismo, Cultura e Desenvolvimento Econômico",2,Cultura,179970000001,Festa Pomerana,985.633.789-53,ROSELI PEIN,550.00,0,550.00,0,550.00
12,"Secretaria de Turismo, Cultura e Desenvolvimento Econômico",2,Cultura,250070000000,Rec. Livres (Imp. e Transf. Const.),85.462.315/0001-03,CLUBE CULTURAL CACA E TIRO 15 DE NOVEMBRO,39500.00,0,39500.00,0,39500.00
12,"Secretaria de Turismo, Cultura e Desenvolvimento Econômico",2,Cultura,250170000000,Rec. Livres,22.873.334/0001-02,ASSOCIACAO CULTURAL CORPO DE BAILE DE POMERODE,77470.00,0,38735.00,0,38735.00
12,"Secretaria de Turismo, Cultura e Desenvolvimento Econômico",2,Cultura,279970000001,Festa Pomerana,02.477.612/0001-03,BLUMEN LANDHAUS EVENTOS E PROMOÇÕES LTDA,64660.67,0,64660.67,0,64660.67
12,"Secretaria de Turismo, Cultura e Desenvolvimento Econômico",2,Cultura,279970000001,Festa Pomerana,21.214.246/0001-36,CERVEJARIA MAESTRO LTDA,47512.00,0,47512.00,0,47512.00
12,"Secretaria de Turismo, Cultura e Desenvolvimento Econômico",3,Fundo Municipal do Desenvolvimento do Turismo,150070000000,Rec. Livres (Imp. e Transf. Const.),11.078.907/0001-90,ASSOCIAÇÃO VISITE POMERODE - AVIP,211000.00,0,211000.00,0,211000.00
12,"Secretaria de Turismo, Cultura e Desenvolvimento Econômico",3,Fundo Municipal do Desenvolvimento do Turismo,175970000004,FUNDETUR,11.078.907/0001-90,ASSOCIAÇÃO VISITE POMERODE - AVIP,0.00,53261.62,0.00,0,0.00
12,"Secretaria de Turismo, Cultura e Desenvolvimento Econômico",3,Fundo Municipal do Desenvolvimento do Turismo,250070000000,Rec. Livres (Imp. e Transf. Const.),11.078.907/0001-90,ASSOCIAÇÃO VISITE POMERODE - AVIP,59000.00,0,59000.00,0,59000.00
12,"Secretaria de Turismo, Cultura e Desenvolvimento Econômico",5,Desenvolvimento Econômico,150070000000,Rec. Livres (Imp. e Transf. Const.),00.736.251/0001-39,QUALICOPY SERVIÇOS E COMÉRCIO LTDA,40.50,0,40.50,0,40.50
12,"Secretaria de Turismo, Cultura e Desenvolvimento Econômico",5,Desenvolvimento Econômico,150070000000,Rec. Livres (Imp. e Transf. Const.),02.323.274/0001-47,KRUEGER COMÉRCIO DE MATERIAIS ELÉTRICOS E HIDRÁULICOS LTDA,99.95,0,99.95,1.19,99.95
12,"Secretaria de Turismo, Cultura e Desenvolvimento Econômico",5,Desenvolvimento Econômico,150070000000,Rec. Livres (Imp. e Transf. Const.),02.763.906/0001-93,PARCERIA - ADMINISTRAÇÃO E PARTICIPAÇÕES LTDA,8666.40,0,4333.20,207.99,4333.20
12,"Secretaria de Turismo, Cultura e Desenvolvimento Econômico",5,Desenvolvimento Econômico,150070000000,Rec. Livres (Imp. e Transf. Const.),04.533.821/0001-44,FUNDO DE APOSENTADORIA E PENSOES,13961.96,0,13961.96,0,11692.02
12,"Secretaria de Turismo, Cultura e Desenvolvimento Econômico",5,Desenvolvimento Econômico,150070000000,Rec. Livres (Imp. e Transf. Const.),04.724.655/0001-63,COPY LINE COMÉRCIO E SERVIÇOS LTDA,2736.00,0,864.00,6.91,864.00
12,"Secretaria de Turismo, Cultura e Desenvolvimento Econômico",5,Desenvolvimento Econômico,150070000000,Rec. Livres (Imp. e Transf. Const.),08.336.783/0001-90,CELESC DISTRIBUICAO S.A,12534.00,0,4734.00,56.82,4734.00
12,"Secretaria de Turismo, Cultura e Desenvolvimento Econômico",5,Desenvolvimento Econômico,150070000000,Rec. Livres (Imp. e Transf. Const.),088.664.249-35,LUCAS COELHO SOUZA ROSA,224.23,334.47,224.23,0,224.23
12,"Secretaria de Turismo, Cultura e Desenvolvimento Econômico",5,Desenvolvimento Econômico,150070000000,Rec. Livres (Imp. e Transf. Const.),114.535.489-04,GISELLY CRISTINA DOS SANTOS,3262.90,0,3262.90,0,3262.90
12,"Secretaria de Turismo, Cultura e Desenvolvimento Econômico",5,Desenvolvimento Econômico,150070000000,Rec. Livres (Imp. e Transf. Const.),121.745.269-99,JOÃO VICTOR DANIEL,3765.47,0,3765.47,0,3765.47
12,"Secretaria de Turismo, Cultura e Desenvolvimento Econômico",5,Desenvolvimento Econômico,150070000000,Rec. Livres (Imp. e Transf. Const.),122.250.509-61,ISABELLE VITORIA STEINERT,1125.14,0,1125.14,0,1125.14
12,"Secretaria de Turismo, Cultura e Desenvolvimento Econômico",5,Desenvolvimento Econômico,150070000000,Rec. Livres (Imp. e Transf. Const.),134.414.119-60,GABRIELLA NASCIMENTO BARBOSA,3143.16,0,3143.16,0,3143.16
12,"Secretaria de Turismo, Cultura e Desenvolvimento Econômico",5,Desenvolvimento Econômico,150070000000,Rec. Livres (Imp. e Transf. Const.),21.613.975/0001-65,TECNOBLU COMÉRCIO DE REFRIGERAÇÃO LTDA,618.13,0,618.13,7.42,618.13
12,"Secretaria de Turismo, Cultura e Desenvolvimento Econômico",5,Desenvolvimento Econômico,150070000000,Rec. Livres (Imp. e Transf. Const.),22.637.568/0001-50,RDC PRESTADORA DE SERVICOS LTDA,149.45,0,149.45,16.43,149.45
12,"Secretaria de Turismo, Cultura e Desenvolvimento Econômico",5,Desenvolvimento Econômico,150070000000,Rec. Livres (Imp. e Transf. Const.),24.448.705/0001-34,HB SONORIZAÇÃO E EVENTOS LTDA,4500.00,0,4500.00,373.50,4500.00
12,"Secretaria de Turismo, Cultura e Desenvolvimento Econômico",5,Desenvolvimento Econômico,150070000000,Rec. Livres (Imp. e Transf. Const.),29.979.036/0001-40,INSS- INSTITUTO NACIONAL DO SEGURO SOCIAL,17629.57,0,17629.57,0,15035.26
12,"Secretaria de Turismo, Cultura e Desenvolvimento Econômico",5,Desenvolvimento Econômico,150070000000,Rec. Livres (Imp. e Transf. Const.),36.225.268/0001-79,INSTALAR INSTALAÇÃO E MANUTENÇÃO LTDA,1183.40,0,1183.40,0,1183.40
12,"Secretaria de Turismo, Cultura e Desenvolvimento Econômico",5,Desenvolvimento Econômico,150070000000,Rec. Livres (Imp. e Transf. Const.),38.613.730/0001-30,JM PAPELARIA LTDA,116.98,0,116.98,1.40,116.98
12,"Secretaria de Turismo, Cultura e Desenvolvimento Econômico",5,Desenvolvimento Econômico,150070000000,Rec. Livres (Imp. e Transf. Const.),80.495.625/0001-00,CONFEITARIA TORTEN PARADIES LTDA,172.60,0,172.60,2.05,172.60
12,"Secretaria de Turismo, Cultura e Desenvolvimento Econômico",5,Desenvolvimento Econômico,150070000000,Rec. Livres (Imp. e Transf. Const.),82.515.859/0001-06,SERVIÇO DE APOIO ÀS MICRO E PEQUENAS EMPRESAS DE SANTA CATARINA,192103.11,0,82330.38,0,82330.38
12,"Secretaria de Turismo, Cultura e Desenvolvimento Econômico",5,Desenvolvimento Econômico,150070000000,Rec. Livres (Imp. e Transf. Const.),83.102.251/0001-04,MUNICÍPIO DE POMERODE,223427.41,0,223427.41,77556.56,223427.41
12,"Secretaria de Turismo, Cultura e Desenvolvimento Econômico",5,Desenvolvimento Econômico,150070000000,Rec. Livres (Imp. e Transf. Const.),95.855.078/0001-02,PANIFICADORA E CONFEITARIA DONA ELLA LTDA,857.98,0.04,486.58,0,486.58
12,"Secretaria de Turismo, Cultura e Desenvolvimento Econômico",5,Desenvolvimento Econômico,250070000000,Rec. Livres (Imp. e Transf. Const.),02.763.906/0001-93,PARCERIA - ADMINISTRAÇÃO E PARTICIPAÇÕES LTDA,19618.95,0,6036.60,289.72,6036.60
12,"Secretaria de Turismo, Cultura e Desenvolvimento Econômico",5,Desenvolvimento Econômico,250170000000,Rec. Livres,13.965.228/0001-68,JLM DISTRIBUIDORA BR LTDA,231.04,0,0,0,0
12,"Secretaria de Turismo, Cultura e Desenvolvimento Econômico",5,Desenvolvimento Econômico,250170000000,Rec. Livres,47.059.192/0001-75,INSTITUTO DE DESENVOLVIMENTO ECONÔMICO LOCAL -I-DEL,144000.00,0,0,0,0
12,"Secretaria de Turismo, Cultura e Desenvolvimento Econômico",5,Desenvolvimento Econômico,250170000000,Rec. Livres,80.495.625/0001-00,CONFEITARIA TORTEN PARADIES LTDA,48.88,0,48.88,0.58,48.88
12,"Secretaria de Turismo, Cultura e Desenvolvimento Econômico",5,Desenvolvimento Econômico,250170000000,Rec. Livres,95.855.078/0001-02,PANIFICADORA E CONFEITARIA DONA ELLA LTDA,378.16,0,231.08,0,112.00
13,Secretaria de Desenvolvimento Social e Habitação,1,Fundo Municipal da Assistência Social,150070000000,Rec. Livres (Imp. e Transf. Const.),00.000.000/2472-43,BANCO DO BRASIL SA,1374.21,115.24,589.45,0,589.45
13,Secretaria de Desenvolvimento Social e Habitação,1,Fundo Municipal da Assistência Social,150070000000,Rec. Livres (Imp. e Transf. Const.),00.360.305/1880-73,CAIXA ECONOMICA FEDERAL,1479.00,56.50,535.50,0,535.50
13,Secretaria de Desenvolvimento Social e Habitação,1,Fundo Municipal da Assistência Social,150070000000,Rec. Livres (Imp. e Transf. Const.),003.812.809-85,CRISTIANE VALCANAYA SCHONEWALD,405.25,0,405.25,0,405.25
13,Secretaria de Desenvolvimento Social e Habitação,1,Fundo Municipal da Assistência Social,150070000000,Rec. Livres (Imp. e Transf. Const.),004.947.280-19,VIVIEN FERREIRA DE LIMA,4863.00,0,4863.00,0,4863.00
13,Secretaria de Desenvolvimento Social e Habitação,1,Fundo Municipal da Assistência Social,150070000000,Rec. Livres (Imp. e Transf. Const.),005.476.749-02,LUIS AUGUSTO SPRANGER,24502.50,0,7100.00,1010.47,7100.00
13,Secretaria de Desenvolvimento Social e Habitação,1,Fundo Municipal da Assistência Social,150070000000,Rec. Livres (Imp. e Transf. Const.),007.456.539-79,FABIANA RADUENZ MORSCH,405.25,0,405.25,0,405.25
13,Secretaria de Desenvolvimento Social e Habitação,1,Fundo Municipal da Assistência Social,150070000000,Rec. Livres (Imp. e Transf. Const.),009.154.559-51,ANTÔNIO CARLOS POSTAI,24893.35,0,24893.35,0,21651.35
13,Secretaria de Desenvolvimento Social e Habitação,1,Fundo Municipal da Assistência Social,150070000000,Rec. Livres (Imp. e Transf. Const.),019.770.389-56,CLAUDETE DE FRANCA,11347.00,0,11347.00,0,11347.00
13,Secretaria de Desenvolvimento Social e Habitação,1,Fundo Municipal da Assistência Social,150070000000,Rec. Livres (Imp. e Transf. Const.),022.062.399-65,INEZ DA APARECIDA MOTTA,9726.00,0,9726.00,0,9726.00
13,Secretaria de Desenvolvimento Social e Habitação,1,Fundo Municipal da Assistência Social,150070000000,Rec. Livres (Imp. e Transf. Const.),022.436.789-77,ASTA HOFFMANN,405.25,0,405.25,0,405.25
13,Secretaria de Desenvolvimento Social e Habitação,1,Fundo Municipal da Assistência Social,150070000000,Rec. Livres (Imp. e Transf. Const.),02.255.187/0001-08,UNIFIQUE TELECOMUNICAÇÕES S/A,1931.20,0,1448.40,69.51,1448.40
13,Secretaria de Desenvolvimento Social e Habitação,1,Fundo Municipal da Assistência Social,150070000000,Rec. Livres (Imp. e Transf. Const.),023.304.219-90,JAIR ALBERTO SCHWEIZER,223.82,204.51,223.82,0,223.82
13,Secretaria de Desenvolvimento Social e Habitação,1,Fundo Municipal da Assistência Social,150070000000,Rec. Livres (Imp. e Transf. Const.),02.667.539/0001-24,CENTRO DE CONVIVENCIA POMMERN HEIM,390000.00,0,195000.00,0,175200.00
13,Secretaria de Desenvolvimento Social e Habitação,1,Fundo Municipal da Assistência Social,150070000000,Rec. Livres (Imp. e Transf. Const.),027.850.709-33,BEATRIZ DA LUZ,208.24,0,208.24,0,208.24
13,Secretaria de Desenvolvimento Social e Habitação,1,Fundo Municipal da Assistência Social,150070000000,Rec. Livres (Imp. e Transf. Const.),028.670.159-60,VALDEIA VIEIRA PLAUTH MAZZARO,14589.00,0,14589.00,0,14589.00
13,Secretaria de Desenvolvimento Social e Habitação,1,Fundo Municipal da Assistência Social,150070000000,Rec. Livres (Imp. e Transf. Const.),030.760.279-64,GEFFERSON LUIZ SCHROEDER,364.20,0,364.20,0,364.20
13,Secretaria de Desenvolvimento Social e Habitação,1,Fundo Municipal da Assistência Social,150070000000,Rec. Livres (Imp. e Transf. Const.),031.097.499-20,PAULO JOSE SCHMITZ,76984.00,0,76984.00,0,67258.00
13,Secretaria de Desenvolvimento Social e Habitação,1,Fundo Municipal da Assistência Social,150070000000,Rec. Livres (Imp. e Transf. Const.),03.269.695/0001-08,CONSORCIO PUBLICO INTERFEDERATIVO DE SAUDE E SERVICOS DO VALE EUROPEU CISAMVE,1210512.00,0,423948.00,0,423948.00
13,Secretaria de Desenvolvimento Social e Habitação,1,Fundo Municipal da Assistência Social,150070000000,Rec. Livres (Imp. e Transf. Const.),036.541.819-61,POLIANA GHIZONI SCHMITZ,119.63,103.85,119.63,0,119.63
13,Secretaria de Desenvolvimento Social e Habitação,1,Fundo Municipal da Assistência Social,150070000000,Rec. Livres (Imp. e Transf. Const.),040.892.909-02,ANDREIA CRISTIANE SCHROEDER WEIDLICH,32420.00,0,32420.00,0,25936.00
13,Secretaria de Desenvolvimento Social e Habitação,1,Fundo Municipal da Assistência Social,150070000000,Rec. Livres (Imp. e Transf. Const.),043.253.569-16,TIAGO CARDOZO,1019.76,781.64,1019.76,0,1019.76
13,Secretaria de Desenvolvimento Social e Habitação,1,Fundo Municipal da Assistência Social,150070000000,Rec. Livres (Imp. e Transf. Const.),04.533.821/0001-44,FUNDO DE APOSENTADORIA E PENSOES,257683.72,0,257683.72,0,221443.32
13,Secretaria de Desenvolvimento Social e Habitação,1,Fundo Municipal da Assistência Social,150070000000,Rec. Livres (Imp. e Transf. Const.),04.724.655/0001-63,COPY LINE COMÉRCIO E SERVIÇOS LTDA,1152.00,0,1152.00,55.29,1152.00
13,Secretaria de Desenvolvimento Social e Habitação,1,Fundo Municipal da Assistência Social,150070000000,Rec. Livres (Imp. e Transf. Const.),047.380.149-35,JULIANA APARECIDA FUNCK,44976.00,0,44976.00,0,38492.00
13,Secretaria de Desenvolvimento Social e Habitação,1,Fundo Municipal da Assistência Social,150070000000,Rec. Livres (Imp. e Transf. Const.),056.559.799-00,ELISIANE CIUSZ,380.52,0,380.52,0,380.52
13,Secretaria de Desenvolvimento Social e Habitação,1,Fundo Municipal da Assistência Social,150070000000,Rec. Livres (Imp. e Transf. Const.),057.469.789-65,SIMONE APARECIDA DOS SANTOS KLOTZ,131.41,36.20,131.41,0,131.41
13,Secretaria de Desenvolvimento Social e Habitação,1,Fundo Municipal da Assistência Social,150070000000,Rec. Livres (Imp. e Transf. Const.),059.401.799-83,VANESSA GRACIELE FISCHER KLEMENT,25730.00,0,25730.00,0,22488.00
13,Secretaria de Desenvolvimento Social e Habitação,1,Fundo Municipal da Assistência Social,150070000000,Rec. Livres (Imp. e Transf. Const.),059.795.749-56,ROBIANA TEREZA LOCH PASQUALI,43.45,40.35,43.45,0,43.45
13,Secretaria de Desenvolvimento Social e Habitação,1,Fundo Municipal da Assistência Social,150070000000,Rec. Livres (Imp. e Transf. Const.),062.558.609-30,RICARDO AUGUSTO WIENHAGE,810.50,0,810.50,0,810.50
13,Secretaria de Desenvolvimento Social e Habitação,1,Fundo Municipal da Assistência Social,150070000000,Rec. Livres (Imp. e Transf. Const.),063.744.571-61,KEREN LORRAYNE RODRIGUES DA CONCEICAO,8105.00,0,8105.00,0,8105.00
13,Secretaria de Desenvolvimento Social e Habitação,1,Fundo Municipal da Assistência Social,150070000000,Rec. Livres (Imp. e Transf. Const.),064.316.309-39,LUCIMARA PINTO SCHUMANN,4444.69,0,4444.69,0,4444.69
13,Secretaria de Desenvolvimento Social e Habitação,1,Fundo Municipal da Assistência Social,150070000000,Rec. Livres (Imp. e Transf. Const.),065.613.449-60,CINDIMARY DOS SANTOS LIMA,247.60,31.75,247.60,0,247.60
13,Secretaria de Desenvolvimento Social e Habitação,1,Fundo Municipal da Assistência Social,150070000000,Rec. Livres (Imp. e Transf. Const.),068.194.979-11,DENISE CRISTINA LACH,941.38,0,941.38,0,941.38
13,Secretaria de Desenvolvimento Social e Habitação,1,Fundo Municipal da Assistência Social,150070000000,Rec. Livres (Imp. e Transf. Const.),069.538.609-36,DANIELA ESTHER NASS REINKE,30150.60,0,30150.60,0,23666.60
13,Secretaria de Desenvolvimento Social e Habitação,1,Fundo Municipal da Assistência Social,150070000000,Rec. Livres (Imp. e Transf. Const.),075.722.279-02,VICTORIA ALINE HARBS BAUMANN,223.48,0,223.48,0,223.48
13,Secretaria de Desenvolvimento Social e Habitação,1,Fundo Municipal da Assistência Social,150070000000,Rec. Livres (Imp. e Transf. Const.),080.011.969-09,THUANNE DAYANNA FACCHI,405.25,0,405.25,0,405.25
13,Secretaria de Desenvolvimento Social e Habitação,1,Fundo Municipal da Assistência Social,150070000000,Rec. Livres (Imp. e Transf. Const.),081.732.259-07,CAROLINA ALBACH STANGE,9386.43,0,9386.43,222.92,9386.43
13,Secretaria de Desenvolvimento Social e Habitação,1,Fundo Municipal da Assistência Social,150070000000,Rec. Livres (Imp. e Transf. Const.),08.336.783/0001-90,CELESC DISTRIBUICAO S.A,39287.47,0,14287.47,171.45,14287.47
13,Secretaria de Desenvolvimento Social e Habitação,1,Fundo Municipal da Assistência Social,150070000000,Rec. Livres (Imp. e Transf. Const.),087.742.569-80,CAMILLE CRISTINE BARTH,39.90,15.97,39.90,0,39.90
13,Secretaria de Desenvolvimento Social e Habitação,1,Fundo Municipal da Assistência Social,150070000000,Rec. Livres (Imp. e Transf. Const.),088.895.619-39,TATIANA BARBOSA,779.07,0,779.07,0,779.07
13,Secretaria de Desenvolvimento Social e Habitação,1,Fundo Municipal da Assistência Social,150070000000,Rec. Livres (Imp. e Transf. Const.),089.422.769-62,VANILA MARIA PAES TILLMANN,176.87,102.48,176.87,0,176.87
13,Secretaria de Desenvolvimento Social e Habitação,1,Fundo Municipal da Assistência Social,150070000000,Rec. Livres (Imp. e Transf. Const.),102.143.599-64,EDUARDA AVILA FLOR,476.23,138.34,420.36,0,420.36
13,Secretaria de Desenvolvimento Social e Habitação,1,Fundo Municipal da Assistência Social,150070000000,Rec. Livres (Imp. e Transf. Const.),114.553.109-13,TAÍSA ROEDER VIEIRA,12534.45,0,12534.45,0,12534.45
13,Secretaria de Desenvolvimento Social e Habitação,1,Fundo Municipal da Assistência Social,150070000000,Rec. Livres (Imp. e Transf. Const.),14.284.430/0001-97,"FUNDO DE MATERIAIS, PUBLICAÇÕES E IMPRESSOS OFICIAIS SC",1941.88,0,1941.88,0,1257.23
13,Secretaria de Desenvolvimento Social e Habitação,1,Fundo Municipal da Assistência Social,150070000000,Rec. Livres (Imp. e Transf. Const.),157.509.487-81,LARISSA MARTINS BAIãO,290.54,0,290.54,0,290.54
13,Secretaria de Desenvolvimento Social e Habitação,1,Fundo Municipal da Assistência Social,150070000000,Rec. Livres (Imp. e Transf. Const.),18.780.623/0001-90,NOAR TURISMO LTDA,2568.36,0,2568.36,0,2568.36
13,Secretaria de Desenvolvimento Social e Habitação,1,Fundo Municipal da Assistência Social,150070000000,Rec. Livres (Imp. e Transf. Const.),19.354.317/0001-54,CAGERE CASA ASSISTÊNCIAL LTDA,283613.12,240561.00,94057.04,4514.72,94057.04
13,Secretaria de Desenvolvimento Social e Habitação,1,Fundo Municipal da Assistência Social,150070000000,Rec. Livres (Imp. e Transf. Const.),23.860.785/0001-78,MGI MASSARANDUBA COMERCIO VAREJISTA DE GÁS LTDA,14975.70,1009.20,6188.85,14.85,5929.67
13,Secretaria de Desenvolvimento Social e Habitação,1,Fundo Municipal da Assistência Social,150070000000,Rec. Livres (Imp. e Transf. Const.),29.979.036/0001-40,INSS- INSTITUTO NACIONAL DO SEGURO SOCIAL,10441.99,0,10441.99,0,8862.94
13,Secretaria de Desenvolvimento Social e Habitação,1,Fundo Municipal da Assistência Social,150070000000,Rec. Livres (Imp. e Transf. Const.),308.559.618-64,DENNISE MARCELLI DIDZIOCAS DE PAULA,7423.13,127.48,7423.13,481.27,7423.13
13,Secretaria de Desenvolvimento Social e Habitação,1,Fundo Municipal da Assistência Social,150070000000,Rec. Livres (Imp. e Transf. Const.),347.458.148-10,LAURA SIMOES,279.35,0,279.35,0,279.35
13,Secretaria de Desenvolvimento Social e Habitação,1,Fundo Municipal da Assistência Social,150070000000,Rec. Livres (Imp. e Transf. Const.),35.679.305/0001-56,POMMERNZUG TRANSPORTE RECREATIVO LTDA,52.99,0,52.99,0,52.99
13,Secretaria de Desenvolvimento Social e Habitação,1,Fundo Municipal da Assistência Social,150070000000,Rec. Livres (Imp. e Transf. Const.),36.225.268/0001-79,INSTALAR INSTALAÇÃO E MANUTENÇÃO LTDA,634.90,0,634.90,0,634.90
13,Secretaria de Desenvolvimento Social e Habitação,1,Fundo Municipal da Assistência Social,150070000000,Rec. Livres (Imp. e Transf. Const.),367.283.812-87,GALILEIA PEREIRA BARBOSA VIANA,405.25,0,405.25,0,405.25
13,Secretaria de Desenvolvimento Social e Habitação,1,Fundo Municipal da Assistência Social,150070000000,Rec. Livres (Imp. e Transf. Const.),37.115.367/0001-60,MINISTERIO DO TRABALHO - MTE,4519.66,0,4519.66,0,3661.50
13,Secretaria de Desenvolvimento Social e Habitação,1,Fundo Municipal da Assistência Social,150070000000,Rec. Livres (Imp. e Transf. Const.),37.143.430/0001-72,TSI CENTRO AUTOMOTIVO LTDA,2020.70,0,2020.70,28.33,2020.70
13,Secretaria de Desenvolvimento Social e Habitação,1,Fundo Municipal da Assistência Social,150070000000,Rec. Livres (Imp. e Transf. Const.),38.315.947/0001-64,CK RASTREAMENTO VEICULAR LTDA,4883.20,0,1543.40,0,1543.40
13,Secretaria de Desenvolvimento Social e Habitação,1,Fundo Municipal da Assistência Social,150070000000,Rec. Livres (Imp. e Transf. Const.),50.675.079/0001-29,POMERWASSER AMBIENTAL S.P.E. S.A.,57572.83,0,12572.83,599.20,12572.83
13,Secretaria de Desenvolvimento Social e Habitação,1,Fundo Municipal da Assistência Social,150070000000,Rec. Livres (Imp. e Transf. Const.),536.999.989-91,JONAS LIESKOW,16004.00,0,16004.00,0,16004.00
13,Secretaria de Desenvolvimento Social e Habitação,1,Fundo Municipal da Assistência Social,150070000000,Rec. Livres (Imp. e Transf. Const.),643.414.889-53,ANTONIO MARIA DE OLIVEIRA,405.25,0,405.25,0,405.25
13,Secretaria de Desenvolvimento Social e Habitação,1,Fundo Municipal da Assistência Social,150070000000,Rec. Livres (Imp. e Transf. Const.),648.832.802-68,ADRIANA REIS DA SILVA,22694.00,0,22694.00,0,22694.00
13,Secretaria de Desenvolvimento Social e Habitação,1,Fundo Municipal da Assistência Social,150070000000,Rec. Livres (Imp. e Transf. Const.),670.349.939-04,ELISABETH LINDNER,41734.00,0,41734.00,0,38492.00
13,Secretaria de Desenvolvimento Social e Habitação,1,Fundo Municipal da Assistência Social,150070000000,Rec. Livres (Imp. e Transf. Const.),702.111.892-94,AMANDA KAROLINE BATISTA DE ARAUJO,788.74,0,788.74,0,788.74
13,Secretaria de Desenvolvimento Social e Habitação,1,Fundo Municipal da Assistência Social,150070000000,Rec. Livres (Imp. e Transf. Const.),705.435.202-50,HUGO LEVI DOS SANTOS GONÇALVES,6919.40,0,6919.40,0,6919.40
13,Secretaria de Desenvolvimento Social e Habitação,1,Fundo Municipal da Assistência Social,150070000000,Rec. Livres (Imp. e Transf. Const.),75.303.982/0001-90,FEDERAÇÃO CATARINENSE DE MUNICIPIOS,350.00,0,350.00,0,350.00
13,Secretaria de Desenvolvimento Social e Habitação,1,Fundo Municipal da Assistência Social,150070000000,Rec. Livres (Imp. e Transf. Const.),753.310.719-53,IRANI REINKE ENDER,55.00,0.87,55.00,0,55.00
13,Secretaria de Desenvolvimento Social e Habitação,1,Fundo Municipal da Assistência Social,150070000000,Rec. Livres (Imp. e Transf. Const.),790.930.862-00,JOYCELANA DA SILVA TEIXEIRA BARROS,19040.00,0,19040.00,0,19040.00
13,Secretaria de Desenvolvimento Social e Habitação,1,Fundo Municipal da Assistência Social,150070000000,Rec. Livres (Imp. e Transf. Const.),80.495.625/0001-00,CONFEITARIA TORTEN PARADIES LTDA,471.81,0,471.81,5.63,471.81
13,Secretaria de Desenvolvimento Social e Habitação,1,Fundo Municipal da Assistência Social,150070000000,Rec. Livres (Imp. e Transf. Const.),82.951.310/0001-56,SECRETARIA DE ESTADO DA FAZENDA,149.37,0,149.37,0,149.37
13,Secretaria de Desenvolvimento Social e Habitação,1,Fundo Municipal da Assistência Social,150070000000,Rec. Livres (Imp. e Transf. Const.),83.102.251/0001-04,MUNICÍPIO DE POMERODE,1933541.60,0,1933541.60,539626.75,1933541.60
13,Secretaria de Desenvolvimento Social e Habitação,1,Fundo Municipal da Assistência Social,150070000000,Rec. Livres (Imp. e Transf. Const.),842.524.489-72,MARIA APARECIDA KOCHANOSKI,4863.00,0,4863.00,0,4863.00
13,Secretaria de Desenvolvimento Social e Habitação,1,Fundo Municipal da Assistência Social,150070000000,Rec. Livres (Imp. e Transf. Const.),86.910.148/0001-89,DIBRAPE - DISTRIBUIDORA BRASILEIRA DE PETRÓLEO LTDA,29433.88,0,7502.60,17.98,7502.60
13,Secretaria de Desenvolvimento Social e Habitação,1,Fundo Municipal da Assistência Social,150070000000,Rec. Livres (Imp. e Transf. Const.),883.047.369-34,JOSE AMARILDO DA SILVA,283.80,135.22,283.80,0,283.80
13,Secretaria de Desenvolvimento Social e Habitação,1,Fundo Municipal da Assistência Social,150070000000,Rec. Livres (Imp. e Transf. Const.),90.180.605/0001-02,GENTE SEGURADORA S.A.,828.25,0,828.25,19.88,828.25
13,Secretaria de Desenvolvimento Social e Habitação,1,Fundo Municipal da Assistência Social,150070000000,Rec. Livres (Imp. e Transf. Const.),902.045.739-04,ANNEMARIE JANSSEN,171.37,52.11,171.37,0,171.37
13,Secretaria de Desenvolvimento Social e Habitação,1,Fundo Municipal da Assistência Social,150070000000,Rec. Livres (Imp. e Transf. Const.),902.957.149-72,DANIELA PREBIANCA JACOBOVSKI,18786.63,0,18786.63,2182.84,18786.63
13,Secretaria de Desenvolvimento Social e Habitação,1,Fundo Municipal da Assistência Social,150070000000,Rec. Livres (Imp. e Transf. Const.),905.000.759-72,CARLA SPRANGER,21152.50,0,3750.00,902.13,3750.00
13,Secretaria de Desenvolvimento Social e Habitação,1,Fundo Municipal da Assistência Social,150070000000,Rec. Livres (Imp. e Transf. Const.),918.562.059-91,ELEN KATIA WEEGE SCHLINGMANN,142.37,81.11,142.37,0,142.37
13,Secretaria de Desenvolvimento Social e Habitação,1,Fundo Municipal da Assistência Social,150070000000,Rec. Livres (Imp. e Transf. Const.),947.715.709-06,CARLA BEATRIZ DE CASTILHOS,76.58,7.22,76.58,0,76.58
13,Secretaria de Desenvolvimento Social e Habitação,1,Fundo Municipal da Assistência Social,150070000000,Rec. Livres (Imp. e Transf. Const.),95.855.078/0001-02,PANIFICADORA E CONFEITARIA DONA ELLA LTDA,1734.80,0.13,647.69,0,647.69
13,Secretaria de Desenvolvimento Social e Habitação,1,Fundo Municipal da Assistência Social,150070000000,Rec. Livres (Imp. e Transf. Const.),974.225.259-91,URSULA WEHRMEISTER,405.25,0,405.25,0,405.25
13,Secretaria de Desenvolvimento Social e Habitação,1,Fundo Municipal da Assistência Social,166031100003,Emenda Parlamentar nº 202590550001: Serviços de Proteção Social Especial de Média Complexidade (Custeio p/ APAE),83.788.661/0001-50,ASSOC PAIS AMIGOS DOS EXCEPCIONAIS DE POMERODE,249630.48,27540.88,62023.82,0,62023.82
13,Secretaria de Desenvolvimento Social e Habitação,1,Fundo Municipal da Assistência Social,166070000010,Cadastro Único SUAS - PROCAD SUAS,00.000.000/2472-43,BANCO DO BRASIL SA,100.00,0,0,0,0
13,Secretaria de Desenvolvimento Social e Habitação,1,Fundo Municipal da Assistência Social,166070000200,Piso de Transição de Média Complexidade - PTMC,00.000.000/2472-43,BANCO DO BRASIL SA,168.71,0,68.71,0,68.71
13,Secretaria de Desenvolvimento Social e Habitação,1,Fundo Municipal da Assistência Social,166070000200,Piso de Transição de Média Complexidade - PTMC,29.222.667/0001-10,SK MATERIAIS PARA ESCRITORIO LTDA,219.60,0,219.60,2.64,219.60
13,Secretaria de Desenvolvimento Social e Habitação,1,Fundo Municipal da Assistência Social,166070000200,Piso de Transição de Média Complexidade - PTMC,80.495.625/0001-00,CONFEITARIA TORTEN PARADIES LTDA,2452.01,0,2452.01,29.41,2452.01
13,Secretaria de Desenvolvimento Social e Habitação,1,Fundo Municipal da Assistência Social,166070000200,Piso de Transição de Média Complexidade - PTMC,95.855.078/0001-02,PANIFICADORA E CONFEITARIA DONA ELLA LTDA,63.08,0,63.08,0,63.08
13,Secretaria de Desenvolvimento Social e Habitação,1,Fundo Municipal da Assistência Social,166070000400,PAEFI (Proteção e Atend. Espec. a Famílias e Indiv.),04.533.821/0001-44,FUNDO DE APOSENTADORIA E PENSOES,0.00,3340.14,0.00,0,0
13,Secretaria de Desenvolvimento Social e Habitação,1,Fundo Municipal da Assistência Social,166070000400,PAEFI (Proteção e Atend. Espec. a Famílias e Indiv.),83.102.251/0001-04,MUNICÍPIO DE POMERODE,26810.28,0,26810.28,4599.64,26810.28
13,Secretaria de Desenvolvimento Social e Habitação,1,Fundo Municipal da Assistência Social,166070000600,Índice de Gestão Descentralizada - IGD SUAS,00.000.000/2472-43,BANCO DO BRASIL SA,0.00,100.00,0,0,0
13,Secretaria de Desenvolvimento Social e Habitação,1,Fundo Municipal da Assistência Social,166070000700,Índice de Gestão Descentralizada - IGDBF,00.000.000/2472-43,BANCO DO BRASIL SA,121.02,0,21.02,0,21.02
13,Secretaria de Desenvolvimento Social e Habitação,1,Fundo Municipal da Assistência Social,166170000008,FEAS - Incentivo a Gestão,00.000.000/2472-43,BANCO DO BRASIL SA,123.12,0,23.12,0,23.12
13,Secretaria de Desenvolvimento Social e Habitação,1,Fundo Municipal da Assistência Social,166170000008,FEAS - Incentivo a Gestão,18.780.623/0001-90,NOAR TURISMO LTDA,323.92,0,323.92,0,323.92
13,Secretaria de Desenvolvimento Social e Habitação,1,Fundo Municipal da Assistência Social,166170000008,FEAS - Incentivo a Gestão,36.225.268/0001-79,INSTALAR INSTALAÇÃO E MANUTENÇÃO LTDA,225.90,0,225.90,0,225.90
13,Secretaria de Desenvolvimento Social e Habitação,1,Fundo Municipal da Assistência Social,166170000016,FEAS - Proteção Social Especial,00.000.000/2472-43,BANCO DO BRASIL SA,420.05,100.00,120.05,0,120.05
13,Secretaria de Desenvolvimento Social e Habitação,1,Fundo Municipal da Assistência Social,166170000016,FEAS - Proteção Social Especial,005.476.749-02,LUIS AUGUSTO SPRANGER,38960.00,0,15584.00,3299.68,12512.92
13,Secretaria de Desenvolvimento Social e Habitação,1,Fundo Municipal da Assistência Social,166170000016,FEAS - Proteção Social Especial,02.255.187/0001-08,UNIFIQUE TELECOMUNICAÇÕES S/A,3862.40,482.80,1448.40,69.51,1448.40
13,Secretaria de Desenvolvimento Social e Habitação,1,Fundo Municipal da Assistência Social,166170000016,FEAS - Proteção Social Especial,031.097.499-20,PAULO JOSE SCHMITZ,9726.00,0,9726.00,0,9726.00
13,Secretaria de Desenvolvimento Social e Habitação,1,Fundo Municipal da Assistência Social,166170000016,FEAS - Proteção Social Especial,047.380.149-35,JULIANA APARECIDA FUNCK,6484.00,0,6484.00,0,6484.00
13,Secretaria de Desenvolvimento Social e Habitação,1,Fundo Municipal da Assistência Social,166170000016,FEAS - Proteção Social Especial,18.780.623/0001-90,NOAR TURISMO LTDA,655.00,0,655.00,0,655.00
13,Secretaria de Desenvolvimento Social e Habitação,1,Fundo Municipal da Assistência Social,166170000016,FEAS - Proteção Social Especial,21.597.324/0001-29,POMERANOS LOJA DE VARIEDADES LTDA,424.92,0,424.92,5.09,424.92
13,Secretaria de Desenvolvimento Social e Habitação,1,Fundo Municipal da Assistência Social,166170000016,FEAS - Proteção Social Especial,29.222.667/0001-10,SK MATERIAIS PARA ESCRITORIO LTDA,219.59,0,219.59,3.00,219.59
13,Secretaria de Desenvolvimento Social e Habitação,1,Fundo Municipal da Assistência Social,166170000016,FEAS - Proteção Social Especial,29.525.481/0001-30,JOAO FERNANDO KOWALESKI,179.80,0,179.80,0,179.80
13,Secretaria de Desenvolvimento Social e Habitação,1,Fundo Municipal da Assistência Social,166170000016,FEAS - Proteção Social Especial,36.811.724/0001-62,ALESSANDRO ENGEL,3383.63,0,464.42,51.08,464.42
13,Secretaria de Desenvolvimento Social e Habitação,1,Fundo Municipal da Assistência Social,166170000016,FEAS - Proteção Social Especial,40.738.368/0001-76,GAMBA CONEXÕES COMÉRCIO ATACADISTA DE ALIMENTOS LTDA,269.80,0,269.80,3.24,269.80
13,Secretaria de Desenvolvimento Social e Habitação,1,Fundo Municipal da Assistência Social,166170000016,FEAS - Proteção Social Especial,45.747.626/0001-02,OTHALA COMERCIO LTDA,824.50,0,824.50,9.89,824.50
13,Secretaria de Desenvolvimento Social e Habitação,1,Fundo Municipal da Assistência Social,166170000016,FEAS - Proteção Social Especial,670.349.939-04,ELISABETH LINDNER,6484.00,0,6484.00,0,6484.00
13,Secretaria de Desenvolvimento Social e Habitação,1,Fundo Municipal da Assistência Social,166170000016,FEAS - Proteção Social Especial,79.846.465/0001-18,GOEDERT LTDA,132.30,0,132.30,1.59,132.30
13,Secretaria de Desenvolvimento Social e Habitação,1,Fundo Municipal da Assistência Social,166170000016,FEAS - Proteção Social Especial,80.495.625/0001-00,CONFEITARIA TORTEN PARADIES LTDA,2008.88,0,1266.13,15.18,1266.13
13,Secretaria de Desenvolvimento Social e Habitação,1,Fundo Municipal da Assistência Social,166170000016,FEAS - Proteção Social Especial,905.000.759-72,CARLA SPRANGER,38960.00,0,15584.00,3299.68,12512.92
13,Secretaria de Desenvolvimento Social e Habitação,1,Fundo Municipal da Assistência Social,166170000016,FEAS - Proteção Social Especial,95.855.078/0001-02,PANIFICADORA E CONFEITARIA DONA ELLA LTDA,381.79,0,381.79,0,381.79
13,Secretaria de Desenvolvimento Social e Habitação,1,Fundo Municipal da Assistência Social,166170000017,FEAS - Proteção Social Básica,00.000.000/2472-43,BANCO DO BRASIL SA,282.04,0,82.04,0,82.04
13,Secretaria de Desenvolvimento Social e Habitação,1,Fundo Municipal da Assistência Social,166170000017,FEAS - Proteção Social Básica,48.400.615/0001-31,M. M. DOS SANTOS - MARIA ANITA DISTRIBUIDORA,0.00,307.70,0,0,0
13,Secretaria de Desenvolvimento Social e Habitação,1,Fundo Municipal da Assistência Social,166170000300,FEAS - Benefícios Eventuais,00.000.000/2472-43,BANCO DO BRASIL SA,130.25,0,30.25,0,30.25
13,Secretaria de Desenvolvimento Social e Habitação,1,Fundo Municipal da Assistência Social,166170000300,FEAS - Benefícios Eventuais,011.400.189-81,JANAINA DA SILVA,1621.00,0,1621.00,0,1621.00
13,Secretaria de Desenvolvimento Social e Habitação,1,Fundo Municipal da Assistência Social,166170000300,FEAS - Benefícios Eventuais,060.343.835-01,IASMIM SANTOS DE ARAUJO,1621.00,0,1621.00,0,0
13,Secretaria de Desenvolvimento Social e Habitação,1,Fundo Municipal da Assistência Social,166170000300,FEAS - Benefícios Eventuais,134.712.189-71,RUTH GABRIELLI VAILATI MONTEIRO,1621.00,0,1621.00,0,1621.00
13,Secretaria de Desenvolvimento Social e Habitação,1,Fundo Municipal da Assistência Social,166170000300,FEAS - Benefícios Eventuais,171.013.964-10,THALIA ANISIO DA SILVA,1621.00,0,1621.00,0,1621.00
13,Secretaria de Desenvolvimento Social e Habitação,1,Fundo Municipal da Assistência Social,166170000300,FEAS - Benefícios Eventuais,19.207.352/0001-40,LE CARD ADMINISTRADORA DE CARTÕES LTDA,43125.06,33993.94,7235.06,0,7235.06
13,Secretaria de Desenvolvimento Social e Habitação,1,Fundo Municipal da Assistência Social,166170000300,FEAS - Benefícios Eventuais,702.111.892-94,AMANDA KAROLINE BATISTA DE ARAUJO,1097.65,0,1097.65,0,1097.65
13,Secretaria de Desenvolvimento Social e Habitação,1,Fundo Municipal da Assistência Social,250070000000,Rec. Livres (Imp. e Transf. Const.),02.667.539/0001-24,CENTRO DE CONVIVENCIA POMMERN HEIM,9400.00,0,9400.00,0,0
13,Secretaria de Desenvolvimento Social e Habitação,1,Fundo Municipal da Assistência Social,250070000000,Rec. Livres (Imp. e Transf. Const.),04.533.821/0001-44,FUNDO DE APOSENTADORIA E PENSOES,3335.73,0,3335.73,0,0
13,Secretaria de Desenvolvimento Social e Habitação,1,Fundo Municipal da Assistência Social,250070000000,Rec. Livres (Imp. e Transf. Const.),83.102.251/0001-04,MUNICÍPIO DE POMERODE,28344.23,0,28344.23,3862.70,28344.23
13,Secretaria de Desenvolvimento Social e Habitação,1,Fundo Municipal da Assistência Social,250170000000,Rec. Livres,03.269.695/0001-08,CONSORCIO PUBLICO INTERFEDERATIVO DE SAUDE E SERVICOS DO VALE EUROPEU CISAMVE,288360.54,0,288360.54,0,288360.54
13,Secretaria de Desenvolvimento Social e Habitação,1,Fundo Municipal da Assistência Social,266070000010,PROCAD (Programa de Fortalecimento Emergencial do atendimento do cadastro Único no SUAS),02.255.187/0001-08,UNIFIQUE TELECOMUNICAÇÕES S/A,2414.00,0,0,0,0
13,Secretaria de Desenvolvimento Social e Habitação,1,Fundo Municipal da Assistência Social,266070000010,PROCAD (Programa de Fortalecimento Emergencial do atendimento do cadastro Único no SUAS),18.233.020/0001-78,MARTINES EMPRESARIAL LTDA,110.88,0,0,0,0
13,Secretaria de Desenvolvimento Social e Habitação,1,Fundo Municipal da Assistência Social,266070000010,PROCAD (Programa de Fortalecimento Emergencial do atendimento do cadastro Único no SUAS),19.555.146/0001-21,2B DISTRIBUIDORA LTDA,283.20,0,283.20,0,0
13,Secretaria de Desenvolvimento Social e Habitação,1,Fundo Municipal da Assistência Social,266070000010,PROCAD (Programa de Fortalecimento Emergencial do atendimento do cadastro Único no SUAS),35.652.184/0001-59,VETRE COMERCIO DE EQUIPAMENTOS E SUPRIMENTOS DE INFORMATICA LTDA,1620.00,0,1620.00,19.44,19.44
13,Secretaria de Desenvolvimento Social e Habitação,1,Fundo Municipal da Assistência Social,266070000200,Progr. Pessoa Portadora de Def. Física (Transferência do FNAS),22.637.568/0001-50,RDC PRESTADORA DE SERVICOS LTDA,630.18,0,630.18,69.31,630.18
13,Secretaria de Desenvolvimento Social e Habitação,1,Fundo Municipal da Assistência Social,266070000200,Progr. Pessoa Portadora de Def. Física (Transferência do FNAS),36.225.268/0001-79,INSTALAR INSTALAÇÃO E MANUTENÇÃO LTDA,135.00,0,135.00,0,135.00
13,Secretaria de Desenvolvimento Social e Habitação,1,Fundo Municipal da Assistência Social,266070000200,Progr. Pessoa Portadora de Def. Física (Transferência do FNAS),36.811.724/0001-62,ALESSANDRO ENGEL,3546.48,2261.18,0,0,0
13,Secretaria de Desenvolvimento Social e Habitação,1,Fundo Municipal da Assistência Social,266070000200,Progr. Pessoa Portadora de Def. Física (Transferência do FNAS),40.738.368/0001-76,GAMBA CONEXÕES COMÉRCIO ATACADISTA DE ALIMENTOS LTDA,124.92,0,0,0,0
13,Secretaria de Desenvolvimento Social e Habitação,1,Fundo Municipal da Assistência Social,266070000200,Progr. Pessoa Portadora de Def. Física (Transferência do FNAS),80.495.625/0001-00,CONFEITARIA TORTEN PARADIES LTDA,1474.57,0,286.29,3.43,286.29
13,Secretaria de Desenvolvimento Social e Habitação,1,Fundo Municipal da Assistência Social,266070000200,Progr. Pessoa Portadora de Def. Física (Transferência do FNAS),82.951.310/0001-56,SECRETARIA DE ESTADO DA FAZENDA,149.37,0,149.37,0,149.37
13,Secretaria de Desenvolvimento Social e Habitação,1,Fundo Municipal da Assistência Social,266070000200,Progr. Pessoa Portadora de Def. Física (Transferência do FNAS),95.855.078/0001-02,PANIFICADORA E CONFEITARIA DONA ELLA LTDA,126.16,0,0,0,0
13,Secretaria de Desenvolvimento Social e Habitação,1,Fundo Municipal da Assistência Social,266070000300,Piso Básico Fixo - PBF,00.000.000/2472-43,BANCO DO BRASIL SA,272.27,0,72.27,0,72.27
13,Secretaria de Desenvolvimento Social e Habitação,1,Fundo Municipal da Assistência Social,266070000300,Piso Básico Fixo - PBF,00.736.251/0001-39,QUALICOPY SERVIÇOS E COMÉRCIO LTDA,66.50,0,66.50,0,66.50
13,Secretaria de Desenvolvimento Social e Habitação,1,Fundo Municipal da Assistência Social,266070000300,Piso Básico Fixo - PBF,01.060.303/0002-43,AGROPECUARIA POMMERLINK LTDA,77.50,0,77.50,0.93,77.50
13,Secretaria de Desenvolvimento Social e Habitação,1,Fundo Municipal da Assistência Social,266070000300,Piso Básico Fixo - PBF,02.255.187/0001-08,UNIFIQUE TELECOMUNICAÇÕES S/A,5793.60,0,2414.00,115.85,2414.00
13,Secretaria de Desenvolvimento Social e Habitação,1,Fundo Municipal da Assistência Social,266070000300,Piso Básico Fixo - PBF,02.323.274/0001-47,KRUEGER COMÉRCIO DE MATERIAIS ELÉTRICOS E HIDRÁULICOS LTDA,160.25,30.50,160.25,1.91,160.25
13,Secretaria de Desenvolvimento Social e Habitação,1,Fundo Municipal da Assistência Social,266070000300,Piso Básico Fixo - PBF,03.277.259/0001-72,GUMZ COMERCIO E INDUSTRIA LTDA,2599.00,0,2599.00,31.18,2599.00
13,Secretaria de Desenvolvimento Social e Habitação,1,Fundo Municipal da Assistência Social,266070000300,Piso Básico Fixo - PBF,11.118.645/0001-40,SPOTECH INFORMÁTICA CORAL LTDA,138.16,0,0,0,0
13,Secretaria de Desenvolvimento Social e Habitação,1,Fundo Municipal da Assistência Social,266070000300,Piso Básico Fixo - PBF,22.637.568/0001-50,RDC PRESTADORA DE SERVICOS LTDA,6440.60,0,2425.20,266.77,2425.20
13,Secretaria de Desenvolvimento Social e Habitação,1,Fundo Municipal da Assistência Social,266070000300,Piso Básico Fixo - PBF,29.525.481/0001-30,JOAO FERNANDO KOWALESKI,180.00,0,180.00,0,180.00
13,Secretaria de Desenvolvimento Social e Habitação,1,Fundo Municipal da Assistência Social,266070000300,Piso Básico Fixo - PBF,36.225.268/0001-79,INSTALAR INSTALAÇÃO E MANUTENÇÃO LTDA,206.50,0,206.50,0,206.50
13,Secretaria de Desenvolvimento Social e Habitação,1,Fundo Municipal da Assistência Social,266070000300,Piso Básico Fixo - PBF,36.811.724/0001-62,ALESSANDRO ENGEL,2435.93,0,580.93,63.88,580.93
13,Secretaria de Desenvolvimento Social e Habitação,1,Fundo Municipal da Assistência Social,266070000300,Piso Básico Fixo - PBF,37.143.430/0001-72,TSI CENTRO AUTOMOTIVO LTDA,1890.00,0,1890.00,0,1890.00
13,Secretaria de Desenvolvimento Social e Habitação,1,Fundo Municipal da Assistência Social,266070000300,Piso Básico Fixo - PBF,39.649.812/0001-06,MC COMÉRCIO DE ALIMENTOS E TRANSPORTES LTDA,211.24,0,211.24,2.54,211.24
13,Secretaria de Desenvolvimento Social e Habitação,1,Fundo Municipal da Assistência Social,266070000300,Piso Básico Fixo - PBF,44.676.496/0001-93,CLIMA VOLTS ELÉTRICA E REFRIGERAÇÃO LTDA,519.34,0,519.34,0,0
13,Secretaria de Desenvolvimento Social e Habitação,1,Fundo Municipal da Assistência Social,266070000300,Piso Básico Fixo - PBF,45.747.626/0001-02,OTHALA COMERCIO LTDA,131.28,0,0,0,0
13,Secretaria de Desenvolvimento Social e Habitação,1,Fundo Municipal da Assistência Social,266070000300,Piso Básico Fixo - PBF,57.765.012/0001-24,MH COMERCIO LTDA,168.09,0,0,0,0
13,Secretaria de Desenvolvimento Social e Habitação,1,Fundo Municipal da Assistência Social,266070000300,Piso Básico Fixo - PBF,60.353.064/0001-06,IPE DISTRIBUIDORA LTDA,259.40,0,259.40,0,259.40
13,Secretaria de Desenvolvimento Social e Habitação,1,Fundo Municipal da Assistência Social,266070000300,Piso Básico Fixo - PBF,63.293.976/0001-10,63.293.976 SERGIO JUVENTINO DE ROSSI JUNIOR REGALIN,364.63,0,0,0,0
13,Secretaria de Desenvolvimento Social e Habitação,1,Fundo Municipal da Assistência Social,266070000300,Piso Básico Fixo - PBF,80.495.625/0001-00,CONFEITARIA TORTEN PARADIES LTDA,2012.18,0,1698.44,20.38,1698.44
13,Secretaria de Desenvolvimento Social e Habitação,1,Fundo Municipal da Assistência Social,266070000300,Piso Básico Fixo - PBF,95.855.078/0001-02,PANIFICADORA E CONFEITARIA DONA ELLA LTDA,196.00,0,196.00,0,196.00
13,Secretaria de Desenvolvimento Social e Habitação,1,Fundo Municipal da Assistência Social,266070000400,PAEFI (Proteção e Atend. Espec. a Famílias e Indiv.),00.736.251/0001-39,QUALICOPY SERVIÇOS E COMÉRCIO LTDA,52.50,0,52.50,0,52.50
13,Secretaria de Desenvolvimento Social e Habitação,1,Fundo Municipal da Assistência Social,266070000400,PAEFI (Proteção e Atend. Espec. a Famílias e Indiv.),02.255.187/0001-08,UNIFIQUE TELECOMUNICAÇÕES S/A,482.80,0,482.80,23.17,482.80
13,Secretaria de Desenvolvimento Social e Habitação,1,Fundo Municipal da Assistência Social,266070000400,PAEFI (Proteção e Atend. Espec. a Famílias e Indiv.),04.724.655/0001-63,COPY LINE COMÉRCIO E SERVIÇOS LTDA,11520.00,0,3600.00,0,3600.00
13,Secretaria de Desenvolvimento Social e Habitação,1,Fundo Municipal da Assistência Social,266070000400,PAEFI (Proteção e Atend. Espec. a Famílias e Indiv.),36.225.268/0001-79,INSTALAR INSTALAÇÃO E MANUTENÇÃO LTDA,355.50,0,355.50,0,355.50
13,Secretaria de Desenvolvimento Social e Habitação,1,Fundo Municipal da Assistência Social,266070000400,PAEFI (Proteção e Atend. Espec. a Famílias e Indiv.),80.495.625/0001-00,CONFEITARIA TORTEN PARADIES LTDA,1206.59,0,1206.59,14.47,1206.59
13,Secretaria de Desenvolvimento Social e Habitação,1,Fundo Municipal da Assistência Social,266070000700,Bolsa Família (Transferência do FNAS),00.736.251/0001-39,QUALICOPY SERVIÇOS E COMÉRCIO LTDA,35.00,0,35.00,0,35.00
13,Secretaria de Desenvolvimento Social e Habitação,1,Fundo Municipal da Assistência Social,266070000700,Bolsa Família (Transferência do FNAS),01.258.027/0003-03,IPM SISTEMAS LTDA,36196.11,0,8043.58,386.10,8043.58
13,Secretaria de Desenvolvimento Social e Habitação,1,Fundo Municipal da Assistência Social,266070000700,Bolsa Família (Transferência do FNAS),11.118.645/0001-40,SPOTECH INFORMÁTICA CORAL LTDA,200.75,0,200.75,2.41,200.75
13,Secretaria de Desenvolvimento Social e Habitação,1,Fundo Municipal da Assistência Social,266070000700,Bolsa Família (Transferência do FNAS),13.965.228/0001-68,JLM DISTRIBUIDORA BR LTDA,1070.00,0,1070.00,12.84,1070.00
13,Secretaria de Desenvolvimento Social e Habitação,1,Fundo Municipal da Assistência Social,266070000700,Bolsa Família (Transferência do FNAS),18.780.623/0001-90,NOAR TURISMO LTDA,498.34,996.68,498.34,0,498.34
13,Secretaria de Desenvolvimento Social e Habitação,1,Fundo Municipal da Assistência Social,266070000700,Bolsa Família (Transferência do FNAS),19.032.430/0001-13,PRINTSUL COMÉRCIO ATACADISTA LTDA,103.50,0,103.50,1.24,1.24
13,Secretaria de Desenvolvimento Social e Habitação,1,Fundo Municipal da Assistência Social,266070000700,Bolsa Família (Transferência do FNAS),19.555.146/0001-21,2B DISTRIBUIDORA LTDA,196.00,0,196.00,0,196.00
13,Secretaria de Desenvolvimento Social e Habitação,1,Fundo Municipal da Assistência Social,266070000700,Bolsa Família (Transferência do FNAS),26.044.069/0001-00,SOMA ATACADO LTDA,710.80,0,0,0,0
13,Secretaria de Desenvolvimento Social e Habitação,1,Fundo Municipal da Assistência Social,266070000700,Bolsa Família (Transferência do FNAS),29.222.667/0001-10,SK MATERIAIS PARA ESCRITORIO LTDA,228.00,0,0,0,0
13,Secretaria de Desenvolvimento Social e Habitação,1,Fundo Municipal da Assistência Social,266070000700,Bolsa Família (Transferência do FNAS),39.649.812/0001-06,MC COMÉRCIO DE ALIMENTOS E TRANSPORTES LTDA,508.60,0,205.50,2.47,2.47
13,Secretaria de Desenvolvimento Social e Habitação,1,Fundo Municipal da Assistência Social,266070000700,Bolsa Família (Transferência do FNAS),39.655.478/0001-95,SEBOLD INDUSTRIA DE COSMETICOS LTDA,1412.32,0,933.60,11.20,933.60
13,Secretaria de Desenvolvimento Social e Habitação,1,Fundo Municipal da Assistência Social,266070000700,Bolsa Família (Transferência do FNAS),40.738.368/0001-76,GAMBA CONEXÕES COMÉRCIO ATACADISTA DE ALIMENTOS LTDA,1949.10,0,1949.10,23.39,1949.10
13,Secretaria de Desenvolvimento Social e Habitação,1,Fundo Municipal da Assistência Social,266070000700,Bolsa Família (Transferência do FNAS),51.892.897/0001-46,JT MEDICAMENTOS LTDA,539.00,0,539.00,6.47,539.00
13,Secretaria de Desenvolvimento Social e Habitação,1,Fundo Municipal da Assistência Social,266070000700,Bolsa Família (Transferência do FNAS),53.121.054/0001-71,LOPES LIMPEZA LTDA,686.30,0,686.30,0,0
13,Secretaria de Desenvolvimento Social e Habitação,1,Fundo Municipal da Assistência Social,266070000700,Bolsa Família (Transferência do FNAS),55.020.757/0001-39,HERVAL MOVEIS PARA ESCRITORIO LTDA,263.85,0,0,0,0
13,Secretaria de Desenvolvimento Social e Habitação,1,Fundo Municipal da Assistência Social,266070000700,Bolsa Família (Transferência do FNAS),80.047.087/0001-91,CIG COMERCIO DE EMBALAGENS - EIRELI,219.60,0,0,0,0
13,Secretaria de Desenvolvimento Social e Habitação,1,Fundo Municipal da Assistência Social,266070001600,Piso Fixo de Média Complexidade - MSE,005.476.749-02,LUIS AUGUSTO SPRANGER,15584.00,0,7792.00,1649.84,7792.00
13,Secretaria de Desenvolvimento Social e Habitação,1,Fundo Municipal da Assistência Social,266070001600,Piso Fixo de Média Complexidade - MSE,22.637.568/0001-50,RDC PRESTADORA DE SERVICOS LTDA,892.62,0,892.62,98.18,892.62
13,Secretaria de Desenvolvimento Social e Habitação,1,Fundo Municipal da Assistência Social,266070001600,Piso Fixo de Média Complexidade - MSE,80.495.625/0001-00,CONFEITARIA TORTEN PARADIES LTDA,1126.22,0,1126.22,13.51,1126.22
13,Secretaria de Desenvolvimento Social e Habitação,1,Fundo Municipal da Assistência Social,266070001600,Piso Fixo de Média Complexidade - MSE,85.460.079/0001-96,EMPRESA DE TRANSPORTE COLETIVO VOLKMANN LTDA,2210.00,0,2210.00,53.04,2210.00
13,Secretaria de Desenvolvimento Social e Habitação,1,Fundo Municipal da Assistência Social,266070001600,Piso Fixo de Média Complexidade - MSE,905.000.759-72,CARLA SPRANGER,15584.00,0,7792.00,1649.84,7792.00
13,Secretaria de Desenvolvimento Social e Habitação,1,Fundo Municipal da Assistência Social,266070001600,Piso Fixo de Média Complexidade - MSE,95.855.078/0001-02,PANIFICADORA E CONFEITARIA DONA ELLA LTDA,213.70,0,213.70,0,213.70
13,Secretaria de Desenvolvimento Social e Habitação,1,Fundo Municipal da Assistência Social,266170000008,Cta. 29.171-4: Incentivo Gestão SUAS / Custeio,02.323.274/0001-47,KRUEGER COMÉRCIO DE MATERIAIS ELÉTRICOS E HIDRÁULICOS LTDA,48.00,0,48.00,0.58,48.00
13,Secretaria de Desenvolvimento Social e Habitação,1,Fundo Municipal da Assistência Social,266170000008,Cta. 29.171-4: Incentivo Gestão SUAS / Custeio,18.780.623/0001-90,NOAR TURISMO LTDA,945.16,0,945.16,0,945.16
13,Secretaria de Desenvolvimento Social e Habitação,1,Fundo Municipal da Assistência Social,266170000008,Cta. 29.171-4: Incentivo Gestão SUAS / Custeio,35.944.400/0001-30,ROTTA DO REPARO MATERIAIS DE CONSTRUÇÃO LTDA,107.70,0,107.70,0,107.70
13,Secretaria de Desenvolvimento Social e Habitação,1,Fundo Municipal da Assistência Social,266170000008,Cta. 29.171-4: Incentivo Gestão SUAS / Custeio,36.225.268/0001-79,INSTALAR INSTALAÇÃO E MANUTENÇÃO LTDA,590.00,0,0,0,0
13,Secretaria de Desenvolvimento Social e Habitação,1,Fundo Municipal da Assistência Social,266170000008,Cta. 29.171-4: Incentivo Gestão SUAS / Custeio,38.613.730/0001-30,JM PAPELARIA LTDA,353.25,0,353.25,4.24,353.25
13,Secretaria de Desenvolvimento Social e Habitação,1,Fundo Municipal da Assistência Social,266170000008,Cta. 29.171-4: Incentivo Gestão SUAS / Custeio,40.223.106/0001-79,DARLU INDÚSTRIA TÊXTIL LTDA,117.30,0,117.30,0,117.30
13,Secretaria de Desenvolvimento Social e Habitação,1,Fundo Municipal da Assistência Social,266170000012,Cta. 29.170-6: PSEAC - Alta Complexidade / Investimento,22.609.215/0001-47,ALFA LICITACOES LTDA,10188.00,0,3396.00,40.75,3396.00
13,Secretaria de Desenvolvimento Social e Habitação,1,Fundo Municipal da Assistência Social,266170000012,Cta. 29.170-6: PSEAC - Alta Complexidade / Investimento,31.495.962/0002-73,B2W INFORMATICA LTDA,5185.12,0,5185.12,62.22,5185.12
13,Secretaria de Desenvolvimento Social e Habitação,1,Fundo Municipal da Assistência Social,266170000012,Cta. 29.170-6: PSEAC - Alta Complexidade / Investimento,36.521.392/0002-62,GO VENDAS ELETRONICAS LTDA,530.00,0,530.00,6.36,530.00
13,Secretaria de Desenvolvimento Social e Habitação,1,Fundo Municipal da Assistência Social,266170000012,Cta. 29.170-6: PSEAC - Alta Complexidade / Investimento,46.671.453/0001-40,EVY MOVEIS E EQUIPAMENTOS LTDA,1439.99,0,0,0,0
13,Secretaria de Desenvolvimento Social e Habitação,1,Fundo Municipal da Assistência Social,266170000012,Cta. 29.170-6: PSEAC - Alta Complexidade / Investimento,54.960.622/0001-90,MOBILIA URBANA COMÉRCIO E SERVIÇOS LTDA,725.00,0,725.00,0,725.00
13,Secretaria de Desenvolvimento Social e Habitação,1,Fundo Municipal da Assistência Social,266170000012,Cta. 29.170-6: PSEAC - Alta Complexidade / Investimento,93.920.361/0001-37,REIFLEX INDUSTRIA E COMÉRCIO DE MÓVEIS LTDA,2400.00,0,2400.00,28.80,2400.00
13,Secretaria de Desenvolvimento Social e Habitação,1,Fundo Municipal da Assistência Social,266170000013,Cta. 29.168-4: PAIF - Proteção Básica / Investimento,26.044.069/0001-00,SOMA ATACADO LTDA,1472.00,0,1472.00,17.66,1472.00
13,Secretaria de Desenvolvimento Social e Habitação,1,Fundo Municipal da Assistência Social,266170000013,Cta. 29.168-4: PAIF - Proteção Básica / Investimento,31.851.052/0001-03,EDER BASTOS & CIA LTDA,1766.00,0,0,0,0
13,Secretaria de Desenvolvimento Social e Habitação,1,Fundo Municipal da Assistência Social,266170000015,Cta. 29.171-4: Incentivo Gestão SUAS / Investimento,36.521.392/0002-62,GO VENDAS ELETRONICAS LTDA,379.00,0,0,0,0
13,Secretaria de Desenvolvimento Social e Habitação,1,Fundo Municipal da Assistência Social,266170000016,FEAS - Proteção Social Especial,29.222.667/0001-10,SK MATERIAIS PARA ESCRITORIO LTDA,30.01,0,30.01,0,30.01
13,Secretaria de Desenvolvimento Social e Habitação,1,Fundo Municipal da Assistência Social,266170000016,FEAS - Proteção Social Especial,36.225.268/0001-79,INSTALAR INSTALAÇÃO E MANUTENÇÃO LTDA,653.70,0,653.70,0,653.70
13,Secretaria de Desenvolvimento Social e Habitação,1,Fundo Municipal da Assistência Social,266170000016,FEAS - Proteção Social Especial,80.495.625/0001-00,CONFEITARIA TORTEN PARADIES LTDA,1153.56,0,1153.56,13.82,1153.56
13,Secretaria de Desenvolvimento Social e Habitação,1,Fundo Municipal da Assistência Social,266170000016,FEAS - Proteção Social Especial,95.855.078/0001-02,PANIFICADORA E CONFEITARIA DONA ELLA LTDA,178.62,0,178.62,0,178.62
13,Secretaria de Desenvolvimento Social e Habitação,1,Fundo Municipal da Assistência Social,266170000017,FEAS - Proteção Social Básica,00.736.251/0001-39,QUALICOPY SERVIÇOS E COMÉRCIO LTDA,78.50,0,78.50,0,78.50
13,Secretaria de Desenvolvimento Social e Habitação,1,Fundo Municipal da Assistência Social,266170000017,FEAS - Proteção Social Básica,01.258.027/0003-03,IPM SISTEMAS LTDA,32174.32,0,16087.16,772.20,16087.16
13,Secretaria de Desenvolvimento Social e Habitação,1,Fundo Municipal da Assistência Social,266170000017,FEAS - Proteção Social Básica,02.255.187/0001-08,UNIFIQUE TELECOMUNICAÇÕES S/A,482.80,0,482.80,23.17,482.80
13,Secretaria de Desenvolvimento Social e Habitação,1,Fundo Municipal da Assistência Social,266170000017,FEAS - Proteção Social Básica,04.724.655/0001-63,COPY LINE COMÉRCIO E SERVIÇOS LTDA,6912.00,0,2160.00,0,2160.00
13,Secretaria de Desenvolvimento Social e Habitação,1,Fundo Municipal da Assistência Social,266170000017,FEAS - Proteção Social Básica,10.749.284/0001-77,EZCUZÊ AGÊNCIA DE PUBLICIDADE E PROPAGANDA LTDA,122.50,0,122.50,5.88,122.50
13,Secretaria de Desenvolvimento Social e Habitação,1,Fundo Municipal da Assistência Social,266170000017,FEAS - Proteção Social Básica,13.340.171/0001-01,SOPRINT COMUNICACAO VISUAL LTDA,2450.00,0,2450.00,0,2450.00
13,Secretaria de Desenvolvimento Social e Habitação,1,Fundo Municipal da Assistência Social,266170000017,FEAS - Proteção Social Básica,22.873.594/0001-88,BLU PLACAS VEICULARES LTDA,140.00,0,140.00,0,140.00
13,Secretaria de Desenvolvimento Social e Habitação,1,Fundo Municipal da Assistência Social,266170000017,FEAS - Proteção Social Básica,29.222.667/0001-10,SK MATERIAIS PARA ESCRITORIO LTDA,132.00,0,132.00,1.58,132.00
13,Secretaria de Desenvolvimento Social e Habitação,1,Fundo Municipal da Assistência Social,266170000017,FEAS - Proteção Social Básica,37.143.430/0001-72,TSI CENTRO AUTOMOTIVO LTDA,1948.34,0,1948.34,0,1948.34
13,Secretaria de Desenvolvimento Social e Habitação,1,Fundo Municipal da Assistência Social,266170000017,FEAS - Proteção Social Básica,39.649.812/0001-06,MC COMÉRCIO DE ALIMENTOS E TRANSPORTES LTDA,243.10,0,243.10,2.92,243.10
13,Secretaria de Desenvolvimento Social e Habitação,1,Fundo Municipal da Assistência Social,266170000017,FEAS - Proteção Social Básica,40.738.368/0001-76,GAMBA CONEXÕES COMÉRCIO ATACADISTA DE ALIMENTOS LTDA,165.00,0,165.00,1.98,165.00
13,Secretaria de Desenvolvimento Social e Habitação,1,Fundo Municipal da Assistência Social,266170000017,FEAS - Proteção Social Básica,41.955.367/0001-46,ALIMENTOS SORETTO LTDA,1039.60,0,1039.60,12.48,1039.60
13,Secretaria de Desenvolvimento Social e Habitação,1,Fundo Municipal da Assistência Social,266170000017,FEAS - Proteção Social Básica,45.747.626/0001-02,OTHALA COMERCIO LTDA,149.50,0,149.50,1.79,149.50
13,Secretaria de Desenvolvimento Social e Habitação,1,Fundo Municipal da Assistência Social,266170000017,FEAS - Proteção Social Básica,60.353.064/0001-06,IPE DISTRIBUIDORA LTDA,70.60,0,70.60,0,70.60
13,Secretaria de Desenvolvimento Social e Habitação,1,Fundo Municipal da Assistência Social,266170000017,FEAS - Proteção Social Básica,62.917.826/0001-77,A.F DISTRIBUIDORA E COMERCIO LTDA,107.20,0,107.20,0,107.20
13,Secretaria de Desenvolvimento Social e Habitação,1,Fundo Municipal da Assistência Social,266170000017,FEAS - Proteção Social Básica,80.047.087/0001-91,CIG COMERCIO DE EMBALAGENS - EIRELI,1507.20,0,1507.20,0,1507.20
13,Secretaria de Desenvolvimento Social e Habitação,1,Fundo Municipal da Assistência Social,266170000017,FEAS - Proteção Social Básica,80.495.625/0001-00,CONFEITARIA TORTEN PARADIES LTDA,3189.62,0,1930.53,23.15,1930.53
13,Secretaria de Desenvolvimento Social e Habitação,1,Fundo Municipal da Assistência Social,266170000017,FEAS - Proteção Social Básica,82.951.310/0001-56,SECRETARIA DE ESTADO DA FAZENDA,183.12,0,183.12,0,183.12
13,Secretaria de Desenvolvimento Social e Habitação,1,Fundo Municipal da Assistência Social,266170000017,FEAS - Proteção Social Básica,85.460.079/0001-96,EMPRESA DE TRANSPORTE COLETIVO VOLKMANN LTDA,4125.00,0,4125.00,99.00,4125.00
13,Secretaria de Desenvolvimento Social e Habitação,1,Fundo Municipal da Assistência Social,266170000017,FEAS - Proteção Social Básica,95.764.890/0001-14,VIRTUAL SUPRIMENTOS LTDA,210.00,0,210.00,2.52,210.00
13,Secretaria de Desenvolvimento Social e Habitação,1,Fundo Municipal da Assistência Social,266170000017,FEAS - Proteção Social Básica,95.855.078/0001-02,PANIFICADORA E CONFEITARIA DONA ELLA LTDA,970.00,59.56,970.00,0,970.00
13,Secretaria de Desenvolvimento Social e Habitação,1,Fundo Municipal da Assistência Social,266170000300,Transferência de Recursos do FEAS - Benefícios Eventuais/Estado,016.500.932-25,LIA NEGREIROS CARDOSO CURSINO,1621.00,0,1621.00,0,1621.00
13,Secretaria de Desenvolvimento Social e Habitação,1,Fundo Municipal da Assistência Social,266170000300,Transferência de Recursos do FEAS - Benefícios Eventuais/Estado,094.654.499-97,DIONEIA FERREIRA DE MELO,1621.00,0,1621.00,0,1621.00
13,Secretaria de Desenvolvimento Social e Habitação,1,Fundo Municipal da Assistência Social,266170000300,Transferência de Recursos do FEAS - Benefícios Eventuais/Estado,131.426.275-02,EVELLYN KAUANE FEITOSA SANTOS,1621.00,0,1621.00,0,1621.00
13,Secretaria de Desenvolvimento Social e Habitação,1,Fundo Municipal da Assistência Social,266170000300,Transferência de Recursos do FEAS - Benefícios Eventuais/Estado,29.206.230/0001-93,PLENUS DISTRIBUIDORA DE GENEROS ALIMENTICIOS LTDA,3235.50,0,3235.50,38.83,3235.50
13,Secretaria de Desenvolvimento Social e Habitação,1,Fundo Municipal da Assistência Social,266170000300,Transferência de Recursos do FEAS - Benefícios Eventuais/Estado,702.111.892-94,AMANDA KAROLINE BATISTA DE ARAUJO,523.35,0,523.35,0,523.35
13,Secretaria de Desenvolvimento Social e Habitação,1,Fundo Municipal da Assistência Social,266170000300,Transferência de Recursos do FEAS - Benefícios Eventuais/Estado,974.225.259-91,URSULA WEHRMEISTER,1621.00,0,1621.00,0,1621.00
13,Secretaria de Desenvolvimento Social e Habitação,2,Conselho Tutelar,150070000000,Rec. Livres (Imp. e Transf. Const.),005.476.749-02,LUIS AUGUSTO SPRANGER,41766.00,0,20883.00,767.46,17530.41
13,Secretaria de Desenvolvimento Social e Habitação,2,Conselho Tutelar,150070000000,Rec. Livres (Imp. e Transf. Const.),00.736.251/0001-39,QUALICOPY SERVIÇOS E COMÉRCIO LTDA,12.50,0,12.50,0,12.50
13,Secretaria de Desenvolvimento Social e Habitação,2,Conselho Tutelar,150070000000,Rec. Livres (Imp. e Transf. Const.),02.255.187/0001-08,UNIFIQUE TELECOMUNICAÇÕES S/A,3862.40,1448.40,2414.00,115.85,2414.00
13,Secretaria de Desenvolvimento Social e Habitação,2,Conselho Tutelar,150070000000,Rec. Livres (Imp. e Transf. Const.),023.304.219-90,JAIR ALBERTO SCHWEIZER,540.74,427.62,540.74,0,540.74
13,Secretaria de Desenvolvimento Social e Habitação,2,Conselho Tutelar,150070000000,Rec. Livres (Imp. e Transf. Const.),027.039.599-74,THOMAS MICHAEL EISENHUT,98.00,41.67,98.00,0,98.00
13,Secretaria de Desenvolvimento Social e Habitação,2,Conselho Tutelar,150070000000,Rec. Livres (Imp. e Transf. Const.),057.469.789-65,SIMONE APARECIDA DOS SANTOS KLOTZ,47.00,8.87,47.00,0,47.00
13,Secretaria de Desenvolvimento Social e Habitação,2,Conselho Tutelar,150070000000,Rec. Livres (Imp. e Transf. Const.),065.518.689-16,LAIS ANDRESSA GLAU KUENZER,53.00,2.87,53.00,0,53.00
13,Secretaria de Desenvolvimento Social e Habitação,2,Conselho Tutelar,150070000000,Rec. Livres (Imp. e Transf. Const.),085.261.889-17,TAMARA DO NASCIMENTO,41.00,14.87,41.00,0,41.00
13,Secretaria de Desenvolvimento Social e Habitação,2,Conselho Tutelar,150070000000,Rec. Livres (Imp. e Transf. Const.),102.143.599-64,EDUARDA AVILA FLOR,70.84,40.90,70.84,0,70.84
13,Secretaria de Desenvolvimento Social e Habitação,2,Conselho Tutelar,150070000000,Rec. Livres (Imp. e Transf. Const.),105.822.549-90,LEONARDO LUIZ BRANDL,5637.09,0,5637.09,196.36,5637.09
13,Secretaria de Desenvolvimento Social e Habitação,2,Conselho Tutelar,150070000000,Rec. Livres (Imp. e Transf. Const.),153.169.168-40,RONNIE PETERSON BARROS ALVES,51.00,32.80,51.00,0,51.00
13,Secretaria de Desenvolvimento Social e Habitação,2,Conselho Tutelar,150070000000,Rec. Livres (Imp. e Transf. Const.),29.979.036/0001-40,INSS- INSTITUTO NACIONAL DO SEGURO SOCIAL,34251.34,0,34251.34,0,29164.81
13,Secretaria de Desenvolvimento Social e Habitação,2,Conselho Tutelar,150070000000,Rec. Livres (Imp. e Transf. Const.),36.225.268/0001-79,INSTALAR INSTALAÇÃO E MANUTENÇÃO LTDA,737.47,0,737.47,0,737.47
13,Secretaria de Desenvolvimento Social e Habitação,2,Conselho Tutelar,150070000000,Rec. Livres (Imp. e Transf. Const.),37.143.430/0001-72,TSI CENTRO AUTOMOTIVO LTDA,3272.50,0,2554.60,0,727.90
13,Secretaria de Desenvolvimento Social e Habitação,2,Conselho Tutelar,150070000000,Rec. Livres (Imp. e Transf. Const.),38.315.947/0001-64,CK RASTREAMENTO VEICULAR LTDA,1017.80,0,385.85,0,385.85
13,Secretaria de Desenvolvimento Social e Habitação,2,Conselho Tutelar,150070000000,Rec. Livres (Imp. e Transf. Const.),421.414.279-91,NELSON RADUENZ,45.00,62.08,45.00,0,45.00
13,Secretaria de Desenvolvimento Social e Habitação,2,Conselho Tutelar,150070000000,Rec. Livres (Imp. e Transf. Const.),62.917.826/0001-77,A.F DISTRIBUIDORA E COMERCIO LTDA,288.00,0,0,0,0
13,Secretaria de Desenvolvimento Social e Habitação,2,Conselho Tutelar,150070000000,Rec. Livres (Imp. e Transf. Const.),692.919.269-49,ANE MARIA BLANK,48.00,7.87,48.00,0,48.00
13,Secretaria de Desenvolvimento Social e Habitação,2,Conselho Tutelar,150070000000,Rec. Livres (Imp. e Transf. Const.),83.102.251/0001-04,MUNICÍPIO DE POMERODE,235921.20,0,235921.20,35633.94,235921.20
13,Secretaria de Desenvolvimento Social e Habitação,2,Conselho Tutelar,150070000000,Rec. Livres (Imp. e Transf. Const.),883.047.369-34,JOSE AMARILDO DA SILVA,51.00,32.80,51.00,0,51.00
13,Secretaria de Desenvolvimento Social e Habitação,2,Conselho Tutelar,150070000000,Rec. Livres (Imp. e Transf. Const.),905.000.759-72,CARLA SPRANGER,45116.00,0,24233.00,875.80,20880.41
13,Secretaria de Desenvolvimento Social e Habitação,2,Conselho Tutelar,150070000000,Rec. Livres (Imp. e Transf. Const.),918.562.059-91,ELEN KATIA WEEGE SCHLINGMANN,38.12,45.68,38.12,0,38.12
13,Secretaria de Desenvolvimento Social e Habitação,2,Conselho Tutelar,150070000000,Rec. Livres (Imp. e Transf. Const.),95.855.078/0001-02,PANIFICADORA E CONFEITARIA DONA ELLA LTDA,58.00,0.87,58.00,0,58.00
13,Secretaria de Desenvolvimento Social e Habitação,3,Fundo Municipal para Criança e o Adolescente,150070000000,Rec. Livres (Imp. e Transf. Const.),80.495.625/0001-00,CONFEITARIA TORTEN PARADIES LTDA,265.09,0,265.09,3.18,265.09
13,Secretaria de Desenvolvimento Social e Habitação,3,Fundo Municipal para Criança e o Adolescente,150070000000,Rec. Livres (Imp. e Transf. Const.),95.855.078/0001-02,PANIFICADORA E CONFEITARIA DONA ELLA LTDA,63.01,0.07,63.01,0,63.01
13,Secretaria de Desenvolvimento Social e Habitação,3,Fundo Municipal para Criança e o Adolescente,275970030200,FIA Demais Recursos,26.013.479/0001-94,26.013.479 ADRIANA ZANQUETA WILBERT ITO,14780.00,0,0,0,0
13,Secretaria de Desenvolvimento Social e Habitação,3,Fundo Municipal para Criança e o Adolescente,275970030200,FIA Demais Recursos,80.495.625/0001-00,CONFEITARIA TORTEN PARADIES LTDA,64.96,0,0,0,0
13,Secretaria de Desenvolvimento Social e Habitação,3,Fundo Municipal para Criança e o Adolescente,275970030200,FIA Demais Recursos,95.855.078/0001-02,PANIFICADORA E CONFEITARIA DONA ELLA LTDA,63.08,0,63.08,0,63.08
13,Secretaria de Desenvolvimento Social e Habitação,4,Fundo Municipal da Pessoa Idosa,175970000011,Fundo do Idoso - Demais Recursos,00.000.000/2472-43,BANCO DO BRASIL SA,100.00,0,0,0,0
13,Secretaria de Desenvolvimento Social e Habitação,4,Fundo Municipal da Pessoa Idosa,275970000011,Fundo do Idoso - Demais Recursos,21.107.770/0001-08,ICAP - INSTITUTO DE CAPACITACAO EM ADMINISTRACAO PUBLICA EIRELI - ME,0.00,490.00,0,0,0
13,Secretaria de Desenvolvimento Social e Habitação,4,Fundo Municipal da Pessoa Idosa,275970000011,Fundo do Idoso - Demais Recursos,31.500.148/0001-19,ANGIOLETTI ADVOCACIA,2500.00,0,0,0,0
13,Secretaria de Desenvolvimento Social e Habitação,6,Fundo Municipal de Habitação,170170000035, Portaria Conjunta SGG/SEF nº 80/2025: SCC 17208/2025 - Construção de 17 unidades habitacionais (Programa Casa Catarina),46.695.850/0001-52,RM CONSTRUÇÃO LTDA,1879318.50,0,4012.50,188.58,4012.50
15, Serviço Autônomo Municipal de Água e Esgoto de Pomerode,1,Serviço Autônomo Municipal de Água e Esgoto,150070000000,Rec. Livres (Imp. e Transf. Const.),00.000.000/2472-43,BANCO DO BRASIL SA,102494.77,0,102494.77,2390.94,102494.77
15, Serviço Autônomo Municipal de Água e Esgoto de Pomerode,1,Serviço Autônomo Municipal de Água e Esgoto,150070000000,Rec. Livres (Imp. e Transf. Const.),00.736.251/0001-39,QUALICOPY SERVIÇOS E COMÉRCIO LTDA,486.00,0,486.00,0,486.00
15, Serviço Autônomo Municipal de Água e Esgoto de Pomerode,1,Serviço Autônomo Municipal de Água e Esgoto,150070000000,Rec. Livres (Imp. e Transf. Const.),00.752.862/0001-70,METALÚRGICA MASKE LTDA,445.00,0,445.00,0,445.00
15, Serviço Autônomo Municipal de Água e Esgoto de Pomerode,1,Serviço Autônomo Municipal de Água e Esgoto,150070000000,Rec. Livres (Imp. e Transf. Const.),01.258.027/0003-03,IPM SISTEMAS LTDA,32304.72,138.04,27689.76,1329.12,27689.76
15, Serviço Autônomo Municipal de Água e Esgoto de Pomerode,1,Serviço Autônomo Municipal de Água e Esgoto,150070000000,Rec. Livres (Imp. e Transf. Const.),017.146.029-40,ADEMIR MINATTO,4761.23,0,4761.23,215.77,4761.23
15, Serviço Autônomo Municipal de Água e Esgoto de Pomerode,1,Serviço Autônomo Municipal de Água e Esgoto,150070000000,Rec. Livres (Imp. e Transf. Const.),02.255.187/0001-08,UNIFIQUE TELECOMUNICAÇÕES S/A,450.00,32.80,450.00,21.60,450.00
15, Serviço Autônomo Municipal de Água e Esgoto de Pomerode,1,Serviço Autônomo Municipal de Água e Esgoto,150070000000,Rec. Livres (Imp. e Transf. Const.),02.323.274/0001-47,KRUEGER COMÉRCIO DE MATERIAIS ELÉTRICOS E HIDRÁULICOS LTDA,268.75,0,268.75,3.22,268.75
15, Serviço Autônomo Municipal de Água e Esgoto de Pomerode,1,Serviço Autônomo Municipal de Água e Esgoto,150070000000,Rec. Livres (Imp. e Transf. Const.),03.148.398/0001-04,JORNAL DE POMERODE EDITORA LTDA,20283.50,0,20283.50,0,20283.50
15, Serviço Autônomo Municipal de Água e Esgoto de Pomerode,1,Serviço Autônomo Municipal de Água e Esgoto,150070000000,Rec. Livres (Imp. e Transf. Const.),03.277.259/0001-72,GUMZ COMERCIO E INDUSTRIA LTDA,239.28,0,239.28,2.87,239.28
15, Serviço Autônomo Municipal de Água e Esgoto de Pomerode,1,Serviço Autônomo Municipal de Água e Esgoto,150070000000,Rec. Livres (Imp. e Transf. Const.),03.508.352/0001-40,ASSOCIAÇÃO DOS SERVIDORES DO SAMAE CAMPOS NOVOS - SC,1200.00,1200.00,1200.00,0,1200.00
15, Serviço Autônomo Municipal de Água e Esgoto de Pomerode,1,Serviço Autônomo Municipal de Água e Esgoto,150070000000,Rec. Livres (Imp. e Transf. Const.),039.168.999-10,VIVIANE WEIRICH STESCKI,18049.09,0,18049.09,1668.28,18049.09
15, Serviço Autônomo Municipal de Água e Esgoto de Pomerode,1,Serviço Autônomo Municipal de Água e Esgoto,150070000000,Rec. Livres (Imp. e Transf. Const.),040.294.749-50,JOCELIA ALVES PORTELA,3906.92,0,3906.92,162.02,3906.92
15, Serviço Autônomo Municipal de Água e Esgoto de Pomerode,1,Serviço Autônomo Municipal de Água e Esgoto,150070000000,Rec. Livres (Imp. e Transf. Const.),04.043.695/0001-40,MOTORAMA MOTOS LTDA,180.00,0,180.00,0,180.00
15, Serviço Autônomo Municipal de Água e Esgoto de Pomerode,1,Serviço Autônomo Municipal de Água e Esgoto,150070000000,Rec. Livres (Imp. e Transf. Const.),04.533.821/0001-44,FUNDO DE APOSENTADORIA E PENSOES,135341.69,0,135341.69,0,135341.69
15, Serviço Autônomo Municipal de Água e Esgoto de Pomerode,1,Serviço Autônomo Municipal de Água e Esgoto,150070000000,Rec. Livres (Imp. e Transf. Const.),04.724.655/0001-63,COPY LINE COMÉRCIO E SERVIÇOS LTDA,24941.80,0,13681.80,656.73,13681.80
15, Serviço Autônomo Municipal de Água e Esgoto de Pomerode,1,Serviço Autônomo Municipal de Água e Esgoto,150070000000,Rec. Livres (Imp. e Transf. Const.),04.895.816/0001-81,SOCIEDADE VALE DE COMUNICACOES LTDA,21280.86,0,21280.86,0,21280.86
15, Serviço Autônomo Municipal de Água e Esgoto de Pomerode,1,Serviço Autônomo Municipal de Água e Esgoto,150070000000,Rec. Livres (Imp. e Transf. Const.),05.350.894/0001-63,OLI COMUNICAÇÕES LTDA,6183.75,0,6183.75,0,6183.75
15, Serviço Autônomo Municipal de Água e Esgoto de Pomerode,1,Serviço Autônomo Municipal de Água e Esgoto,150070000000,Rec. Livres (Imp. e Transf. Const.),05.381.285/0001-71,CAFE EXPRESSO MIL'S LTDA,338.58,0,338.58,0,338.58
15, Serviço Autônomo Municipal de Água e Esgoto de Pomerode,1,Serviço Autônomo Municipal de Água e Esgoto,150070000000,Rec. Livres (Imp. e Transf. Const.),05.766.304/0001-88,J-TECH SOLUÇÕES EM INFORMÁTICA LTDA,16395.30,0,16395.30,245.94,16395.30
15, Serviço Autônomo Municipal de Água e Esgoto de Pomerode,1,Serviço Autônomo Municipal de Água e Esgoto,150070000000,Rec. Livres (Imp. e Transf. Const.),060.911.779-31,JOSÉ MARIA GOMES,913.57,0,913.57,127.90,913.57
15, Serviço Autônomo Municipal de Água e Esgoto de Pomerode,1,Serviço Autônomo Municipal de Água e Esgoto,150070000000,Rec. Livres (Imp. e Transf. Const.),068.439.439-18,LEOMAR SYCHOSKI,2022.04,0,2022.04,53.20,2022.04
15, Serviço Autônomo Municipal de Água e Esgoto de Pomerode,1,Serviço Autônomo Municipal de Água e Esgoto,150070000000,Rec. Livres (Imp. e Transf. Const.),069.014.349-44,MAIQUIELI PAULA PINHEIRO MATUCHESKI,2954.49,0,2954.49,413.63,2954.49
15, Serviço Autônomo Municipal de Água e Esgoto de Pomerode,1,Serviço Autônomo Municipal de Água e Esgoto,150070000000,Rec. Livres (Imp. e Transf. Const.),074.098.949-97,DANIELLE DE MELLO FAGUNDES,5424.09,0,5424.09,148.30,5424.09
15, Serviço Autônomo Municipal de Água e Esgoto de Pomerode,1,Serviço Autônomo Municipal de Água e Esgoto,150070000000,Rec. Livres (Imp. e Transf. Const.),091.399.879-65,GEOVANI GESSNER,814.13,0,814.13,113.98,814.13
15, Serviço Autônomo Municipal de Água e Esgoto de Pomerode,1,Serviço Autônomo Municipal de Água e Esgoto,150070000000,Rec. Livres (Imp. e Transf. Const.),09.209.146/0001-16,PONTOGOV SISTEMAS LTDA,3474.32,0,3474.32,166.76,3283.22
15, Serviço Autônomo Municipal de Água e Esgoto de Pomerode,1,Serviço Autônomo Municipal de Água e Esgoto,150070000000,Rec. Livres (Imp. e Transf. Const.),103.370.019-36,MAIZA CRISTINA BORGES,1789.65,0,1789.65,86.26,1789.65
15, Serviço Autônomo Municipal de Água e Esgoto de Pomerode,1,Serviço Autônomo Municipal de Água e Esgoto,150070000000,Rec. Livres (Imp. e Transf. Const.),13.965.228/0001-68,JLM DISTRIBUIDORA BR LTDA,1177.00,0,1177.00,14.13,1177.00
15, Serviço Autônomo Municipal de Água e Esgoto de Pomerode,1,Serviço Autônomo Municipal de Água e Esgoto,150070000000,Rec. Livres (Imp. e Transf. Const.),15.555.787/0001-25,TESTO EDITORA E EVENTOS LTDA,14526.50,0,14526.50,0,12367.50
15, Serviço Autônomo Municipal de Água e Esgoto de Pomerode,1,Serviço Autônomo Municipal de Água e Esgoto,150070000000,Rec. Livres (Imp. e Transf. Const.),18.435.617/0001-03,KRAFT COMÉRCIO E SERVIÇOS LTDA,21932.12,0,18798.96,0,18798.96
15, Serviço Autônomo Municipal de Água e Esgoto de Pomerode,1,Serviço Autônomo Municipal de Água e Esgoto,150070000000,Rec. Livres (Imp. e Transf. Const.),21.597.324/0001-29,POMERANOS LOJA DE VARIEDADES LTDA,59.99,0,59.99,0.72,59.99
15, Serviço Autônomo Municipal de Água e Esgoto de Pomerode,1,Serviço Autônomo Municipal de Água e Esgoto,150070000000,Rec. Livres (Imp. e Transf. Const.),24.277.008/0001-68,CARLOS ALBERTO SCHROEDER,5335.00,0,5335.00,0,5335.00
15, Serviço Autônomo Municipal de Água e Esgoto de Pomerode,1,Serviço Autônomo Municipal de Água e Esgoto,150070000000,Rec. Livres (Imp. e Transf. Const.),278.402.468-77,FABRICIO DIAS BORGES DOS SANTOS,1219.45,0,1219.45,170.72,1219.45
15, Serviço Autônomo Municipal de Água e Esgoto de Pomerode,1,Serviço Autônomo Municipal de Água e Esgoto,150070000000,Rec. Livres (Imp. e Transf. Const.),28.857.648/0001-06,EDELCLESIO LEANDRO,150.00,0,150.00,0,150.00
15, Serviço Autônomo Municipal de Água e Esgoto de Pomerode,1,Serviço Autônomo Municipal de Água e Esgoto,150070000000,Rec. Livres (Imp. e Transf. Const.),29.979.036/0001-40,INSS- INSTITUTO NACIONAL DO SEGURO SOCIAL,85576.62,0,85576.62,878.02,71219.29
15, Serviço Autônomo Municipal de Água e Esgoto de Pomerode,1,Serviço Autônomo Municipal de Água e Esgoto,150070000000,Rec. Livres (Imp. e Transf. Const.),31.322.368/0001-08,R.S. VAREJO LTDA,267.92,0,267.92,3.22,267.92
15, Serviço Autônomo Municipal de Água e Esgoto de Pomerode,1,Serviço Autônomo Municipal de Água e Esgoto,150070000000,Rec. Livres (Imp. e Transf. Const.),32.129.341/0001-58,PRANA COMÉRCIO DE PNEUS E SERVIÇOS LTDA,1748.00,0,1748.00,0,1748.00
15, Serviço Autônomo Municipal de Água e Esgoto de Pomerode,1,Serviço Autônomo Municipal de Água e Esgoto,150070000000,Rec. Livres (Imp. e Transf. Const.),33.393.798/0002-19,PAULO ROBERTO DOS SANTOS LTDA,386.00,0,386.00,0,188.20
15, Serviço Autônomo Municipal de Água e Esgoto de Pomerode,1,Serviço Autônomo Municipal de Água e Esgoto,150070000000,Rec. Livres (Imp. e Transf. Const.),37.115.367/0001-60,MINISTERIO DO TRABALHO - MTE,18816.48,0,18816.48,0,15312.06
15, Serviço Autônomo Municipal de Água e Esgoto de Pomerode,1,Serviço Autônomo Municipal de Água e Esgoto,150070000000,Rec. Livres (Imp. e Transf. Const.),39.649.812/0001-06,MC COMÉRCIO DE ALIMENTOS E TRANSPORTES LTDA,411.00,0,411.00,4.93,411.00
15, Serviço Autônomo Municipal de Água e Esgoto de Pomerode,1,Serviço Autônomo Municipal de Água e Esgoto,150070000000,Rec. Livres (Imp. e Transf. Const.),40.738.368/0001-76,GAMBA CONEXÕES COMÉRCIO ATACADISTA DE ALIMENTOS LTDA,980.20,0,275.00,3.30,275.00
15, Serviço Autônomo Municipal de Água e Esgoto de Pomerode,1,Serviço Autônomo Municipal de Água e Esgoto,150070000000,Rec. Livres (Imp. e Transf. Const.),44.562.943/0002-64,RML PRODUTOS IMPORTADOS LTDA,140.00,0,140.00,0,140.00
15, Serviço Autônomo Municipal de Água e Esgoto de Pomerode,1,Serviço Autônomo Municipal de Água e Esgoto,150070000000,Rec. Livres (Imp. e Transf. Const.),44.649.812/0001-38,NOTRE DAME INTERMÉDICA SAÚDE S.A.,9579.66,0,3068.28,95.42,2273.29
15, Serviço Autônomo Municipal de Água e Esgoto de Pomerode,1,Serviço Autônomo Municipal de Água e Esgoto,150070000000,Rec. Livres (Imp. e Transf. Const.),53.530.973/0001-07,FABIO CAMILO TRANSPORTES LTDA,2500.00,0,2500.00,0,2500.00
15, Serviço Autônomo Municipal de Água e Esgoto de Pomerode,1,Serviço Autônomo Municipal de Água e Esgoto,150070000000,Rec. Livres (Imp. e Transf. Const.),75.293.126/0001-09,RÁDIO POMERODE LTDA,21915.86,0,21915.86,0,21915.86
15, Serviço Autônomo Municipal de Água e Esgoto de Pomerode,1,Serviço Autônomo Municipal de Água e Esgoto,150070000000,Rec. Livres (Imp. e Transf. Const.),75.786.459/0001-61,IMPRESSORA MAYER LTDA,6560.00,0,6560.00,78.72,6560.00
15, Serviço Autônomo Municipal de Água e Esgoto de Pomerode,1,Serviço Autônomo Municipal de Água e Esgoto,150070000000,Rec. Livres (Imp. e Transf. Const.),81.004.988/0001-69,JOCA COMERCIO DE MATERIAIS DE CONSTRUCAO LTDA,277.62,0,277.62,3.33,277.62
15, Serviço Autônomo Municipal de Água e Esgoto de Pomerode,1,Serviço Autônomo Municipal de Água e Esgoto,150070000000,Rec. Livres (Imp. e Transf. Const.),821.008.610-34,JOCEMAR DOS REIS CANTERLE,3385.23,0,3385.23,473.94,3385.23
15, Serviço Autônomo Municipal de Água e Esgoto de Pomerode,1,Serviço Autônomo Municipal de Água e Esgoto,150070000000,Rec. Livres (Imp. e Transf. Const.),82.624.776/0001-47,UNIMED BLUMENAU - COOPERATIVA DE TRABALHO MÉDICO,38685.34,0.39,13685.34,0,11868.57
15, Serviço Autônomo Municipal de Água e Esgoto de Pomerode,1,Serviço Autônomo Municipal de Água e Esgoto,150070000000,Rec. Livres (Imp. e Transf. Const.),85.459.907/0001-76,REFOPA JOLI PAPELARIA LTDA,521.49,0,521.49,0,521.49
15, Serviço Autônomo Municipal de Água e Esgoto de Pomerode,1,Serviço Autônomo Municipal de Água e Esgoto,150070000000,Rec. Livres (Imp. e Transf. Const.),85.461.804/0001-40,SERVICO AUTONOMO MUNICIPAL DE AGUA E ESGOTO,2196380.02,0,2196380.02,668411.56,2196380.02
15, Serviço Autônomo Municipal de Água e Esgoto de Pomerode,1,Serviço Autônomo Municipal de Água e Esgoto,150170000000,Rec. Livres,03.111.139/0001-09,CONSORCIO INTERMUNICIPAL DO MEDIO VALE DO ITAJAI,1011864.58,0,1011864.58,0,1011864.58
15, Serviço Autônomo Municipal de Água e Esgoto de Pomerode,1,Serviço Autônomo Municipal de Água e Esgoto,175370000001,Taxa de Lixo: SAMAE,00.000.000/0001-91,BANCO DO BRASIL SA,6157.73,0,6157.73,0,6157.73
15, Serviço Autônomo Municipal de Água e Esgoto de Pomerode,1,Serviço Autônomo Municipal de Água e Esgoto,175370000001,Taxa de Lixo: SAMAE,00.360.305/0001-04,CAIXA ECONOMICA FEDERAL,4500.00,10000.00,2438.64,0,2438.64
15, Serviço Autônomo Municipal de Água e Esgoto de Pomerode,1,Serviço Autônomo Municipal de Água e Esgoto,175370000001,Taxa de Lixo: SAMAE,00.394.460/0001-41,MINISTERIO DA ECONOMIA,36901.20,0,36901.20,0,31432.71
15, Serviço Autônomo Municipal de Água e Esgoto de Pomerode,1,Serviço Autônomo Municipal de Água e Esgoto,175370000001,Taxa de Lixo: SAMAE,01.478.803/0001-19,TORNEARIA NICOLETTO LTDA,10880.54,0,10880.54,0,10880.54
15, Serviço Autônomo Municipal de Água e Esgoto de Pomerode,1,Serviço Autônomo Municipal de Água e Esgoto,175370000001,Taxa de Lixo: SAMAE,017.146.029-40,ADEMIR MINATTO,660.00,0,660.00,0,660.00
15, Serviço Autônomo Municipal de Água e Esgoto de Pomerode,1,Serviço Autônomo Municipal de Água e Esgoto,175370000001,Taxa de Lixo: SAMAE,02.038.232/0001-64,BANCO COOPERATIVO DO BRASIL S.A.,1493.00,0,169.95,4.08,169.95
15, Serviço Autônomo Municipal de Água e Esgoto de Pomerode,1,Serviço Autônomo Municipal de Água e Esgoto,175370000001,Taxa de Lixo: SAMAE,02.255.187/0001-08,UNIFIQUE TELECOMUNICAÇÕES S/A,4181.22,0,4181.22,200.70,4181.22
15, Serviço Autônomo Municipal de Água e Esgoto de Pomerode,1,Serviço Autônomo Municipal de Água e Esgoto,175370000001,Taxa de Lixo: SAMAE,02.323.274/0001-47,KRUEGER COMÉRCIO DE MATERIAIS ELÉTRICOS E HIDRÁULICOS LTDA,261.60,0,261.60,3.14,261.60
15, Serviço Autônomo Municipal de Água e Esgoto de Pomerode,1,Serviço Autônomo Municipal de Água e Esgoto,175370000001,Taxa de Lixo: SAMAE,03.111.139/0001-09,CONSORCIO INTERMUNICIPAL DO MEDIO VALE DO ITAJAI,1270869.86,0,1270869.86,0,1270869.86
15, Serviço Autônomo Municipal de Água e Esgoto de Pomerode,1,Serviço Autônomo Municipal de Água e Esgoto,175370000001,Taxa de Lixo: SAMAE,03.277.259/0001-72,GUMZ COMERCIO E INDUSTRIA LTDA,499.80,0,499.80,6.00,499.80
15, Serviço Autônomo Municipal de Água e Esgoto de Pomerode,1,Serviço Autônomo Municipal de Água e Esgoto,175370000001,Taxa de Lixo: SAMAE,039.168.999-10,VIVIANE WEIRICH STESCKI,931.33,111.74,931.33,0,931.33
15, Serviço Autônomo Municipal de Água e Esgoto de Pomerode,1,Serviço Autônomo Municipal de Água e Esgoto,175370000001,Taxa de Lixo: SAMAE,039.902.353-46,FRANCISCO DENIS FÉLIX DA SILVA,4533.66,0,4533.66,196.02,4533.66
15, Serviço Autônomo Municipal de Água e Esgoto de Pomerode,1,Serviço Autônomo Municipal de Água e Esgoto,175370000001,Taxa de Lixo: SAMAE,040.294.749-50,JOCELIA ALVES PORTELA,264.00,0,264.00,0,264.00
15, Serviço Autônomo Municipal de Água e Esgoto de Pomerode,1,Serviço Autônomo Municipal de Água e Esgoto,175370000001,Taxa de Lixo: SAMAE,04.533.821/0001-44,FUNDO DE APOSENTADORIA E PENSOES,273025.90,0,273025.90,0,218519.40
15, Serviço Autônomo Municipal de Água e Esgoto de Pomerode,1,Serviço Autônomo Municipal de Água e Esgoto,175370000001,Taxa de Lixo: SAMAE,05.027.397/0001-29,MOPEN MANUTENÇÃO E OPERAÇÃO DE EQUIPAMENTOS ELETROELETRÔNICOS LTDA,7452.36,0,1731.06,83.09,1731.06
15, Serviço Autônomo Municipal de Água e Esgoto de Pomerode,1,Serviço Autônomo Municipal de Água e Esgoto,175370000001,Taxa de Lixo: SAMAE,05.463.212/0001-29,COOPERATIVA CENTRAL DE CREDITO - AILOS,4000.00,10000.00,2228.21,0,2228.21
15, Serviço Autônomo Municipal de Água e Esgoto de Pomerode,1,Serviço Autônomo Municipal de Água e Esgoto,175370000001,Taxa de Lixo: SAMAE,06.108.206/0001-16,PERFIL WEB INFORMATICA LTDA,2590.00,345.00,2220.00,0,2220.00
15, Serviço Autônomo Municipal de Água e Esgoto de Pomerode,1,Serviço Autônomo Municipal de Água e Esgoto,175370000001,Taxa de Lixo: SAMAE,068.368.749-22,CELMA DE FATIMA RODRIGUES RUAS,3483.89,0,3483.89,165.17,3483.89
15, Serviço Autônomo Municipal de Água e Esgoto de Pomerode,1,Serviço Autônomo Municipal de Água e Esgoto,175370000001,Taxa de Lixo: SAMAE,068.439.439-18,LEOMAR SYCHOSKI,36.68,0,36.68,0,36.68
15, Serviço Autônomo Municipal de Água e Esgoto de Pomerode,1,Serviço Autônomo Municipal de Água e Esgoto,175370000001,Taxa de Lixo: SAMAE,074.098.949-97,DANIELLE DE MELLO FAGUNDES,110.63,0,110.63,0,110.63
15, Serviço Autônomo Municipal de Água e Esgoto de Pomerode,1,Serviço Autônomo Municipal de Água e Esgoto,175370000001,Taxa de Lixo: SAMAE,07.482.154/0001-06,DESPACHANTE GOEDE LTDA,420.00,0,420.00,0,420.00
15, Serviço Autônomo Municipal de Água e Esgoto de Pomerode,1,Serviço Autônomo Municipal de Água e Esgoto,175370000001,Taxa de Lixo: SAMAE,080.499.002-66,DIEGO DE SOUZA SOARES,5169.45,0,5169.45,177.47,5169.45
15, Serviço Autônomo Municipal de Água e Esgoto de Pomerode,1,Serviço Autônomo Municipal de Água e Esgoto,175370000001,Taxa de Lixo: SAMAE,08.336.783/0001-90,CELESC DISTRIBUICAO S.A,16617.22,0,16617.22,174.52,16617.22
15, Serviço Autônomo Municipal de Água e Esgoto de Pomerode,1,Serviço Autônomo Municipal de Água e Esgoto,175370000001,Taxa de Lixo: SAMAE,090.663.522-56,PAULO ANDRÉ MELO VASCONCELO,5327.64,0,5327.64,180.06,5327.64
15, Serviço Autônomo Municipal de Água e Esgoto de Pomerode,1,Serviço Autônomo Municipal de Água e Esgoto,175370000001,Taxa de Lixo: SAMAE,10.158.356/0001-01,CPX DISTRIBUIDORA S/A,3011.60,0,3011.60,36.14,3011.60
15, Serviço Autônomo Municipal de Água e Esgoto de Pomerode,1,Serviço Autônomo Municipal de Água e Esgoto,175370000001,Taxa de Lixo: SAMAE,103.370.019-36,MAIZA CRISTINA BORGES,374.00,0,374.00,0,374.00
15, Serviço Autônomo Municipal de Água e Esgoto de Pomerode,1,Serviço Autônomo Municipal de Água e Esgoto,175370000001,Taxa de Lixo: SAMAE,10.501.272/0001-29,FACES EMBALAGENS PLASTICAS LTDA,84000.00,0,84000.00,0,84000.00
15, Serviço Autônomo Municipal de Água e Esgoto de Pomerode,1,Serviço Autônomo Municipal de Água e Esgoto,175370000001,Taxa de Lixo: SAMAE,11.762.843/0001-41,"AGÊNCIA INTERMUNICIPAL DE REGULACÃO, CONTROLE E FISCALIZAÇÃO DE SERVIÇOS PÚBLICOS MUNICIPAIS DO MÉDIO VALE DO ITAJAÍ - AGIR",50927.24,800.00,18727.24,0,16051.92
15, Serviço Autônomo Municipal de Água e Esgoto de Pomerode,1,Serviço Autônomo Municipal de Água e Esgoto,175370000001,Taxa de Lixo: SAMAE,12.075.748/0001-32,CONSÓRCIO INTERFEDERATIVO SANTA CATARINA - CINCATARINA,610.50,0,0,0,0
15, Serviço Autônomo Municipal de Água e Esgoto de Pomerode,1,Serviço Autônomo Municipal de Água e Esgoto,175370000001,Taxa de Lixo: SAMAE,14.027.991/0001-00,SIGASUL LTDA,1020.48,749.36,1020.48,48.99,1020.48
15, Serviço Autônomo Municipal de Água e Esgoto de Pomerode,1,Serviço Autônomo Municipal de Água e Esgoto,175370000001,Taxa de Lixo: SAMAE,14.631.753/0001-00,INDUSTRIA E COMERCIO DE EMBALAGENS 21 LTDA,156088.05,151.70,156088.05,1873.06,156088.05
15, Serviço Autônomo Municipal de Água e Esgoto de Pomerode,1,Serviço Autônomo Municipal de Água e Esgoto,175370000001,Taxa de Lixo: SAMAE,18.177.266/0001-70,CONECTA.COM TELECOMUNICAÇÕES E INFORMÁTICA LTDA,5974.24,0,5974.24,0,5974.24
15, Serviço Autônomo Municipal de Água e Esgoto de Pomerode,1,Serviço Autônomo Municipal de Água e Esgoto,175370000001,Taxa de Lixo: SAMAE,19.355.231/0001-46,CATIA VOLKMANN LTDA,400.00,0,400.00,0,400.00
15, Serviço Autônomo Municipal de Água e Esgoto de Pomerode,1,Serviço Autônomo Municipal de Água e Esgoto,175370000001,Taxa de Lixo: SAMAE,23.725.801/0001-10,JVA OBRAS DE URBANIZAÇÃO LTDA,171340.15,0,167359.75,6443.35,167359.75
15, Serviço Autônomo Municipal de Água e Esgoto de Pomerode,1,Serviço Autônomo Municipal de Água e Esgoto,175370000001,Taxa de Lixo: SAMAE,26.044.069/0001-00,SOMA ATACADO LTDA,100.10,0,100.10,1.20,1.20
15, Serviço Autônomo Municipal de Água e Esgoto de Pomerode,1,Serviço Autônomo Municipal de Água e Esgoto,175370000001,Taxa de Lixo: SAMAE,26.093.870/0001-46,RACLI LIMPEZA URBANA LTDA,13200.00,13200.00,13200.00,633.60,13200.00
15, Serviço Autônomo Municipal de Água e Esgoto de Pomerode,1,Serviço Autônomo Municipal de Água e Esgoto,175370000001,Taxa de Lixo: SAMAE,28.900.401/0001-17,LINKMAQ COMERCIO E ASSISTENCIA DE MAQUINAS E EQUIPAMENTOS LTDA,65.00,0,65.00,0,65.00
15, Serviço Autônomo Municipal de Água e Esgoto de Pomerode,1,Serviço Autônomo Municipal de Água e Esgoto,175370000001,Taxa de Lixo: SAMAE,290.819.209-87,REINALDO SCHWARTZ,8345.69,0,8345.69,392.80,8345.69
15, Serviço Autônomo Municipal de Água e Esgoto de Pomerode,1,Serviço Autônomo Municipal de Água e Esgoto,175370000001,Taxa de Lixo: SAMAE,29.979.036/0001-40,INSS- INSTITUTO NACIONAL DO SEGURO SOCIAL,12479.90,0,12479.90,270.16,12479.90
15, Serviço Autônomo Municipal de Água e Esgoto de Pomerode,1,Serviço Autônomo Municipal de Água e Esgoto,175370000001,Taxa de Lixo: SAMAE,31.038.666/0001-62,JULIANO SILVIO TAFNER,400.00,0,400.00,0,400.00
15, Serviço Autônomo Municipal de Água e Esgoto de Pomerode,1,Serviço Autônomo Municipal de Água e Esgoto,175370000001,Taxa de Lixo: SAMAE,32.129.341/0001-58,PRANA COMÉRCIO DE PNEUS E SERVIÇOS LTDA,2120.00,0,2120.00,0,2120.00
15, Serviço Autônomo Municipal de Água e Esgoto de Pomerode,1,Serviço Autônomo Municipal de Água e Esgoto,175370000001,Taxa de Lixo: SAMAE,33.154.286/0001-19,SEBMED PRODUTOS PARA A SAÚDE EIRELI,327.84,0,327.84,0,327.84
15, Serviço Autônomo Municipal de Água e Esgoto de Pomerode,1,Serviço Autônomo Municipal de Água e Esgoto,175370000001,Taxa de Lixo: SAMAE,35.242.060/0001-03,LUCIANA DA SILVA SANTOS LTDA,5184.20,0,5184.20,0,5184.20
15, Serviço Autônomo Municipal de Água e Esgoto de Pomerode,1,Serviço Autônomo Municipal de Água e Esgoto,175370000001,Taxa de Lixo: SAMAE,36.225.268/0001-79,INSTALAR INSTALAÇÃO E MANUTENÇÃO LTDA,565.04,0,565.04,0,565.04
15, Serviço Autônomo Municipal de Água e Esgoto de Pomerode,1,Serviço Autônomo Municipal de Água e Esgoto,175370000001,Taxa de Lixo: SAMAE,37.115.367/0001-60,MINISTERIO DO TRABALHO - MTE,3903.14,0,3903.14,0,3903.14
15, Serviço Autônomo Municipal de Água e Esgoto de Pomerode,1,Serviço Autônomo Municipal de Água e Esgoto,175370000001,Taxa de Lixo: SAMAE,37.143.430/0001-72,TSI CENTRO AUTOMOTIVO LTDA,8742.64,3.60,8712.32,0,1469.32
15, Serviço Autônomo Municipal de Água e Esgoto de Pomerode,1,Serviço Autônomo Municipal de Água e Esgoto,175370000001,Taxa de Lixo: SAMAE,43.496.899/0001-98,ALS UNIFORMES PROFISSIONAIS LTTDA,8545.00,0,8545.00,0,8545.00
15, Serviço Autônomo Municipal de Água e Esgoto de Pomerode,1,Serviço Autônomo Municipal de Água e Esgoto,175370000001,Taxa de Lixo: SAMAE,50.675.079/0001-29,POMERWASSER AMBIENTAL S.P.E. S.A.,778.49,0,778.49,37.39,656.97
15, Serviço Autônomo Municipal de Água e Esgoto de Pomerode,1,Serviço Autônomo Municipal de Água e Esgoto,175370000001,Taxa de Lixo: SAMAE,60.746.948/0001-12,BANCO BRADESCO S.A.,2500.00,5000.00,1015.19,36.65,1015.19
15, Serviço Autônomo Municipal de Água e Esgoto de Pomerode,1,Serviço Autônomo Municipal de Água e Esgoto,175370000001,Taxa de Lixo: SAMAE,75.415.075/0002-13,RUDIPEL - RUDNICK PETRÓLEO LTDA,65819.30,36962.60,18353.80,44.02,14808.82
15, Serviço Autônomo Municipal de Água e Esgoto de Pomerode,1,Serviço Autônomo Municipal de Água e Esgoto,175370000001,Taxa de Lixo: SAMAE,79.511.812/0001-51,SERVMED CLINICA DE MEDICINA DO TRABALHO LTDA,7003.43,868.50,5991.44,74.71,5991.44
15, Serviço Autônomo Municipal de Água e Esgoto de Pomerode,1,Serviço Autônomo Municipal de Água e Esgoto,175370000001,Taxa de Lixo: SAMAE,82.511.643/0001-64,CONSELHO REGIONAL DE ENGENHARIA E AGRONOMIA DE SANTA CATARINA - CREA-SC,108.39,108.39,108.39,0,108.39
15, Serviço Autônomo Municipal de Água e Esgoto de Pomerode,1,Serviço Autônomo Municipal de Água e Esgoto,175370000001,Taxa de Lixo: SAMAE,82.750.316/0001-65,NELSO HOGE COMERCIO DE GLP LTDA,260.00,0,260.00,0.62,260.00
15, Serviço Autônomo Municipal de Água e Esgoto de Pomerode,1,Serviço Autônomo Municipal de Água e Esgoto,175370000001,Taxa de Lixo: SAMAE,82.895.970/0001-67,FEDERACAO DAS CAMARAS DE DIRIGENTES LOJISTAS DE SC,678.50,0.05,678.50,32.56,678.50
15, Serviço Autônomo Municipal de Água e Esgoto de Pomerode,1,Serviço Autônomo Municipal de Água e Esgoto,175370000001,Taxa de Lixo: SAMAE,82.951.310/0001-56,SECRETARIA DE ESTADO DA FAZENDA,1045.59,0,1045.59,0,1045.59
15, Serviço Autônomo Municipal de Água e Esgoto de Pomerode,1,Serviço Autônomo Municipal de Água e Esgoto,175370000001,Taxa de Lixo: SAMAE,83.636.399/0001-29,ASSOCIACAO EMPRESARIAL DE POMERODE - ACIP,350.00,0,300.00,0,300.00
15, Serviço Autônomo Municipal de Água e Esgoto de Pomerode,1,Serviço Autônomo Municipal de Água e Esgoto,175370000001,Taxa de Lixo: SAMAE,85.104.289/0001-41,M.D.M. COMÉRCIO E SERVIÇOS LTDA,95140.33,0,95140.33,1474.63,70729.47
15, Serviço Autônomo Municipal de Água e Esgoto de Pomerode,1,Serviço Autônomo Municipal de Água e Esgoto,175370000001,Taxa de Lixo: SAMAE,85.143.105/0001-52,ORTUS SOLUÇÕES AMBIENTAIS LTDA,3050.00,146.40,3050.00,0,1220.00
15, Serviço Autônomo Municipal de Água e Esgoto de Pomerode,1,Serviço Autônomo Municipal de Água e Esgoto,175370000001,Taxa de Lixo: SAMAE,85.459.907/0001-76,REFOPA JOLI PAPELARIA LTDA,105.50,0,105.50,0,105.50
15, Serviço Autônomo Municipal de Água e Esgoto de Pomerode,1,Serviço Autônomo Municipal de Água e Esgoto,175370000001,Taxa de Lixo: SAMAE,85.461.804/0001-40,SERVICO AUTONOMO MUNICIPAL DE AGUA E ESGOTO,650151.03,0,650151.03,89386.13,650151.03
15, Serviço Autônomo Municipal de Água e Esgoto de Pomerode,1,Serviço Autônomo Municipal de Água e Esgoto,175370000001,Taxa de Lixo: SAMAE,86.910.148/0001-89,DIBRAPE - DISTRIBUIDORA BRASILEIRA DE PETRÓLEO LTDA,33382.65,0,12022.65,28.86,9838.50
15, Serviço Autônomo Municipal de Água e Esgoto de Pomerode,1,Serviço Autônomo Municipal de Água e Esgoto,175370000001,Taxa de Lixo: SAMAE,900.408.999-34,MOACIR ROSA,0.00,121.05,0.00,0,0
15, Serviço Autônomo Municipal de Água e Esgoto de Pomerode,1,Serviço Autônomo Municipal de Água e Esgoto,175670000001, SAMAE (Recursos de Alienação de Bens/Ativos - Administração Indireta),39.434.226/0001-36,CLEANLURB PRODUTOS & SERVICOS LTDA,4549.40,0,0,0,0
15, Serviço Autônomo Municipal de Água e Esgoto de Pomerode,1,Serviço Autônomo Municipal de Água e Esgoto,175670000001, SAMAE (Recursos de Alienação de Bens/Ativos - Administração Indireta),41.555.641/0001-90,ELEVE TELHAS METALICAS LTDA,2170.00,0,0,0,0
15, Serviço Autônomo Municipal de Água e Esgoto de Pomerode,1,Serviço Autônomo Municipal de Água e Esgoto,175670000001, SAMAE (Recursos de Alienação de Bens/Ativos - Administração Indireta),49.535.491/0001-64,F.COMM COMERCIO E DISTRIBUIDORA LTDA,734.57,0,0,0,0
15, Serviço Autônomo Municipal de Água e Esgoto de Pomerode,1,Serviço Autônomo Municipal de Água e Esgoto,175670000001, SAMAE (Recursos de Alienação de Bens/Ativos - Administração Indireta),55.442.589/0001-70,SKY CLEAN COM. EQUIPAMENTOS LTDA,4792.00,0,0,0,0
15, Serviço Autônomo Municipal de Água e Esgoto de Pomerode,1,Serviço Autônomo Municipal de Água e Esgoto,275370000001,Taxa de Lixo: SAMAE - Superavit,00.682.614/0001-09,RH AUTOMACAO INDUSTRIAL LTDA,389.56,0,389.56,4.67,4.67
15, Serviço Autônomo Municipal de Água e Esgoto de Pomerode,1,Serviço Autônomo Municipal de Água e Esgoto,275370000001,Taxa de Lixo: SAMAE - Superavit,06.913.480/0026-16,DIMENSIONAL BRASIL SOLUCOES LTDA,2155.16,0,2155.16,25.86,25.86
15, Serviço Autônomo Municipal de Água e Esgoto de Pomerode,1,Serviço Autônomo Municipal de Água e Esgoto,275370000001,Taxa de Lixo: SAMAE - Superavit,10.632.657/0001-25,COMBATE FOGO EXTINTORES LTDA ME,960.00,0,960.00,0,0
15, Serviço Autônomo Municipal de Água e Esgoto de Pomerode,1,Serviço Autônomo Municipal de Água e Esgoto,275370000001,Taxa de Lixo: SAMAE - Superavit,12.132.459/0001-28,ALBERI EQUIPAMENTOS LTDA,2300.00,0,2300.00,190.90,190.90
15, Serviço Autônomo Municipal de Água e Esgoto de Pomerode,1,Serviço Autônomo Municipal de Água e Esgoto,275370000001,Taxa de Lixo: SAMAE - Superavit,14.255.257/0001-07,RAFAEL KUHN - ME,960.00,0,960.00,11.52,11.52
15, Serviço Autônomo Municipal de Água e Esgoto de Pomerode,1,Serviço Autônomo Municipal de Água e Esgoto,275370000001,Taxa de Lixo: SAMAE - Superavit,19.355.231/0001-46,CATIA VOLKMANN LTDA,1125.00,0,1125.00,0,0
15, Serviço Autônomo Municipal de Água e Esgoto de Pomerode,1,Serviço Autônomo Municipal de Água e Esgoto,275370000001,Taxa de Lixo: SAMAE - Superavit,23.327.029/0001-88,SERRALHERIA NOVA LTDA,21200.00,0,21200.00,0,0
15, Serviço Autônomo Municipal de Água e Esgoto de Pomerode,1,Serviço Autônomo Municipal de Água e Esgoto,275370000001,Taxa de Lixo: SAMAE - Superavit,23.725.801/0001-10,JVA OBRAS DE URBANIZAÇÃO LTDA,76829.54,0,76829.54,2957.93,50889.89
15, Serviço Autônomo Municipal de Água e Esgoto de Pomerode,1,Serviço Autônomo Municipal de Água e Esgoto,275370000001,Taxa de Lixo: SAMAE - Superavit,44.398.032/0001-62,LG COMERCIO DE EMBALAGENS LTDA,3200.00,0,3200.00,0,3200.00
15, Serviço Autônomo Municipal de Água e Esgoto de Pomerode,1,Serviço Autônomo Municipal de Água e Esgoto,275370000001,Taxa de Lixo: SAMAE - Superavit,79.511.812/0001-51,SERVMED CLINICA DE MEDICINA DO TRABALHO LTDA,152.00,0,152.00,0,152.00
15, Serviço Autônomo Municipal de Água e Esgoto de Pomerode,1,Serviço Autônomo Municipal de Água e Esgoto,275370000001,Taxa de Lixo: SAMAE - Superavit,85.143.105/0001-52,ORTUS SOLUÇÕES AMBIENTAIS LTDA,1220.00,73.20,1220.00,0,0
16,Fundo de Aposentadoria e Pensão de Pomerode,1,Fundo de Aposentadoria e Pensão de Pomerode,150070000000,Rec. Livres (Imp. e Transf. Const.),04.533.821/0001-44,FUNDO DE APOSENTADORIA E PENSOES,1029795.56,4793.37,1029795.56,237865.52,1029795.56
16,Fundo de Aposentadoria e Pensão de Pomerode,1,Fundo de Aposentadoria e Pensão de Pomerode,180011110000,Rec. vinc. ao RPPS - Poder Executivo,005.078.209-67,ALMIRA REINKE,0.00,441.79,0.00,0,0.00
16,Fundo de Aposentadoria e Pensão de Pomerode,1,Fundo de Aposentadoria e Pensão de Pomerode,180011110000,Rec. vinc. ao RPPS - Poder Executivo,04.533.821/0001-44,FUNDO DE APOSENTADORIA E PENSOES,12083719.25,146806.82,12083719.25,3228680.61,12083719.25
16,Fundo de Aposentadoria e Pensão de Pomerode,1,Fundo de Aposentadoria e Pensão de Pomerode,180011110000,Rec. vinc. ao RPPS - Poder Executivo,07.855.180/0001-32,INSTITUTO DE APOSENTADORIA E PENSÕES DOS SERVIDORES PUBLICOS MUNICIPAIS DE INDAIAL,236.13,0,236.13,0,236.13
16,Fundo de Aposentadoria e Pensão de Pomerode,1,Fundo de Aposentadoria e Pensão de Pomerode,180011110000,Rec. vinc. ao RPPS - Poder Executivo,14.522.175/0001-73,FUNDO MUNICIPAL DE PREVIDENCIA SOCIAL,18.10,0,18.10,0,18.10
16,Fundo de Aposentadoria e Pensão de Pomerode,1,Fundo de Aposentadoria e Pensão de Pomerode,180011110000,Rec. vinc. ao RPPS - Poder Executivo,381.995.059-15,VENDELINO PACKER,675.42,0,675.42,0,675.42
16,Fundo de Aposentadoria e Pensão de Pomerode,1,Fundo de Aposentadoria e Pensão de Pomerode,180270000000,Rec. vinc. ao RPPS - Taxa de Administração,00.000.000/2472-43,BANCO DO BRASIL SA,5490.82,0,1490.82,0,1490.82
16,Fundo de Aposentadoria e Pensão de Pomerode,1,Fundo de Aposentadoria e Pensão de Pomerode,180270000000,Rec. vinc. ao RPPS - Taxa de Administração,00.360.305/1880-73,CAIXA ECONOMICA FEDERAL,1688.00,128.74,688.00,0,688.00
16,Fundo de Aposentadoria e Pensão de Pomerode,1,Fundo de Aposentadoria e Pensão de Pomerode,180270000000,Rec. vinc. ao RPPS - Taxa de Administração,00.736.251/0001-39,QUALICOPY SERVIÇOS E COMÉRCIO LTDA,37.50,0,37.50,0,37.50
16,Fundo de Aposentadoria e Pensão de Pomerode,1,Fundo de Aposentadoria e Pensão de Pomerode,180270000000,Rec. vinc. ao RPPS - Taxa de Administração,01.258.027/0003-03,IPM SISTEMAS LTDA,30231.29,3159.56,9791.00,462.39,9791.00
16,Fundo de Aposentadoria e Pensão de Pomerode,1,Fundo de Aposentadoria e Pensão de Pomerode,180270000000,Rec. vinc. ao RPPS - Taxa de Administração,04.533.821/0001-44,FUNDO DE APOSENTADORIA E PENSOES,366031.00,31932.37,366031.00,89562.75,366031.00
16,Fundo de Aposentadoria e Pensão de Pomerode,1,Fundo de Aposentadoria e Pensão de Pomerode,180270000000,Rec. vinc. ao RPPS - Taxa de Administração,054.058.739-77,ANDERSON AMAURI PERINI,419.00,0,419.00,0,419.00
16,Fundo de Aposentadoria e Pensão de Pomerode,1,Fundo de Aposentadoria e Pensão de Pomerode,180270000000,Rec. vinc. ao RPPS - Taxa de Administração,05.773.229/0001-82,INSTITUTO TOTUM DE DESENVOLVIMENTO E GESTÃO EMPRESARIAL LTDA.,3312.96,3312.96,3312.96,0,3312.96
16,Fundo de Aposentadoria e Pensão de Pomerode,1,Fundo de Aposentadoria e Pensão de Pomerode,180270000000,Rec. vinc. ao RPPS - Taxa de Administração,05.945.207/0001-52,GRIMM PISOS E DECORACOES LTDA,890.00,0,890.00,0,890.00
16,Fundo de Aposentadoria e Pensão de Pomerode,1,Fundo de Aposentadoria e Pensão de Pomerode,180270000000,Rec. vinc. ao RPPS - Taxa de Administração,08.729.009/0001-40,COPPINI & CIA LTDA,14361.60,0,14361.60,0,14361.60
16,Fundo de Aposentadoria e Pensão de Pomerode,1,Fundo de Aposentadoria e Pensão de Pomerode,180270000000,Rec. vinc. ao RPPS - Taxa de Administração,10.541.510/0001-20,I F CONSULTORIA ATUARIAL LTDA,15164.47,0,5877.94,282.12,5074.23
16,Fundo de Aposentadoria e Pensão de Pomerode,1,Fundo de Aposentadoria e Pensão de Pomerode,180270000000,Rec. vinc. ao RPPS - Taxa de Administração,11.882.190/0001-34,SMI PRIME - CONSULTORIA DE INVESTIMENTOS LTDA,65595.00,0,26238.00,1259.40,26238.00
16,Fundo de Aposentadoria e Pensão de Pomerode,1,Fundo de Aposentadoria e Pensão de Pomerode,180270000000,Rec. vinc. ao RPPS - Taxa de Administração,13.340.171/0001-01,SOPRINT COMUNICACAO VISUAL LTDA,588.00,0,588.00,0,588.00
16,Fundo de Aposentadoria e Pensão de Pomerode,1,Fundo de Aposentadoria e Pensão de Pomerode,180270000000,Rec. vinc. ao RPPS - Taxa de Administração,18.780.623/0001-90,NOAR TURISMO LTDA,2796.13,1228.45,2796.13,0,2796.13
16,Fundo de Aposentadoria e Pensão de Pomerode,1,Fundo de Aposentadoria e Pensão de Pomerode,180270000000,Rec. vinc. ao RPPS - Taxa de Administração,29.184.280/0001-17,ASSOCIACÃO BRASILEIRA DE INSTITUICOES DE PREVIDENCIA ESTADUAISE MUNICIPAIS-ABIPEM,4335.00,1045.00,4335.00,0,4335.00
16,Fundo de Aposentadoria e Pensão de Pomerode,1,Fundo de Aposentadoria e Pensão de Pomerode,180270000000,Rec. vinc. ao RPPS - Taxa de Administração,42.422.253/0001-01,EMPRESA DE TECNOLOGIA E INFORMAÇÕES DA PREVIDÊNCIA - DATAPREV S.A.,5700.00,0,1800.00,0,1500.00
16,Fundo de Aposentadoria e Pensão de Pomerode,1,Fundo de Aposentadoria e Pensão de Pomerode,180270000000,Rec. vinc. ao RPPS - Taxa de Administração,53.439.116/0001-98,ÁGUIA EDUCAÇÃO E SOLUÇÕES EXECUTIVAS LTDA,46800.00,0,10400.00,249.60,5200.00
16,Fundo de Aposentadoria e Pensão de Pomerode,1,Fundo de Aposentadoria e Pensão de Pomerode,180270000000,Rec. vinc. ao RPPS - Taxa de Administração,82.895.970/0001-67,FEDERACAO DAS CAMARAS DE DIRIGENTES LOJISTAS DE SC,290.00,0,290.00,13.92,290.00
16,Fundo de Aposentadoria e Pensão de Pomerode,1,Fundo de Aposentadoria e Pensão de Pomerode,180270000000,Rec. vinc. ao RPPS - Taxa de Administração,902.395.209-04,CIDINHA SALETE GIOVANELLA DALLABRIDA,419.00,0,419.00,0,419.00
16,Fundo de Aposentadoria e Pensão de Pomerode,1,Fundo de Aposentadoria e Pensão de Pomerode,180270000000,Rec. vinc. ao RPPS - Taxa de Administração,93.920.361/0001-37,REIFLEX INDUSTRIA E COMÉRCIO DE MÓVEIS LTDA,483.00,0,483.00,5.79,483.00
16,Fundo de Aposentadoria e Pensão de Pomerode,1,Fundo de Aposentadoria e Pensão de Pomerode,180270000000,Rec. vinc. ao RPPS - Taxa de Administração,999.434.769-15,GISELE CANEVER DE SOUZA,251.40,0,251.40,0,251.40
16,Fundo de Aposentadoria e Pensão de Pomerode,1,Fundo de Aposentadoria e Pensão de Pomerode,280011110000,Recursos vinculados ao RPPS - Poder Executivo,04.515.660/0001-66,INSTITUTO MUNICIPAL DE SEGURIDADE SOCIAL DO SERVIDOR DE BLUMENAU - SC - ISSBLU,28180.66,0,4180.66,0,3865.93
16,Fundo de Aposentadoria e Pensão de Pomerode,1,Fundo de Aposentadoria e Pensão de Pomerode,280011110000,Recursos vinculados ao RPPS - Poder Executivo,04.533.821/0001-44,FUNDO DE APOSENTADORIA E PENSOES,1799772.70,138597.58,1799772.70,559368.08,1799772.70
16,Fundo de Aposentadoria e Pensão de Pomerode,1,Fundo de Aposentadoria e Pensão de Pomerode,280011110000,Recursos vinculados ao RPPS - Poder Executivo,07.855.180/0001-32,INSTITUTO DE APOSENTADORIA E PENSÕES DOS SERVIDORES PUBLICOS MUNICIPAIS DE INDAIAL,3601.60,0,601.60,0,481.28
16,Fundo de Aposentadoria e Pensão de Pomerode,1,Fundo de Aposentadoria e Pensão de Pomerode,280011110000,Recursos vinculados ao RPPS - Poder Executivo,14.522.175/0001-73,FUNDO MUNICIPAL DE PREVIDENCIA SOCIAL,3046.10,0,46.10,0,36.88
16,Fundo de Aposentadoria e Pensão de Pomerode,1,Fundo de Aposentadoria e Pensão de Pomerode,280011110000,Recursos vinculados ao RPPS - Poder Executivo,16.727.230/0001-97,"COORDENACAO GERAL  DE ORÇAMENTO, FINANÇAS E CONTABILIDADE - FRGPS",633364.04,0,63364.04,0,63364.04
16,Fundo de Aposentadoria e Pensão de Pomerode,1,Fundo de Aposentadoria e Pensão de Pomerode,280011210000,Recursos vinculados ao RPPS - Poder Legislativo,04.533.821/0001-44,FUNDO DE APOSENTADORIA E PENSOES,183012.89,0,183012.89,51259.03,183012.89
16,Fundo de Aposentadoria e Pensão de Pomerode,1,Fundo de Aposentadoria e Pensão de Pomerode,280270000000,Recursos vinculados ao RPPS - Taxa de Administração,04.533.821/0001-44,FUNDO DE APOSENTADORIA E PENSOES,58500.00,0,58500.00,14183.09,58500.00
19,Fundo Municipal de Saúde,1,Atenção Primária em Saúde,150010020000, Rec. Livres (Imp. e Transf. Const.): ASPS 15%,014.214.640-47,JAIANE PIRES DA SILVA,843.32,0,843.32,0,843.32
19,Fundo Municipal de Saúde,1,Atenção Primária em Saúde,150010020000, Rec. Livres (Imp. e Transf. Const.): ASPS 15%,02.248.312/0001-44,CEPALAB LABORATORIOS S.A,3800.00,0,0,0,0
19,Fundo Municipal de Saúde,1,Atenção Primária em Saúde,150010020000, Rec. Livres (Imp. e Transf. Const.): ASPS 15%,02.377.937/0001-06,RC MÓVEIS E EQUIPAMENTOS HOSPITALARES LTDA,3120.00,0,3120.00,37.44,3120.00
19,Fundo Municipal de Saúde,1,Atenção Primária em Saúde,150010020000, Rec. Livres (Imp. e Transf. Const.): ASPS 15%,028.053.950-93,IVANA URACH,47514.22,0,47514.22,4827.62,47514.22
19,Fundo Municipal de Saúde,1,Atenção Primária em Saúde,150010020000, Rec. Livres (Imp. e Transf. Const.): ASPS 15%,03.269.695/0001-08,CONSORCIO PUBLICO INTERFEDERATIVO DE SAUDE E SERVICOS DO VALE EUROPEU CISAMVE,382935.90,0,167887.55,0,149456.83
19,Fundo Municipal de Saúde,1,Atenção Primária em Saúde,150010020000, Rec. Livres (Imp. e Transf. Const.): ASPS 15%,03.277.259/0001-72,GUMZ COMERCIO E INDUSTRIA LTDA,7497.00,0,7497.00,89.96,7497.00
19,Fundo Municipal de Saúde,1,Atenção Primária em Saúde,150010020000, Rec. Livres (Imp. e Transf. Const.): ASPS 15%,03.652.030/0003-32,CENTERMEDI-COMERCIO DE PRODUTOS HOSPITALARES LTDA,2967.00,0,2967.00,35.61,2967.00
19,Fundo Municipal de Saúde,1,Atenção Primária em Saúde,150010020000, Rec. Livres (Imp. e Transf. Const.): ASPS 15%,04.533.209/0001-71,REDE FEMININA DE COMBATE AO CANCER DE POMERODE,75930.00,0,8590.00,0,8590.00
19,Fundo Municipal de Saúde,1,Atenção Primária em Saúde,150010020000, Rec. Livres (Imp. e Transf. Const.): ASPS 15%,04.533.821/0001-44,FUNDO DE APOSENTADORIA E PENSOES,1394051.80,78188.25,1394051.80,0,1182567.24
19,Fundo Municipal de Saúde,1,Atenção Primária em Saúde,150010020000, Rec. Livres (Imp. e Transf. Const.): ASPS 15%,04.709.243/0001-54,"BS EQUIPAMENTOS, INDÚSTRIA E COMÉRCIO LTDA",19673.97,0,19673.97,236.09,19673.97
19,Fundo Municipal de Saúde,1,Atenção Primária em Saúde,150010020000, Rec. Livres (Imp. e Transf. Const.): ASPS 15%,047.462.157-07,WERNER CRISTIAN VIANNA PRASSER,16807.28,0,16807.28,323.80,16807.28
19,Fundo Municipal de Saúde,1,Atenção Primária em Saúde,150010020000, Rec. Livres (Imp. e Transf. Const.): ASPS 15%,04.813.163/0001-44,GTA GESTÃO AMBIENTAL LTDA,49669.70,0,18469.70,2093.25,18469.70
19,Fundo Municipal de Saúde,1,Atenção Primária em Saúde,150010020000, Rec. Livres (Imp. e Transf. Const.): ASPS 15%,065.163.069-07,LAURITA DE OLIVEIRA,326.47,0,326.47,0,326.47
19,Fundo Municipal de Saúde,1,Atenção Primária em Saúde,150010020000, Rec. Livres (Imp. e Transf. Const.): ASPS 15%,068.359.795-77,VALDEIR JOSÉ SILVA SANTOS,7561.91,0,7561.91,1514.12,7561.91
19,Fundo Municipal de Saúde,1,Atenção Primária em Saúde,150010020000, Rec. Livres (Imp. e Transf. Const.): ASPS 15%,07.752.236/0001-23,MEDILAR IMPORTAÇÃO E DISTRIBUIÇÃO DE PRODUTOS MÉDICO HOSPITALARES S/A,2668.00,0,2668.00,32.01,2668.00
19,Fundo Municipal de Saúde,1,Atenção Primária em Saúde,150010020000, Rec. Livres (Imp. e Transf. Const.): ASPS 15%,08.336.783/0001-90,CELESC DISTRIBUICAO S.A,229637.71,0,79637.71,955.88,79637.71
19,Fundo Municipal de Saúde,1,Atenção Primária em Saúde,150010020000, Rec. Livres (Imp. e Transf. Const.): ASPS 15%,084.355.559-92,FRANCIELE CECCHIN,0.00,55.87,0,0,0
19,Fundo Municipal de Saúde,1,Atenção Primária em Saúde,150010020000, Rec. Livres (Imp. e Transf. Const.): ASPS 15%,087.414.899-50,ANA LUISA BOING ALVARENGA,38400.94,0,38400.94,7254.77,38400.94
19,Fundo Municipal de Saúde,1,Atenção Primária em Saúde,150010020000, Rec. Livres (Imp. e Transf. Const.): ASPS 15%,09.196.745/0001-42,"SEBOLD COMERCIAL ATACADO DE PRODUTOS, ALIMENTOS E EQUIPAMENTOS LTDA",1465.20,0,0,0,0
19,Fundo Municipal de Saúde,1,Atenção Primária em Saúde,150010020000, Rec. Livres (Imp. e Transf. Const.): ASPS 15%,098.534.329-00,GUSTAVO FERREIRA MATTOS,25685.16,0,25685.16,3659.85,25685.16
19,Fundo Municipal de Saúde,1,Atenção Primária em Saúde,150010020000, Rec. Livres (Imp. e Transf. Const.): ASPS 15%,10.807.173/0001-70,MEDPOA COMÉRCIO DE MATERIAL HOSPITALAR LTDA,400.00,0,0,0,0
19,Fundo Municipal de Saúde,1,Atenção Primária em Saúde,150010020000, Rec. Livres (Imp. e Transf. Const.): ASPS 15%,11.436.910/0001-38,FUNDO MUNICIPAL DE SAUDE DE POMERODE,11169676.12,578214.34,11169676.12,3634199.04,11169676.12
19,Fundo Municipal de Saúde,1,Atenção Primária em Saúde,150010020000, Rec. Livres (Imp. e Transf. Const.): ASPS 15%,12.561.319/0001-75,NOVAINSTRUMENTS EQUIPAMENTOS PARA LABORATÓRIO LTDA,10260.00,0,10260.00,123.12,10260.00
19,Fundo Municipal de Saúde,1,Atenção Primária em Saúde,150010020000, Rec. Livres (Imp. e Transf. Const.): ASPS 15%,13.809.328/0001-03,SINNC - SOLUÇÕES LTDA,65834.88,0,32917.44,1580.04,32917.44
19,Fundo Municipal de Saúde,1,Atenção Primária em Saúde,150010020000, Rec. Livres (Imp. e Transf. Const.): ASPS 15%,13.965.228/0001-68,JLM DISTRIBUIDORA BR LTDA,28484.32,0,20735.32,248.84,20735.32
19,Fundo Municipal de Saúde,1,Atenção Primária em Saúde,150010020000, Rec. Livres (Imp. e Transf. Const.): ASPS 15%,15.644.251/0001-86,GMAES TELECOM LTDA,10440.00,0,4176.00,200.44,4176.00
19,Fundo Municipal de Saúde,1,Atenção Primária em Saúde,150010020000, Rec. Livres (Imp. e Transf. Const.): ASPS 15%,18.233.020/0001-78,MARTINES EMPRESARIAL LTDA,949.50,0,949.50,0,0
19,Fundo Municipal de Saúde,1,Atenção Primária em Saúde,150010020000, Rec. Livres (Imp. e Transf. Const.): ASPS 15%,18.780.623/0001-90,NOAR TURISMO LTDA,1740.64,0,1740.64,0,1740.64
19,Fundo Municipal de Saúde,1,Atenção Primária em Saúde,150010020000, Rec. Livres (Imp. e Transf. Const.): ASPS 15%,23.608.114/0001-14,SUELEN DAIANE KANIS,1058.00,0,1058.00,0,1058.00
19,Fundo Municipal de Saúde,1,Atenção Primária em Saúde,150010020000, Rec. Livres (Imp. e Transf. Const.): ASPS 15%,26.044.069/0001-00,SOMA ATACADO LTDA,3127.90,0,2380.90,28.57,2380.90
19,Fundo Municipal de Saúde,1,Atenção Primária em Saúde,150010020000, Rec. Livres (Imp. e Transf. Const.): ASPS 15%,26.950.671/0001-07,LICERI COMERCIO DE PRODUTOS EM GERAL LTDA,1444.50,0,1444.50,0,481.50
19,Fundo Municipal de Saúde,1,Atenção Primária em Saúde,150010020000, Rec. Livres (Imp. e Transf. Const.): ASPS 15%,285.434.118-07,ANA CAROLINA MARTINS DE MEDEIROS,2586.96,0,2586.96,155.35,2586.96
19,Fundo Municipal de Saúde,1,Atenção Primária em Saúde,150010020000, Rec. Livres (Imp. e Transf. Const.): ASPS 15%,28.877.319/0001-19,PIETRA ODONTO IMPORTACAO E DISTRIBUIDORA LTDA,1344.00,0,1344.00,0,1344.00
19,Fundo Municipal de Saúde,1,Atenção Primária em Saúde,150010020000, Rec. Livres (Imp. e Transf. Const.): ASPS 15%,29.222.667/0001-10,SK MATERIAIS PARA ESCRITORIO LTDA,1984.00,0,1348.00,16.18,1348.00
19,Fundo Municipal de Saúde,1,Atenção Primária em Saúde,150010020000, Rec. Livres (Imp. e Transf. Const.): ASPS 15%,29.979.036/0001-40,INSS- INSTITUTO NACIONAL DO SEGURO SOCIAL,172809.92,636.00,172809.92,0,126985.94
19,Fundo Municipal de Saúde,1,Atenção Primária em Saúde,150010020000, Rec. Livres (Imp. e Transf. Const.): ASPS 15%,33.154.286/0001-19,SEBMED PRODUTOS PARA A SAÚDE EIRELI,1701.60,0,1701.60,0,1701.60
19,Fundo Municipal de Saúde,1,Atenção Primária em Saúde,150010020000, Rec. Livres (Imp. e Transf. Const.): ASPS 15%,36.225.268/0001-79,INSTALAR INSTALAÇÃO E MANUTENÇÃO LTDA,59046.33,0,24553.66,0,24553.66
19,Fundo Municipal de Saúde,1,Atenção Primária em Saúde,150010020000, Rec. Livres (Imp. e Transf. Const.): ASPS 15%,36.521.392/0002-62,GO VENDAS ELETRONICAS LTDA,3630.00,0,3630.00,43.56,3630.00
19,Fundo Municipal de Saúde,1,Atenção Primária em Saúde,150010020000, Rec. Livres (Imp. e Transf. Const.): ASPS 15%,37.115.367/0001-60,MINISTERIO DO TRABALHO - MTE,83403.79,293.19,83403.78,0,59547.40
19,Fundo Municipal de Saúde,1,Atenção Primária em Saúde,150010020000, Rec. Livres (Imp. e Transf. Const.): ASPS 15%,38.315.947/0001-64,CK RASTREAMENTO VEICULAR LTDA,406.00,0,101.50,0,101.50
19,Fundo Municipal de Saúde,1,Atenção Primária em Saúde,150010020000, Rec. Livres (Imp. e Transf. Const.): ASPS 15%,38.613.730/0001-30,JM PAPELARIA LTDA,876.00,0,876.00,10.51,876.00
19,Fundo Municipal de Saúde,1,Atenção Primária em Saúde,150010020000, Rec. Livres (Imp. e Transf. Const.): ASPS 15%,39.357.755/0001-83,STATUS PRO HIGIENE E LIMPEZA LTDA,410.00,0,0,0,0
19,Fundo Municipal de Saúde,1,Atenção Primária em Saúde,150010020000, Rec. Livres (Imp. e Transf. Const.): ASPS 15%,39.649.812/0001-06,MC COMÉRCIO DE ALIMENTOS E TRANSPORTES LTDA,417.00,0,417.00,5.00,417.00
19,Fundo Municipal de Saúde,1,Atenção Primária em Saúde,150010020000, Rec. Livres (Imp. e Transf. Const.): ASPS 15%,39.655.478/0001-95,SEBOLD INDUSTRIA DE COSMETICOS LTDA,16059.84,0,12163.68,145.98,12163.68
19,Fundo Municipal de Saúde,1,Atenção Primária em Saúde,150010020000, Rec. Livres (Imp. e Transf. Const.): ASPS 15%,40.357.151/0001-16,SAO BENTO COMERCIO DE EMBALAGENS PLASTICAS LTDA,2674.80,0,0,0,0
19,Fundo Municipal de Saúde,1,Atenção Primária em Saúde,150010020000, Rec. Livres (Imp. e Transf. Const.): ASPS 15%,40.738.368/0001-76,GAMBA CONEXÕES COMÉRCIO ATACADISTA DE ALIMENTOS LTDA,7766.00,1264.50,7325.00,87.91,5399.29
19,Fundo Municipal de Saúde,1,Atenção Primária em Saúde,150010020000, Rec. Livres (Imp. e Transf. Const.): ASPS 15%,41.331.812/0001-05,SMARTMED ASSISTÊNCIA TÉCNICA DE EQUIPAMENTOS MÉDICO HOSPITALAR LTDA,610.00,0,610.00,0,610.00
19,Fundo Municipal de Saúde,1,Atenção Primária em Saúde,150010020000, Rec. Livres (Imp. e Transf. Const.): ASPS 15%,41.955.367/0001-46,ALIMENTOS SORETTO LTDA,4678.20,0,4678.20,56.14,4678.20
19,Fundo Municipal de Saúde,1,Atenção Primária em Saúde,150010020000, Rec. Livres (Imp. e Transf. Const.): ASPS 15%,43.877.098/0001-72,CRIATIVA PAPELARIA E ARMARINHOS LTDA,654.00,0,654.00,7.85,654.00
19,Fundo Municipal de Saúde,1,Atenção Primária em Saúde,150010020000, Rec. Livres (Imp. e Transf. Const.): ASPS 15%,44.899.803/0001-03,3B COMERCIAL LTDA,331.20,0,0,0,0
19,Fundo Municipal de Saúde,1,Atenção Primária em Saúde,150010020000, Rec. Livres (Imp. e Transf. Const.): ASPS 15%,45.203.145/0001-28,LICITAMED PRIME COMERCIAL LTDA,1198.00,0,1198.00,0,1198.00
19,Fundo Municipal de Saúde,1,Atenção Primária em Saúde,150010020000, Rec. Livres (Imp. e Transf. Const.): ASPS 15%,45.747.626/0001-02,OTHALA COMERCIO LTDA,1478.00,822.70,1478.00,17.74,1478.00
19,Fundo Municipal de Saúde,1,Atenção Primária em Saúde,150010020000, Rec. Livres (Imp. e Transf. Const.): ASPS 15%,48.400.615/0001-31,M. M. DOS SANTOS - MARIA ANITA DISTRIBUIDORA,1749.00,0,0,0,0
19,Fundo Municipal de Saúde,1,Atenção Primária em Saúde,150010020000, Rec. Livres (Imp. e Transf. Const.): ASPS 15%,49.512.790/0001-83,KINDERBABY COMERCIO DE FRALDAS E ACESSÓRIOS LTDA,6252.96,0,6252.96,0,6252.96
19,Fundo Municipal de Saúde,1,Atenção Primária em Saúde,150010020000, Rec. Livres (Imp. e Transf. Const.): ASPS 15%,50.675.079/0001-29,POMERWASSER AMBIENTAL S.P.E. S.A.,33855.25,0,7355.25,329.95,7355.25
19,Fundo Municipal de Saúde,1,Atenção Primária em Saúde,150010020000, Rec. Livres (Imp. e Transf. Const.): ASPS 15%,51.892.897/0001-46,JT MEDICAMENTOS LTDA,2587.20,0,2587.20,31.04,1309.12
19,Fundo Municipal de Saúde,1,Atenção Primária em Saúde,150010020000, Rec. Livres (Imp. e Transf. Const.): ASPS 15%,53.121.054/0001-71,LOPES LIMPEZA LTDA,3852.00,0,3852.00,0,2868.00
19,Fundo Municipal de Saúde,1,Atenção Primária em Saúde,150010020000, Rec. Livres (Imp. e Transf. Const.): ASPS 15%,53.795.421/0001-12,M A F VILAS BOAS SERVICOS & CIA LTDA,150000.00,0,0,0,0
19,Fundo Municipal de Saúde,1,Atenção Primária em Saúde,150010020000, Rec. Livres (Imp. e Transf. Const.): ASPS 15%,543.609.359-00,DIRCE ZAGO DOS SANTOS,13528.19,0,13528.19,2178.17,13528.19
19,Fundo Municipal de Saúde,1,Atenção Primária em Saúde,150010020000, Rec. Livres (Imp. e Transf. Const.): ASPS 15%,54.960.622/0001-90,MOBILIA URBANA COMÉRCIO E SERVIÇOS LTDA,7140.00,0,5500.00,19.68,5500.00
19,Fundo Municipal de Saúde,1,Atenção Primária em Saúde,150010020000, Rec. Livres (Imp. e Transf. Const.): ASPS 15%,62.917.826/0001-77,A.F DISTRIBUIDORA E COMERCIO LTDA,246.00,0,246.00,0,246.00
19,Fundo Municipal de Saúde,1,Atenção Primária em Saúde,150010020000, Rec. Livres (Imp. e Transf. Const.): ASPS 15%,705.419.739-91,ADIR BONI,3299.12,0,3299.12,22.77,3299.12
19,Fundo Municipal de Saúde,1,Atenção Primária em Saúde,150010020000, Rec. Livres (Imp. e Transf. Const.): ASPS 15%,767.784.369-72,SINIRA TEREZINHA LEANDRO GONÇALVES SABATKE,18417.50,0,18417.50,1839.20,18417.50
19,Fundo Municipal de Saúde,1,Atenção Primária em Saúde,150010020000, Rec. Livres (Imp. e Transf. Const.): ASPS 15%,79.846.465/0001-18,GOEDERT LTDA,3844.70,0,3844.70,46.13,2560.30
19,Fundo Municipal de Saúde,1,Atenção Primária em Saúde,150010020000, Rec. Livres (Imp. e Transf. Const.): ASPS 15%,80.047.087/0001-91,CIG COMERCIO DE EMBALAGENS - EIRELI,4186.00,0,4186.00,0,4186.00
19,Fundo Municipal de Saúde,1,Atenção Primária em Saúde,150010020000, Rec. Livres (Imp. e Transf. Const.): ASPS 15%,83.240.028/0001-23,COPAPEL COM. E REPRESENTACOES DE PAPEL LTDA,118.40,0,118.40,1.42,118.40
19,Fundo Municipal de Saúde,1,Atenção Primária em Saúde,150010020000, Rec. Livres (Imp. e Transf. Const.): ASPS 15%,850.437.109-34,MARLETE KLUG,13005.77,0,13005.77,645.82,13005.77
19,Fundo Municipal de Saúde,1,Atenção Primária em Saúde,150010020000, Rec. Livres (Imp. e Transf. Const.): ASPS 15%,85.288.843/0001-98,AGUA DOCE LTDA,9851.85,0,2846.09,0,2846.09
19,Fundo Municipal de Saúde,1,Atenção Primária em Saúde,150010020000, Rec. Livres (Imp. e Transf. Const.): ASPS 15%,86.910.148/0001-89,DIBRAPE - DISTRIBUIDORA BRASILEIRA DE PETRÓLEO LTDA,19224.00,0,9612.00,23.05,9612.00
19,Fundo Municipal de Saúde,1,Atenção Primária em Saúde,150010020000, Rec. Livres (Imp. e Transf. Const.): ASPS 15%,93.920.361/0001-37,REIFLEX INDUSTRIA E COMÉRCIO DE MÓVEIS LTDA,2851.00,0,2851.00,34.21,2851.00
19,Fundo Municipal de Saúde,1,Atenção Primária em Saúde,150070000000,Rec. Livres (Imp. e Transf. Const.),41.331.812/0001-05,SMARTMED ASSISTÊNCIA TÉCNICA DE EQUIPAMENTOS MÉDICO HOSPITALAR LTDA,23904.54,13693.35,6168.81,0,5707.83
19,Fundo Municipal de Saúde,1,Atenção Primária em Saúde,150070000000,Rec. Livres (Imp. e Transf. Const.),79.291.878/0001-83,ODONTO BLU COMÉRCIO E ASSISTÊNCIA TÉCNICA LTDA,11598.57,0,1815.45,0,1815.45
19,Fundo Municipal de Saúde,1,Atenção Primária em Saúde,150070000000,Rec. Livres (Imp. e Transf. Const.),81.004.988/0001-69,JOCA COMERCIO DE MATERIAIS DE CONSTRUCAO LTDA,280.50,0,280.50,3.37,280.50
19,Fundo Municipal de Saúde,1,Atenção Primária em Saúde,150070110002,Emenda Impositiva Municipal 02/2026,32.597.474/0001-59,STOKMETAL INDUSTRIA E COMERCIO LTDA,184.00,0,184.00,0,0
19,Fundo Municipal de Saúde,1,Atenção Primária em Saúde,150070110011,Emenda Impositiva Municipal 11/2026,35.652.184/0001-59,VETRE COMERCIO DE EQUIPAMENTOS E SUPRIMENTOS DE INFORMATICA LTDA,19440.00,0,19440.00,233.28,19440.00
19,Fundo Municipal de Saúde,1,Atenção Primária em Saúde,150070110023,Emenda Impositiva Municipal 23/2026,65.149.197/0002-51,REPREMIG REPRESENTAÇÃO COMERCIO DE MINAS GERAIS LTDA,22611.12,0,0,0,0
19,Fundo Municipal de Saúde,1,Atenção Primária em Saúde,150070110030,Emenda Impositiva Municipal 30/2026,95.433.397/0001-11,COMERCIO DE MATERIAIS MEDICO HOSPITALARES MACROSUL LTDA,646.00,0,0,0,0
19,Fundo Municipal de Saúde,1,Atenção Primária em Saúde,150070110034,Emenda Impositiva Municipal 34/2026,04.533.209/0001-71,REDE FEMININA DE COMBATE AO CANCER DE POMERODE,105452.00,0,10566.00,0,10566.00
19,Fundo Municipal de Saúde,1,Atenção Primária em Saúde,150070110037,Emenda Impositiva Municipal 37/2026,06.923.493/0001-18,MEDFIO INDUSTRIA E COMERCIO DE ARTIGOS ODONTOLOGICOS LTDA.,2165.80,0,0,0,0
19,Fundo Municipal de Saúde,1,Atenção Primária em Saúde,150070110037,Emenda Impositiva Municipal 37/2026,11.145.401/0001-56,L A DALLA PORTA JUNIOR LTDA,26433.00,0,0,0,0
19,Fundo Municipal de Saúde,1,Atenção Primária em Saúde,150070110045,Emenda Impositiva Municipal 45/2026,10.841.010/0001-03,VASPJ REPRESENTAÇÕES E COMÉRCIO DE EQUIPAMENTOS LTDA,88800.00,0,44400.00,0,44400.00
19,Fundo Municipal de Saúde,1,Atenção Primária em Saúde,150170000000,Rec. Livres,09.944.371/0001-04,SULMEDIC COMÉRCIO DE MEDICAMENTOS LTDA,288.00,0,288.00,3.46,288.00
19,Fundo Municipal de Saúde,1,Atenção Primária em Saúde,150170000000,Rec. Livres,10.928.104/0001-14,POMERODE DECALQUE PRESTADORA DE SERVICOS LTDA,1140.00,0,0,0,0
19,Fundo Municipal de Saúde,1,Atenção Primária em Saúde,150170000000,Rec. Livres,11.118.645/0001-40,SPOTECH INFORMÁTICA CORAL LTDA,146.36,0,146.36,1.76,146.36
19,Fundo Municipal de Saúde,1,Atenção Primária em Saúde,150170000000,Rec. Livres,11.145.401/0001-56,L A DALLA PORTA JUNIOR LTDA,1305.00,0,1305.00,15.66,1305.00
19,Fundo Municipal de Saúde,1,Atenção Primária em Saúde,150170000000,Rec. Livres,13.809.328/0001-03,SINNC - SOLUÇÕES LTDA,480.33,0,480.33,23.06,480.33
19,Fundo Municipal de Saúde,1,Atenção Primária em Saúde,150170000000,Rec. Livres,33.842.718/0001-84,NSC COMERCIO DE ALIMENTOS LTDA,402.00,0,402.00,4.82,402.00
19,Fundo Municipal de Saúde,1,Atenção Primária em Saúde,150170000000,Rec. Livres,35.309.196/0001-85,WM COMÉRCIO E SERVIÇO LTDA,1050.00,0,0,0,0
19,Fundo Municipal de Saúde,1,Atenção Primária em Saúde,150170000000,Rec. Livres,36.811.724/0001-62,ALESSANDRO ENGEL,14667.15,0,2933.43,322.67,2933.43
19,Fundo Municipal de Saúde,1,Atenção Primária em Saúde,150170000000,Rec. Livres,37.143.430/0001-72,TSI CENTRO AUTOMOTIVO LTDA,1567.32,0,432.32,0,432.32
19,Fundo Municipal de Saúde,1,Atenção Primária em Saúde,150170000000,Rec. Livres,38.315.947/0001-64,CK RASTREAMENTO VEICULAR LTDA,704.40,0,352.20,0,352.20
19,Fundo Municipal de Saúde,1,Atenção Primária em Saúde,150170000000,Rec. Livres,39.649.812/0001-06,MC COMÉRCIO DE ALIMENTOS E TRANSPORTES LTDA,129.20,0,129.20,1.55,129.20
19,Fundo Municipal de Saúde,1,Atenção Primária em Saúde,150170000000,Rec. Livres,39.988.022/0001-47,FGS COMERCIAL LTDA,481.77,0,0,0,0
19,Fundo Municipal de Saúde,1,Atenção Primária em Saúde,150170000000,Rec. Livres,47.171.447/0001-97,"VOGLIO IMPORTADORA, EXPORTADORA E REPRESENTACOES LTDA",0.00,387.60,0,0,0
19,Fundo Municipal de Saúde,1,Atenção Primária em Saúde,150170000000,Rec. Livres,82.997.446/0001-05,RS DISTRIBUIDORA E COMERCIO LTDA,123.00,0,123.00,0,123.00
19,Fundo Municipal de Saúde,1,Atenção Primária em Saúde,160031101003,"Emenda n° 202643390008 (Incremento temporário ao custeio APS de metas/Incremento PAP, matérias médicos, odonto e insumos, manuntenção UBS)",00.802.002/0001-02,ALTERMED MATERIAL MÉDICO HOSPITALAR LTDA,4333.30,0,1710.00,20.52,20.52
19,Fundo Municipal de Saúde,1,Atenção Primária em Saúde,160031101003,"Emenda n° 202643390008 (Incremento temporário ao custeio APS de metas/Incremento PAP, matérias médicos, odonto e insumos, manuntenção UBS)",02.520.829/0003-02,DIMASTER - COMERCIO DE PRODUTOS HOSPITALARES LTDA.,8028.00,0,108.00,1.30,108.00
19,Fundo Municipal de Saúde,1,Atenção Primária em Saúde,160031101003,"Emenda n° 202643390008 (Incremento temporário ao custeio APS de metas/Incremento PAP, matérias médicos, odonto e insumos, manuntenção UBS)",03.652.030/0003-32,CENTERMEDI-COMERCIO DE PRODUTOS HOSPITALARES LTDA,4528.75,0,110.00,1.32,1.32
19,Fundo Municipal de Saúde,1,Atenção Primária em Saúde,160031101003,"Emenda n° 202643390008 (Incremento temporário ao custeio APS de metas/Incremento PAP, matérias médicos, odonto e insumos, manuntenção UBS)",04.415.316/0002-86,GENIAL PRODUTOS PARA LIMPEZA LTDA,4112.00,0,0,0,0
19,Fundo Municipal de Saúde,1,Atenção Primária em Saúde,160031101003,"Emenda n° 202643390008 (Incremento temporário ao custeio APS de metas/Incremento PAP, matérias médicos, odonto e insumos, manuntenção UBS)",05.117.514/0001-45,INSTALART MATERIAIS ELETRICOS LTDA,104.28,0,0,0,0
19,Fundo Municipal de Saúde,1,Atenção Primária em Saúde,160031101003,"Emenda n° 202643390008 (Incremento temporário ao custeio APS de metas/Incremento PAP, matérias médicos, odonto e insumos, manuntenção UBS)",05.375.586/0001-92,CARDIOTRONIC IMPORTACAO E COMERCIO DE PRODUTOS MEDICOS LTDA,6288.70,0,3580.80,42.97,42.97
19,Fundo Municipal de Saúde,1,Atenção Primária em Saúde,160031101003,"Emenda n° 202643390008 (Incremento temporário ao custeio APS de metas/Incremento PAP, matérias médicos, odonto e insumos, manuntenção UBS)",05.565.018/0001-54,SIGNA SHOES EXPORTACAO E IMPORTACAO LTDA,3464.90,0,2685.00,32.22,2685.00
19,Fundo Municipal de Saúde,1,Atenção Primária em Saúde,160031101003,"Emenda n° 202643390008 (Incremento temporário ao custeio APS de metas/Incremento PAP, matérias médicos, odonto e insumos, manuntenção UBS)",07.164.711/0001-40,FUFA-SC DISTRIBUIDORA HOSPITALAR LTDA,28301.85,0,6503.00,78.04,78.04
19,Fundo Municipal de Saúde,1,Atenção Primária em Saúde,160031101003,"Emenda n° 202643390008 (Incremento temporário ao custeio APS de metas/Incremento PAP, matérias médicos, odonto e insumos, manuntenção UBS)",07.460.912/0002-76,LEONARDO A. VERZA LTDA,894.00,0,894.00,0,894.00
19,Fundo Municipal de Saúde,1,Atenção Primária em Saúde,160031101003,"Emenda n° 202643390008 (Incremento temporário ao custeio APS de metas/Incremento PAP, matérias médicos, odonto e insumos, manuntenção UBS)",07.752.236/0001-23,MEDILAR IMPORTAÇÃO E DISTRIBUIÇÃO DE PRODUTOS MÉDICO HOSPITALARES S/A,29796.32,0,7574.16,90.89,90.89
19,Fundo Municipal de Saúde,1,Atenção Primária em Saúde,160031101003,"Emenda n° 202643390008 (Incremento temporário ao custeio APS de metas/Incremento PAP, matérias médicos, odonto e insumos, manuntenção UBS)",11.118.645/0001-40,SPOTECH INFORMÁTICA CORAL LTDA,840.31,0,0,0,0
19,Fundo Municipal de Saúde,1,Atenção Primária em Saúde,160031101003,"Emenda n° 202643390008 (Incremento temporário ao custeio APS de metas/Incremento PAP, matérias médicos, odonto e insumos, manuntenção UBS)",11.145.401/0001-56,L A DALLA PORTA JUNIOR LTDA,24821.84,0,0,0,0
19,Fundo Municipal de Saúde,1,Atenção Primária em Saúde,160031101003,"Emenda n° 202643390008 (Incremento temporário ao custeio APS de metas/Incremento PAP, matérias médicos, odonto e insumos, manuntenção UBS)",19.827.192/0001-32,CPC COMÉRCIO E REPRESENTAÇÕES COMERCIAIS LTDA,1477.20,0,0,0,0
19,Fundo Municipal de Saúde,1,Atenção Primária em Saúde,160031101003,"Emenda n° 202643390008 (Incremento temporário ao custeio APS de metas/Incremento PAP, matérias médicos, odonto e insumos, manuntenção UBS)",19.941.698/0001-78,CARLOS ENRIQUE LUSSANI,532.58,0,532.58,0,0
19,Fundo Municipal de Saúde,1,Atenção Primária em Saúde,160031101003,"Emenda n° 202643390008 (Incremento temporário ao custeio APS de metas/Incremento PAP, matérias médicos, odonto e insumos, manuntenção UBS)",20.861.961/0001-06,HOSP MEDIC SERVICOS LTDA,532.80,0,266.40,0,266.40
19,Fundo Municipal de Saúde,1,Atenção Primária em Saúde,160031101003,"Emenda n° 202643390008 (Incremento temporário ao custeio APS de metas/Incremento PAP, matérias médicos, odonto e insumos, manuntenção UBS)",21.596.355/0001-65,DENTAX COMERCIO DE PRODUTOS ODONTOLOGICOS LTDA,605.50,0,0,0,0
19,Fundo Municipal de Saúde,1,Atenção Primária em Saúde,160031101003,"Emenda n° 202643390008 (Incremento temporário ao custeio APS de metas/Incremento PAP, matérias médicos, odonto e insumos, manuntenção UBS)",25.341.162/0001-14,"MEGA DENTAL IMPORTAÇÃO, EXPORTAÇÃO E COMÉRCIO DE PRODUTOS ODONTOLÓGICOS EIRELI - ME",268.90,0,0,0,0
19,Fundo Municipal de Saúde,1,Atenção Primária em Saúde,160031101003,"Emenda n° 202643390008 (Incremento temporário ao custeio APS de metas/Incremento PAP, matérias médicos, odonto e insumos, manuntenção UBS)",26.044.069/0001-00,SOMA ATACADO LTDA,101.00,0,0,0,0
19,Fundo Municipal de Saúde,1,Atenção Primária em Saúde,160031101003,"Emenda n° 202643390008 (Incremento temporário ao custeio APS de metas/Incremento PAP, matérias médicos, odonto e insumos, manuntenção UBS)",27.311.107/0001-07,SC MED DISTRIBUIDORA MEDICO HOSPITALAR LTDA,6239.88,0,0,0,0
19,Fundo Municipal de Saúde,1,Atenção Primária em Saúde,160031101003,"Emenda n° 202643390008 (Incremento temporário ao custeio APS de metas/Incremento PAP, matérias médicos, odonto e insumos, manuntenção UBS)",31.851.052/0001-03,EDER BASTOS & CIA LTDA,493.52,0,493.52,0,493.52
19,Fundo Municipal de Saúde,1,Atenção Primária em Saúde,160031101003,"Emenda n° 202643390008 (Incremento temporário ao custeio APS de metas/Incremento PAP, matérias médicos, odonto e insumos, manuntenção UBS)",33.154.286/0001-19,SEBMED PRODUTOS PARA A SAÚDE EIRELI,598.80,0,0,0,0
19,Fundo Municipal de Saúde,1,Atenção Primária em Saúde,160031101003,"Emenda n° 202643390008 (Incremento temporário ao custeio APS de metas/Incremento PAP, matérias médicos, odonto e insumos, manuntenção UBS)",36.521.392/0002-62,GO VENDAS ELETRONICAS LTDA,1223.34,0,1223.34,14.68,1223.34
19,Fundo Municipal de Saúde,1,Atenção Primária em Saúde,160031101003,"Emenda n° 202643390008 (Incremento temporário ao custeio APS de metas/Incremento PAP, matérias médicos, odonto e insumos, manuntenção UBS)",37.143.430/0001-72,TSI CENTRO AUTOMOTIVO LTDA,1010.00,0,520.00,0,520.00
19,Fundo Municipal de Saúde,1,Atenção Primária em Saúde,160031101003,"Emenda n° 202643390008 (Incremento temporário ao custeio APS de metas/Incremento PAP, matérias médicos, odonto e insumos, manuntenção UBS)",38.613.730/0001-30,JM PAPELARIA LTDA,161.94,0,161.94,1.94,161.94
19,Fundo Municipal de Saúde,1,Atenção Primária em Saúde,160031101003,"Emenda n° 202643390008 (Incremento temporário ao custeio APS de metas/Incremento PAP, matérias médicos, odonto e insumos, manuntenção UBS)",43.877.098/0001-72,CRIATIVA PAPELARIA E ARMARINHOS LTDA,104.25,0,0,0,0
19,Fundo Municipal de Saúde,1,Atenção Primária em Saúde,160031101003,"Emenda n° 202643390008 (Incremento temporário ao custeio APS de metas/Incremento PAP, matérias médicos, odonto e insumos, manuntenção UBS)",50.958.011/0001-57,LICITA SHOP COMERCIO E SERVICOS LTDA,148.50,0,148.50,0,148.50
19,Fundo Municipal de Saúde,1,Atenção Primária em Saúde,160031101003,"Emenda n° 202643390008 (Incremento temporário ao custeio APS de metas/Incremento PAP, matérias médicos, odonto e insumos, manuntenção UBS)",51.892.897/0001-46,JT MEDICAMENTOS LTDA,1078.00,445.50,539.00,6.47,539.00
19,Fundo Municipal de Saúde,1,Atenção Primária em Saúde,160031101003,"Emenda n° 202643390008 (Incremento temporário ao custeio APS de metas/Incremento PAP, matérias médicos, odonto e insumos, manuntenção UBS)",59.309.302/0001-99,INJEX INDÚSTRIAS CIRÚRGICAS LTDA,1390.00,0,150.00,1.80,1.80
19,Fundo Municipal de Saúde,1,Atenção Primária em Saúde,160031101003,"Emenda n° 202643390008 (Incremento temporário ao custeio APS de metas/Incremento PAP, matérias médicos, odonto e insumos, manuntenção UBS)",71.505.564/0001-24,EMIGE MATERIAIS ODONTOLÓGICOS LTDA,251.40,0,251.40,3.02,251.40
19,Fundo Municipal de Saúde,1,Atenção Primária em Saúde,160031101003,"Emenda n° 202643390008 (Incremento temporário ao custeio APS de metas/Incremento PAP, matérias médicos, odonto e insumos, manuntenção UBS)",72.150.550/0001-06,DENTAL MED + LTDA,448.80,0,0,0,0
19,Fundo Municipal de Saúde,1,Atenção Primária em Saúde,160031101003,"Emenda n° 202643390008 (Incremento temporário ao custeio APS de metas/Incremento PAP, matérias médicos, odonto e insumos, manuntenção UBS)",83.157.032/0001-22,METROMED COM. DE MATERIAL MÉDICO HOSPITALAR LTDA,5737.50,0,2646.00,31.75,31.75
19,Fundo Municipal de Saúde,1,Atenção Primária em Saúde,160031101004,"Emenda n° 202639320002 (Incremento temporário ao custeio APS de metas/Incremento PAP, Ações de Cuidados: materiais distribuição gratuita, fórmulas)",00.802.002/0001-02,ALTERMED MATERIAL MÉDICO HOSPITALAR LTDA,59932.08,0,35825.98,429.91,35825.98
19,Fundo Municipal de Saúde,1,Atenção Primária em Saúde,160031101004,"Emenda n° 202639320002 (Incremento temporário ao custeio APS de metas/Incremento PAP, Ações de Cuidados: materiais distribuição gratuita, fórmulas)",02.520.829/0003-02,DIMASTER - COMERCIO DE PRODUTOS HOSPITALARES LTDA.,27335.79,0,13905.90,166.87,12246.06
19,Fundo Municipal de Saúde,1,Atenção Primária em Saúde,160031101004,"Emenda n° 202639320002 (Incremento temporário ao custeio APS de metas/Incremento PAP, Ações de Cuidados: materiais distribuição gratuita, fórmulas)",03.612.312/0004-97,NUTRIPORT COMERCIAL LTDA,7422.72,0,0,0,0
19,Fundo Municipal de Saúde,1,Atenção Primária em Saúde,160031101004,"Emenda n° 202639320002 (Incremento temporário ao custeio APS de metas/Incremento PAP, Ações de Cuidados: materiais distribuição gratuita, fórmulas)",03.652.030/0003-32,CENTERMEDI-COMERCIO DE PRODUTOS HOSPITALARES LTDA,27991.32,0,16754.52,201.05,12997.82
19,Fundo Municipal de Saúde,1,Atenção Primária em Saúde,160031101004,"Emenda n° 202639320002 (Incremento temporário ao custeio APS de metas/Incremento PAP, Ações de Cuidados: materiais distribuição gratuita, fórmulas)",04.071.245/0001-60,LICIMED DISTRIBUIDORA MEDICAMENTOS CORRELATOS E PRODUTOS MEDICOS HOSPITALARES LTDA.,6628.00,0,364.00,4.37,4.37
19,Fundo Municipal de Saúde,1,Atenção Primária em Saúde,160031101004,"Emenda n° 202639320002 (Incremento temporário ao custeio APS de metas/Incremento PAP, Ações de Cuidados: materiais distribuição gratuita, fórmulas)",04.372.020/0001-44,WERBRAN DISTRIBUIDORA DE MEDICAMENTOS LTDA,0.00,544.00,0,0,0
19,Fundo Municipal de Saúde,1,Atenção Primária em Saúde,160031101004,"Emenda n° 202639320002 (Incremento temporário ao custeio APS de metas/Incremento PAP, Ações de Cuidados: materiais distribuição gratuita, fórmulas)",05.439.635/0001-03,ANTIBIOTICOS DO BRASIL LTDA.,3600.00,0,3600.00,43.20,3600.00
19,Fundo Municipal de Saúde,1,Atenção Primária em Saúde,160031101004,"Emenda n° 202639320002 (Incremento temporário ao custeio APS de metas/Incremento PAP, Ações de Cuidados: materiais distribuição gratuita, fórmulas)",05.531.725/0001-20,SOMA/SC PRODUTOS HOSPITALARES LTDA,17385.65,0,7050.17,84.60,7050.17
19,Fundo Municipal de Saúde,1,Atenção Primária em Saúde,160031101004,"Emenda n° 202639320002 (Incremento temporário ao custeio APS de metas/Incremento PAP, Ações de Cuidados: materiais distribuição gratuita, fórmulas)",05.782.733/0003-00,CIAMED - DISTRIBUIDORA DE MEDICAMENTOS LTDA.,10365.00,0,10365.00,124.39,4389.58
19,Fundo Municipal de Saúde,1,Atenção Primária em Saúde,160031101004,"Emenda n° 202639320002 (Incremento temporário ao custeio APS de metas/Incremento PAP, Ações de Cuidados: materiais distribuição gratuita, fórmulas)",06.923.493/0001-18,MEDFIO INDUSTRIA E COMERCIO DE ARTIGOS ODONTOLOGICOS LTDA.,1547.00,0,1547.00,18.56,1547.00
19,Fundo Municipal de Saúde,1,Atenção Primária em Saúde,160031101004,"Emenda n° 202639320002 (Incremento temporário ao custeio APS de metas/Incremento PAP, Ações de Cuidados: materiais distribuição gratuita, fórmulas)",07.752.236/0001-23,MEDILAR IMPORTAÇÃO E DISTRIBUIÇÃO DE PRODUTOS MÉDICO HOSPITALARES S/A,50804.64,17789.96,22598.83,271.19,21804.48
19,Fundo Municipal de Saúde,1,Atenção Primária em Saúde,160031101004,"Emenda n° 202639320002 (Incremento temporário ao custeio APS de metas/Incremento PAP, Ações de Cuidados: materiais distribuição gratuita, fórmulas)",09.944.371/0001-04,SULMEDIC COMÉRCIO DE MEDICAMENTOS LTDA,534.00,0,0,0,0
19,Fundo Municipal de Saúde,1,Atenção Primária em Saúde,160031101004,"Emenda n° 202639320002 (Incremento temporário ao custeio APS de metas/Incremento PAP, Ações de Cuidados: materiais distribuição gratuita, fórmulas)",12.014.370/0001-67,ABC DISTRIBUIDORA DE MEDICAMENTOS LTDA,1260.00,1148.00,0,0,0
19,Fundo Municipal de Saúde,1,Atenção Primária em Saúde,160031101004,"Emenda n° 202639320002 (Incremento temporário ao custeio APS de metas/Incremento PAP, Ações de Cuidados: materiais distribuição gratuita, fórmulas)",12.418.191/0001-95,CONQUISTA DISTRIB. DE MEDICAMENTOS E PRODUTOS HOSPITALARES EIRELI,1436.30,166.90,685.15,8.22,685.15
19,Fundo Municipal de Saúde,1,Atenção Primária em Saúde,160031101004,"Emenda n° 202639320002 (Incremento temporário ao custeio APS de metas/Incremento PAP, Ações de Cuidados: materiais distribuição gratuita, fórmulas)",12.694.747/0001-76,NUTRICLIN SAÚDE COMÉRCIO DE PRODUTOS NUTRICIONAIS LTDA,559.20,0,559.20,6.71,559.20
19,Fundo Municipal de Saúde,1,Atenção Primária em Saúde,160031101004,"Emenda n° 202639320002 (Incremento temporário ao custeio APS de metas/Incremento PAP, Ações de Cuidados: materiais distribuição gratuita, fórmulas)",12.889.035/0001-02,INOVAMED HOSPITALAR LTDA,19113.68,0,12124.84,145.50,10975.40
19,Fundo Municipal de Saúde,1,Atenção Primária em Saúde,160031101004,"Emenda n° 202639320002 (Incremento temporário ao custeio APS de metas/Incremento PAP, Ações de Cuidados: materiais distribuição gratuita, fórmulas)",17.159.229/0001-76,LABORATORIO TEUTO BRASILEIRO S/A,532.00,0,532.00,6.38,6.38
19,Fundo Municipal de Saúde,1,Atenção Primária em Saúde,160031101004,"Emenda n° 202639320002 (Incremento temporário ao custeio APS de metas/Incremento PAP, Ações de Cuidados: materiais distribuição gratuita, fórmulas)",20.657.155/0001-02,ILG COMERCIAL LTDA. - ME,2895.25,0,0,0,0
19,Fundo Municipal de Saúde,1,Atenção Primária em Saúde,160031101004,"Emenda n° 202639320002 (Incremento temporário ao custeio APS de metas/Incremento PAP, Ações de Cuidados: materiais distribuição gratuita, fórmulas)",22.862.531/0001-26,TOP NORTE COMÉRCIO DE MATERIAL MÉDICO HOSPITALAR LTDA,499.00,0,499.00,5.99,5.99
19,Fundo Municipal de Saúde,1,Atenção Primária em Saúde,160031101004,"Emenda n° 202639320002 (Incremento temporário ao custeio APS de metas/Incremento PAP, Ações de Cuidados: materiais distribuição gratuita, fórmulas)",44.734.671/0022-86,CRISTALIA PRODUTOS QUIMICOS FARMACEUTICOS LTDA,6426.40,0,3213.20,38.56,3213.20
19,Fundo Municipal de Saúde,1,Atenção Primária em Saúde,160031101004,"Emenda n° 202639320002 (Incremento temporário ao custeio APS de metas/Incremento PAP, Ações de Cuidados: materiais distribuição gratuita, fórmulas)",45.107.793/0001-80,PHOENIX DISTRIBUIDORA E IMPORTADORA DE PRODUTOS FARMACÊUTICOS E CORRELATOS LTDA,7423.50,0,0,0,0
19,Fundo Municipal de Saúde,1,Atenção Primária em Saúde,160031101004,"Emenda n° 202639320002 (Incremento temporário ao custeio APS de metas/Incremento PAP, Ações de Cuidados: materiais distribuição gratuita, fórmulas)",46.381.269/0001-66,"NUTRI-ELE DISTRIBUIDORA DE NUTRICAO, CORRELATOS E PRODUTOS MEDICOS E HOSPITALARES LTDA",1350.00,0,1350.00,16.20,1350.00
19,Fundo Municipal de Saúde,1,Atenção Primária em Saúde,160031101004,"Emenda n° 202639320002 (Incremento temporário ao custeio APS de metas/Incremento PAP, Ações de Cuidados: materiais distribuição gratuita, fórmulas)",60.146.737/0001-49,VERTICE MEDICAMENTOS LTDA,7845.19,0,4549.80,54.60,2378.18
19,Fundo Municipal de Saúde,1,Atenção Primária em Saúde,160031101004,"Emenda n° 202639320002 (Incremento temporário ao custeio APS de metas/Incremento PAP, Ações de Cuidados: materiais distribuição gratuita, fórmulas)",61.812.902/0001-17,NEXXA FARMACÊUTICA LTDA,121.41,0,121.41,0,121.41
19,Fundo Municipal de Saúde,1,Atenção Primária em Saúde,160031101004,"Emenda n° 202639320002 (Incremento temporário ao custeio APS de metas/Incremento PAP, Ações de Cuidados: materiais distribuição gratuita, fórmulas)",67.729.178/0005-72,COMERCIAL CIRURGICA RIOCLARENSE LTDA,488.00,0,244.00,2.93,244.00
19,Fundo Municipal de Saúde,1,Atenção Primária em Saúde,160031101004,"Emenda n° 202639320002 (Incremento temporário ao custeio APS de metas/Incremento PAP, Ações de Cuidados: materiais distribuição gratuita, fórmulas)",73.856.593/0001-66,"PRATI, DONADUZZI E CIA LTDA",10669.00,0,6157.00,73.88,73.88
19,Fundo Municipal de Saúde,1,Atenção Primária em Saúde,160031101004,"Emenda n° 202639320002 (Incremento temporário ao custeio APS de metas/Incremento PAP, Ações de Cuidados: materiais distribuição gratuita, fórmulas)",76.472.349/0001-98,DIMEBRAS DISTRIBUIDORA DE MEDICAMENTOS BRASIL LTDA,504.00,0,504.00,6.05,6.05
19,Fundo Municipal de Saúde,1,Atenção Primária em Saúde,160031101004,"Emenda n° 202639320002 (Incremento temporário ao custeio APS de metas/Incremento PAP, Ações de Cuidados: materiais distribuição gratuita, fórmulas)",81.706.251/0001-98,PROMEFARMA MEDICAMENTOS E PRODUTOS HOSPITALARES LTDA,11514.30,10385.97,5971.85,71.66,5971.85
19,Fundo Municipal de Saúde,1,Atenção Primária em Saúde,160031101004,"Emenda n° 202639320002 (Incremento temporário ao custeio APS de metas/Incremento PAP, Ações de Cuidados: materiais distribuição gratuita, fórmulas)",94.516.671/0002-34,CIRÚRGICA SANTA CRUZ COM. DE PRODUTOS HOSPITALARES LTDA,472.50,0,472.50,5.67,472.50
19,Fundo Municipal de Saúde,1,Atenção Primária em Saúde,160031101005,"Emenda n° 202690550010 (Incremento temporário ao custeio APS de metas/Incremento PAP, Ações de Cuidados: materiais médicos e insumos)",03.652.030/0003-32,CENTERMEDI-COMERCIO DE PRODUTOS HOSPITALARES LTDA,10296.00,0,0,0,0
19,Fundo Municipal de Saúde,1,Atenção Primária em Saúde,160031101005,"Emenda n° 202690550010 (Incremento temporário ao custeio APS de metas/Incremento PAP, Ações de Cuidados: materiais médicos e insumos)",05.782.733/0003-00,CIAMED - DISTRIBUIDORA DE MEDICAMENTOS LTDA.,10110.00,0,10110.00,121.32,121.32
19,Fundo Municipal de Saúde,1,Atenção Primária em Saúde,160031101005,"Emenda n° 202690550010 (Incremento temporário ao custeio APS de metas/Incremento PAP, Ações de Cuidados: materiais médicos e insumos)",05.912.018/0001-83,MERCO SOLUÇÕES EM SAÚDE S/A,5833.20,0,5833.20,70.00,5833.20
19,Fundo Municipal de Saúde,1,Atenção Primária em Saúde,160031101005,"Emenda n° 202690550010 (Incremento temporário ao custeio APS de metas/Incremento PAP, Ações de Cuidados: materiais médicos e insumos)",06.923.493/0001-18,MEDFIO INDUSTRIA E COMERCIO DE ARTIGOS ODONTOLOGICOS LTDA.,1547.00,0,0,0,0
19,Fundo Municipal de Saúde,1,Atenção Primária em Saúde,160031101005,"Emenda n° 202690550010 (Incremento temporário ao custeio APS de metas/Incremento PAP, Ações de Cuidados: materiais médicos e insumos)",07.752.236/0001-23,MEDILAR IMPORTAÇÃO E DISTRIBUIÇÃO DE PRODUTOS MÉDICO HOSPITALARES S/A,14929.99,0,0,0,0
19,Fundo Municipal de Saúde,1,Atenção Primária em Saúde,160031101005,"Emenda n° 202690550010 (Incremento temporário ao custeio APS de metas/Incremento PAP, Ações de Cuidados: materiais médicos e insumos)",12.014.370/0001-67,ABC DISTRIBUIDORA DE MEDICAMENTOS LTDA,1764.00,0,0,0,0
19,Fundo Municipal de Saúde,1,Atenção Primária em Saúde,160031101005,"Emenda n° 202690550010 (Incremento temporário ao custeio APS de metas/Incremento PAP, Ações de Cuidados: materiais médicos e insumos)",73.856.593/0001-66,"PRATI, DONADUZZI E CIA LTDA",1035.00,0,0,0,0
19,Fundo Municipal de Saúde,1,Atenção Primária em Saúde,160031101005,"Emenda n° 202690550010 (Incremento temporário ao custeio APS de metas/Incremento PAP, Ações de Cuidados: materiais médicos e insumos)",76.386.283/0001-13,DIMEVA DISTRIBUIDORA E IMPORTADORA LTDA,1015.20,0,0,0,0
19,Fundo Municipal de Saúde,1,Atenção Primária em Saúde,160031101006,"Emenda n° 202640620001 (Incremento temporário ao custeio APS de metas/Incremento PAP, Ações de Cuidados:  materiais distribuição gratuita, fórmulas)",00.802.002/0001-02,ALTERMED MATERIAL MÉDICO HOSPITALAR LTDA,1863.80,0,0,0,0
19,Fundo Municipal de Saúde,1,Atenção Primária em Saúde,160031101006,"Emenda n° 202640620001 (Incremento temporário ao custeio APS de metas/Incremento PAP, Ações de Cuidados:  materiais distribuição gratuita, fórmulas)",06.175.908/0001-12,BIO LOGICA DISTRIBUIDORA EIRELI,596.60,0,0,0,0
19,Fundo Municipal de Saúde,1,Atenção Primária em Saúde,160031101006,"Emenda n° 202640620001 (Incremento temporário ao custeio APS de metas/Incremento PAP, Ações de Cuidados:  materiais distribuição gratuita, fórmulas)",07.164.711/0001-40,FUFA-SC DISTRIBUIDORA HOSPITALAR LTDA,684.00,0,684.00,8.21,684.00
19,Fundo Municipal de Saúde,1,Atenção Primária em Saúde,160031101006,"Emenda n° 202640620001 (Incremento temporário ao custeio APS de metas/Incremento PAP, Ações de Cuidados:  materiais distribuição gratuita, fórmulas)",07.460.912/0002-76,LEONARDO A. VERZA LTDA,894.00,0,0,0,0
19,Fundo Municipal de Saúde,1,Atenção Primária em Saúde,160031101006,"Emenda n° 202640620001 (Incremento temporário ao custeio APS de metas/Incremento PAP, Ações de Cuidados:  materiais distribuição gratuita, fórmulas)",07.752.236/0001-23,MEDILAR IMPORTAÇÃO E DISTRIBUIÇÃO DE PRODUTOS MÉDICO HOSPITALARES S/A,1780.00,0,1780.00,21.36,1780.00
19,Fundo Municipal de Saúde,1,Atenção Primária em Saúde,160031101006,"Emenda n° 202640620001 (Incremento temporário ao custeio APS de metas/Incremento PAP, Ações de Cuidados:  materiais distribuição gratuita, fórmulas)",10.696.932/0001-74,T D & V COMERCIO DE PRODUTOS ODONTOLOGICOS E HOSPITALARES LTDA,490.20,0,490.20,5.88,490.20
19,Fundo Municipal de Saúde,1,Atenção Primária em Saúde,160031101006,"Emenda n° 202640620001 (Incremento temporário ao custeio APS de metas/Incremento PAP, Ações de Cuidados:  materiais distribuição gratuita, fórmulas)",11.145.401/0001-56,L A DALLA PORTA JUNIOR LTDA,1080.00,0,1080.00,12.96,12.96
19,Fundo Municipal de Saúde,1,Atenção Primária em Saúde,160031101006,"Emenda n° 202640620001 (Incremento temporário ao custeio APS de metas/Incremento PAP, Ações de Cuidados:  materiais distribuição gratuita, fórmulas)",12.014.370/0001-67,ABC DISTRIBUIDORA DE MEDICAMENTOS LTDA,560.90,0,560.90,6.73,6.73
19,Fundo Municipal de Saúde,1,Atenção Primária em Saúde,160031101006,"Emenda n° 202640620001 (Incremento temporário ao custeio APS de metas/Incremento PAP, Ações de Cuidados:  materiais distribuição gratuita, fórmulas)",22.862.531/0001-26,TOP NORTE COMÉRCIO DE MATERIAL MÉDICO HOSPITALAR LTDA,185.50,0,0,0,0
19,Fundo Municipal de Saúde,1,Atenção Primária em Saúde,160031101006,"Emenda n° 202640620001 (Incremento temporário ao custeio APS de metas/Incremento PAP, Ações de Cuidados:  materiais distribuição gratuita, fórmulas)",26.044.069/0001-00,SOMA ATACADO LTDA,851.70,0,0,0,0
19,Fundo Municipal de Saúde,1,Atenção Primária em Saúde,160031101006,"Emenda n° 202640620001 (Incremento temporário ao custeio APS de metas/Incremento PAP, Ações de Cuidados:  materiais distribuição gratuita, fórmulas)",37.143.430/0001-72,TSI CENTRO AUTOMOTIVO LTDA,520.00,0,520.00,0,520.00
19,Fundo Municipal de Saúde,1,Atenção Primária em Saúde,160031101006,"Emenda n° 202640620001 (Incremento temporário ao custeio APS de metas/Incremento PAP, Ações de Cuidados:  materiais distribuição gratuita, fórmulas)",44.562.943/0002-64,RML PRODUTOS IMPORTADOS LTDA,203.60,0,0,0,0
19,Fundo Municipal de Saúde,1,Atenção Primária em Saúde,160031101006,"Emenda n° 202640620001 (Incremento temporário ao custeio APS de metas/Incremento PAP, Ações de Cuidados:  materiais distribuição gratuita, fórmulas)",50.958.011/0001-57,LICITA SHOP COMERCIO E SERVICOS LTDA,2990.63,0,2865.65,0,2865.65
19,Fundo Municipal de Saúde,1,Atenção Primária em Saúde,160031101006,"Emenda n° 202640620001 (Incremento temporário ao custeio APS de metas/Incremento PAP, Ações de Cuidados:  materiais distribuição gratuita, fórmulas)",55.020.757/0001-39,HERVAL MOVEIS PARA ESCRITORIO LTDA,225.00,0,0,0,0
19,Fundo Municipal de Saúde,1,Atenção Primária em Saúde,160031101007,"Emenda n° 202640620001 (Incremento temporário ao custeio APS de metas/Incremento PAP, Ações de Cuidados: manutenção das UBS)",36.811.724/0001-62,ALESSANDRO ENGEL,0.00,14667.14,0,0,0
19,Fundo Municipal de Saúde,1,Atenção Primária em Saúde,160031101007,"Emenda n° 202640620001 (Incremento temporário ao custeio APS de metas/Incremento PAP, Ações de Cuidados: manutenção das UBS)",53.795.421/0001-12,M A F VILAS BOAS SERVICOS & CIA LTDA,7622.56,0,3291.56,510.70,3291.56
19,Fundo Municipal de Saúde,1,Atenção Primária em Saúde,160070001001,Incentivo Financeiro da APS - ESF (Portaria 3.493/2024),014.214.640-47,JAIANE PIRES DA SILVA,19608.57,0,19608.57,3052.32,19608.57
19,Fundo Municipal de Saúde,1,Atenção Primária em Saúde,160070001001,Incentivo Financeiro da APS - ESF (Portaria 3.493/2024),04.533.821/0001-44,FUNDO DE APOSENTADORIA E PENSOES,87548.00,86040.62,87548.00,0,87548.00
19,Fundo Municipal de Saúde,1,Atenção Primária em Saúde,160070001001,Incentivo Financeiro da APS - ESF (Portaria 3.493/2024),11.436.910/0001-38,FUNDO MUNICIPAL DE SAUDE DE POMERODE,1590859.67,600326.93,1590859.67,227645.44,1590859.67
19,Fundo Municipal de Saúde,1,Atenção Primária em Saúde,160070001002,Incentivo Financeiro da APS - EMulti (Portaria 3.493/2024),04.533.821/0001-44,FUNDO DE APOSENTADORIA E PENSOES,34163.65,20491.64,34163.65,0,20491.64
19,Fundo Municipal de Saúde,1,Atenção Primária em Saúde,160070001002,Incentivo Financeiro da APS - EMulti (Portaria 3.493/2024),11.436.910/0001-38,FUNDO MUNICIPAL DE SAUDE DE POMERODE,303792.14,128607.90,303792.14,64817.19,303792.14
19,Fundo Municipal de Saúde,1,Atenção Primária em Saúde,160070001003,Incentivo Financeiro p/ Atenção à Saúde Bucal (Portaria 3.493/2024),04.533.821/0001-44,FUNDO DE APOSENTADORIA E PENSOES,37172.69,37172.69,37172.69,0,37172.69
19,Fundo Municipal de Saúde,1,Atenção Primária em Saúde,160070001003,Incentivo Financeiro p/ Atenção à Saúde Bucal (Portaria 3.493/2024),11.436.910/0001-38,FUNDO MUNICIPAL DE SAUDE DE POMERODE,286552.65,224417.13,286552.65,94296.69,286552.65
19,Fundo Municipal de Saúde,1,Atenção Primária em Saúde,160070001003,Incentivo Financeiro p/ Atenção à Saúde Bucal (Portaria 3.493/2024),62.057.594/0001-24,LABORMAIS ODONTOLOGIA ESPECIALIZADA LTDA,72900.00,0,0,0,0
19,Fundo Municipal de Saúde,1,Atenção Primária em Saúde,160070001004,Per Capita de Base (Portaria 3.732/2024),22.637.568/0001-50,RDC PRESTADORA DE SERVICOS LTDA,2587.59,0,840.24,92.42,92.42
19,Fundo Municipal de Saúde,1,Atenção Primária em Saúde,160070001004,Per Capita de Base (Portaria 3.732/2024),35.309.196/0001-85,WM COMÉRCIO E SERVIÇO LTDA,920.00,0,0,0,0
19,Fundo Municipal de Saúde,1,Atenção Primária em Saúde,160070001004,Per Capita de Base (Portaria 3.732/2024),80.495.625/0001-00,CONFEITARIA TORTEN PARADIES LTDA,230.13,0,0,0,0
19,Fundo Municipal de Saúde,1,Atenção Primária em Saúde,160070001004,Per Capita de Base (Portaria 3.732/2024),95.855.078/0001-02,PANIFICADORA E CONFEITARIA DONA ELLA LTDA,294.16,0,0,0,0
19,Fundo Municipal de Saúde,1,Atenção Primária em Saúde,160470000100,Transferências provenientes do Governo Federal destinadas ao vencimento dos agentes comunitários de saúde,11.436.910/0001-38,FUNDO MUNICIPAL DE SAUDE DE POMERODE,894214.79,179606.81,894214.79,153324.76,894214.79
19,Fundo Municipal de Saúde,1,Atenção Primária em Saúde,160470000100,Transferências provenientes do Governo Federal destinadas ao vencimento dos agentes comunitários de saúde,29.979.036/0001-40,INSS- INSTITUTO NACIONAL DO SEGURO SOCIAL,125128.64,30275.68,125128.64,0,124812.74
19,Fundo Municipal de Saúde,1,Atenção Primária em Saúde,160470000100,Transferências provenientes do Governo Federal destinadas ao vencimento dos agentes comunitários de saúde,37.115.367/0001-60,MINISTERIO DO TRABALHO - MTE,65017.24,14247.46,65017.24,0,57711.98
19,Fundo Municipal de Saúde,1,Atenção Primária em Saúde,162170000400, Cofinanciamento APS - Estadual,11.436.910/0001-38,FUNDO MUNICIPAL DE SAUDE DE POMERODE,190017.63,0,190017.63,0,190017.63
19,Fundo Municipal de Saúde,1,Atenção Primária em Saúde,170170000025,Portaria Conjunta SGG/SEF nº 067/2025: SCC 15637/2025 - Reforma das Unidades Básicas de Saúde,05.971.604/0001-07,CONSTRUTORA E.M.C. LTDA,986639.23,0,27227.45,1279.68,27227.45
19,Fundo Municipal de Saúde,1,Atenção Primária em Saúde,170170000026,Portaria Conjunta SGG/SEF nº 072/2025: SCC 15634/2025 - Ampliação das Unidades Básicas de Saúde,05.971.604/0001-07,CONSTRUTORA E.M.C. LTDA,499433.46,0,171433.46,8057.37,78758.62
19,Fundo Municipal de Saúde,1,Atenção Primária em Saúde,170170000026,Portaria Conjunta SGG/SEF nº 072/2025: SCC 15634/2025 - Ampliação das Unidades Básicas de Saúde,26.262.878/0001-99,PGO ENGENHARIA LTDA,802935.41,0,11649.91,547.55,11649.91
19,Fundo Municipal de Saúde,1,Atenção Primária em Saúde,171032100052,Portaria N° 188/2026  - SEF: Emenda n° 3162/2026 (Capital: Recursos Financeiros para investimentos na área da Saúde),32.597.474/0001-59,STOKMETAL INDUSTRIA E COMERCIO LTDA,184.00,0,184.00,0,0
19,Fundo Municipal de Saúde,1,Atenção Primária em Saúde,250170000001, Rec. Livres (Concessão SAMAE),22.609.215/0001-47,ALFA LICITACOES LTDA,3396.00,0,3396.00,40.75,3396.00
19,Fundo Municipal de Saúde,1,Atenção Primária em Saúde,250170000001, Rec. Livres (Concessão SAMAE),29.023.342/0001-09,VLF MÁQUINAS E SOLUÇÕES EMPRESARIAIS LTDA,1750.00,0,1750.00,0,1750.00
19,Fundo Municipal de Saúde,1,Atenção Primária em Saúde,250170000001, Rec. Livres (Concessão SAMAE),33.419.290/0001-61,VIPH IT COMERCIO E SERVIÇOS DE EQUIPAMENTOS DE INFORMATICA EIRELI,13875.90,0,0,0,0
19,Fundo Municipal de Saúde,1,Atenção Primária em Saúde,260031101001,Portaria GM/MS nº 3.616 /2024:  Emenda  nº 39490006 (Incremento Piso da Atenção Primária à Saúde),00.802.002/0001-02,ALTERMED MATERIAL MÉDICO HOSPITALAR LTDA,477.60,0,0,0,0
19,Fundo Municipal de Saúde,1,Atenção Primária em Saúde,260031101001,Portaria GM/MS nº 3.616 /2024:  Emenda  nº 39490006 (Incremento Piso da Atenção Primária à Saúde),05.823.205/0001-90,MAQUIRA INDUSTRIA DE PRODUTOS ODONTOLOGICOS S.A.,666.90,0,0,0,0
19,Fundo Municipal de Saúde,1,Atenção Primária em Saúde,260031101001,Portaria GM/MS nº 3.616 /2024:  Emenda  nº 39490006 (Incremento Piso da Atenção Primária à Saúde),06.175.908/0001-12,BIO LOGICA DISTRIBUIDORA EIRELI,101.50,0,101.50,0,101.50
19,Fundo Municipal de Saúde,1,Atenção Primária em Saúde,260031101001,Portaria GM/MS nº 3.616 /2024:  Emenda  nº 39490006 (Incremento Piso da Atenção Primária à Saúde),06.923.493/0001-18,MEDFIO INDUSTRIA E COMERCIO DE ARTIGOS ODONTOLOGICOS LTDA.,8840.00,0,8840.00,106.08,8840.00
19,Fundo Municipal de Saúde,1,Atenção Primária em Saúde,260031101001,Portaria GM/MS nº 3.616 /2024:  Emenda  nº 39490006 (Incremento Piso da Atenção Primária à Saúde),07.460.912/0002-76,LEONARDO A. VERZA LTDA,1010.00,0,1010.00,0,1010.00
19,Fundo Municipal de Saúde,1,Atenção Primária em Saúde,260031101001,Portaria GM/MS nº 3.616 /2024:  Emenda  nº 39490006 (Incremento Piso da Atenção Primária à Saúde),07.752.236/0001-23,MEDILAR IMPORTAÇÃO E DISTRIBUIÇÃO DE PRODUTOS MÉDICO HOSPITALARES S/A,0.00,859.90,0,0,0
19,Fundo Municipal de Saúde,1,Atenção Primária em Saúde,260031101001,Portaria GM/MS nº 3.616 /2024:  Emenda  nº 39490006 (Incremento Piso da Atenção Primária à Saúde),09.625.361/0004-40,SUMAY DO BRASIL LTDA,250.00,0,250.00,3.00,250.00
19,Fundo Municipal de Saúde,1,Atenção Primária em Saúde,260031101001,Portaria GM/MS nº 3.616 /2024:  Emenda  nº 39490006 (Incremento Piso da Atenção Primária à Saúde),11.145.401/0001-56,L A DALLA PORTA JUNIOR LTDA,10342.80,0,5171.40,62.06,5171.40
19,Fundo Municipal de Saúde,1,Atenção Primária em Saúde,260031101001,Portaria GM/MS nº 3.616 /2024:  Emenda  nº 39490006 (Incremento Piso da Atenção Primária à Saúde),26.044.069/0001-00,SOMA ATACADO LTDA,1322.50,0,1322.50,15.87,1322.50
19,Fundo Municipal de Saúde,1,Atenção Primária em Saúde,260031101001,Portaria GM/MS nº 3.616 /2024:  Emenda  nº 39490006 (Incremento Piso da Atenção Primária à Saúde),27.284.516/0001-61,MAXIFROTA SERVIÇOS DE MANUTENÇÃO DE FROTA LTDA,20069.99,0,69.99,0,0
19,Fundo Municipal de Saúde,1,Atenção Primária em Saúde,260031101001,Portaria GM/MS nº 3.616 /2024:  Emenda  nº 39490006 (Incremento Piso da Atenção Primária à Saúde),36.225.268/0001-79,INSTALAR INSTALAÇÃO E MANUTENÇÃO LTDA,355.50,0,355.50,0,355.50
19,Fundo Municipal de Saúde,1,Atenção Primária em Saúde,260031101001,Portaria GM/MS nº 3.616 /2024:  Emenda  nº 39490006 (Incremento Piso da Atenção Primária à Saúde),45.747.626/0001-02,OTHALA COMERCIO LTDA,635.60,0,317.80,3.81,317.80
19,Fundo Municipal de Saúde,1,Atenção Primária em Saúde,260031101001,Portaria GM/MS nº 3.616 /2024:  Emenda  nº 39490006 (Incremento Piso da Atenção Primária à Saúde),55.020.757/0001-39,HERVAL MOVEIS PARA ESCRITORIO LTDA,1290.00,0,0,0,0
19,Fundo Municipal de Saúde,1,Atenção Primária em Saúde,260031101001,Portaria GM/MS nº 3.616 /2024:  Emenda  nº 39490006 (Incremento Piso da Atenção Primária à Saúde),71.505.564/0001-24,EMIGE MATERIAIS ODONTOLÓGICOS LTDA,1219.75,0,1219.75,14.64,1219.75
19,Fundo Municipal de Saúde,1,Atenção Primária em Saúde,260031101001,Portaria GM/MS nº 3.616 /2024:  Emenda  nº 39490006 (Incremento Piso da Atenção Primária à Saúde),73.416.471/0001-59,PAPEL ECONOMIA LTDA,0.00,250.00,0,0,0
19,Fundo Municipal de Saúde,1,Atenção Primária em Saúde,260031101001,Portaria GM/MS nº 3.616 /2024:  Emenda  nº 39490006 (Incremento Piso da Atenção Primária à Saúde),79.846.465/0001-18,GOEDERT LTDA,580.00,0,580.00,6.96,580.00
19,Fundo Municipal de Saúde,1,Atenção Primária em Saúde,260031101001,Portaria GM/MS nº 3.616 /2024:  Emenda  nº 39490006 (Incremento Piso da Atenção Primária à Saúde),80.047.087/0001-91,CIG COMERCIO DE EMBALAGENS - EIRELI,0.00,113.40,0,0,0
19,Fundo Municipal de Saúde,1,Atenção Primária em Saúde,260031101001,Portaria GM/MS nº 3.616 /2024:  Emenda  nº 39490006 (Incremento Piso da Atenção Primária à Saúde),80.987.902/0001-00,CONSELHO DE SECRETARIAS MUNICIPAIS DE SAUDE,1200.00,0,1200.00,0,1200.00
19,Fundo Municipal de Saúde,1,Atenção Primária em Saúde,260031101002,Portaria  GM/MS nº 6.313/2024 (Incremento temporário ao serviços de APS),00.802.002/0001-02,ALTERMED MATERIAL MÉDICO HOSPITALAR LTDA,3481.60,0,3241.60,38.90,3241.60
19,Fundo Municipal de Saúde,1,Atenção Primária em Saúde,260031101002,Portaria  GM/MS nº 6.313/2024 (Incremento temporário ao serviços de APS),03.652.030/0003-32,CENTERMEDI-COMERCIO DE PRODUTOS HOSPITALARES LTDA,2612.79,0,1905.82,22.87,1905.82
19,Fundo Municipal de Saúde,1,Atenção Primária em Saúde,260031101002,Portaria  GM/MS nº 6.313/2024 (Incremento temporário ao serviços de APS),04.415.316/0002-86,GENIAL PRODUTOS PARA LIMPEZA LTDA,1121.00,0,1121.00,13.45,1121.00
19,Fundo Municipal de Saúde,1,Atenção Primária em Saúde,260031101002,Portaria  GM/MS nº 6.313/2024 (Incremento temporário ao serviços de APS),04.724.655/0001-63,COPY LINE COMÉRCIO E SERVIÇOS LTDA,83347.20,0,27782.40,0,27782.40
19,Fundo Municipal de Saúde,1,Atenção Primária em Saúde,260031101002,Portaria  GM/MS nº 6.313/2024 (Incremento temporário ao serviços de APS),05.375.586/0001-92,CARDIOTRONIC IMPORTACAO E COMERCIO DE PRODUTOS MEDICOS LTDA,183.50,0,183.50,2.20,183.50
19,Fundo Municipal de Saúde,1,Atenção Primária em Saúde,260031101002,Portaria  GM/MS nº 6.313/2024 (Incremento temporário ao serviços de APS),05.531.725/0001-20,SOMA/SC PRODUTOS HOSPITALARES LTDA,1598.40,0,1598.40,19.18,1598.40
19,Fundo Municipal de Saúde,1,Atenção Primária em Saúde,260031101002,Portaria  GM/MS nº 6.313/2024 (Incremento temporário ao serviços de APS),06.555.143/0001-46,TRADE MEDICAL COMÉRCIO DE MATERIAIS HOSPITALARES EIRELI,3260.00,0,3260.00,39.12,3260.00
19,Fundo Municipal de Saúde,1,Atenção Primária em Saúde,260031101002,Portaria  GM/MS nº 6.313/2024 (Incremento temporário ao serviços de APS),07.164.711/0001-40,FUFA-SC DISTRIBUIDORA HOSPITALAR LTDA,3723.30,0,1861.65,22.34,1861.65
19,Fundo Municipal de Saúde,1,Atenção Primária em Saúde,260031101002,Portaria  GM/MS nº 6.313/2024 (Incremento temporário ao serviços de APS),07.752.236/0001-23,MEDILAR IMPORTAÇÃO E DISTRIBUIÇÃO DE PRODUTOS MÉDICO HOSPITALARES S/A,6098.82,0,2967.64,35.60,1418.29
19,Fundo Municipal de Saúde,1,Atenção Primária em Saúde,260031101002,Portaria  GM/MS nº 6.313/2024 (Incremento temporário ao serviços de APS),09.058.502/0001-48,FARMA VISION IMPORTAÇÃO E EXPORTAÇÃO DE MEDICAMENTOS LTDA,0.00,1078.00,0,0,0
19,Fundo Municipal de Saúde,1,Atenção Primária em Saúde,260031101002,Portaria  GM/MS nº 6.313/2024 (Incremento temporário ao serviços de APS),11.145.401/0001-56,L A DALLA PORTA JUNIOR LTDA,1700.00,0,1700.00,20.40,1700.00
19,Fundo Municipal de Saúde,1,Atenção Primária em Saúde,260031101002,Portaria  GM/MS nº 6.313/2024 (Incremento temporário ao serviços de APS),19.827.192/0001-32,CPC COMÉRCIO E REPRESENTAÇÕES COMERCIAIS LTDA,20930.00,0,20930.00,0,20930.00
19,Fundo Municipal de Saúde,1,Atenção Primária em Saúde,260031101002,Portaria  GM/MS nº 6.313/2024 (Incremento temporário ao serviços de APS),36.225.268/0001-79,INSTALAR INSTALAÇÃO E MANUTENÇÃO LTDA,550.00,0,550.00,0,550.00
19,Fundo Municipal de Saúde,1,Atenção Primária em Saúde,260031101002,Portaria  GM/MS nº 6.313/2024 (Incremento temporário ao serviços de APS),37.143.430/0001-72,TSI CENTRO AUTOMOTIVO LTDA,468.00,0,468.00,0,468.00
19,Fundo Municipal de Saúde,1,Atenção Primária em Saúde,260031101002,Portaria  GM/MS nº 6.313/2024 (Incremento temporário ao serviços de APS),40.738.368/0001-76,GAMBA CONEXÕES COMÉRCIO ATACADISTA DE ALIMENTOS LTDA,1949.10,0,1949.10,23.39,1949.10
19,Fundo Municipal de Saúde,1,Atenção Primária em Saúde,260031101002,Portaria  GM/MS nº 6.313/2024 (Incremento temporário ao serviços de APS),56.099.508/0001-43,BALBINOTI SOLUCOES ELETRICAS E TECNOLOGIA LTDA,146.70,0,146.70,0,146.70
19,Fundo Municipal de Saúde,1,Atenção Primária em Saúde,260031101002,Portaria  GM/MS nº 6.313/2024 (Incremento temporário ao serviços de APS),57.325.351/0001-90,GOLUZ INDUSTRIA E COMERCIO DE MATERIAIS ELETRICOS LTDA,260.10,0,0,0,0
19,Fundo Municipal de Saúde,1,Atenção Primária em Saúde,260031101002,Portaria  GM/MS nº 6.313/2024 (Incremento temporário ao serviços de APS),61.485.900/0011-32,SG TECNOLOGIA CLINICA LTDA,1600.00,0,1600.00,19.20,1600.00
19,Fundo Municipal de Saúde,1,Atenção Primária em Saúde,260031200004,Portaria GM/MS n° 7.501/2025: Incremento temporário de custeio APS (Emenda parlamentar n° 90550006),00.125.239/0001-98,BLULABEL ADESIVOS LTDA                  ,2152.30,1.00,2152.30,25.83,2152.30
19,Fundo Municipal de Saúde,1,Atenção Primária em Saúde,260031200004,Portaria GM/MS n° 7.501/2025: Incremento temporário de custeio APS (Emenda parlamentar n° 90550006),00.331.788/0075-55,AIR LIQUIDE BRASIL LTDA,119.46,0,70.27,0.84,70.27
19,Fundo Municipal de Saúde,1,Atenção Primária em Saúde,260031200004,Portaria GM/MS n° 7.501/2025: Incremento temporário de custeio APS (Emenda parlamentar n° 90550006),00.736.251/0001-39,QUALICOPY SERVIÇOS E COMÉRCIO LTDA,640.00,0,0,0,0
19,Fundo Municipal de Saúde,1,Atenção Primária em Saúde,260031200004,Portaria GM/MS n° 7.501/2025: Incremento temporário de custeio APS (Emenda parlamentar n° 90550006),00.752.862/0001-70,METALÚRGICA MASKE LTDA,73743.88,0,20702.00,0,20702.00
19,Fundo Municipal de Saúde,1,Atenção Primária em Saúde,260031200004,Portaria GM/MS n° 7.501/2025: Incremento temporário de custeio APS (Emenda parlamentar n° 90550006),00.802.002/0001-02,ALTERMED MATERIAL MÉDICO HOSPITALAR LTDA,7519.90,0,5079.80,60.94,5079.80
19,Fundo Municipal de Saúde,1,Atenção Primária em Saúde,260031200004,Portaria GM/MS n° 7.501/2025: Incremento temporário de custeio APS (Emenda parlamentar n° 90550006),02.255.187/0001-08,UNIFIQUE TELECOMUNICAÇÕES S/A,57123.93,0,20109.33,965.25,20109.33
19,Fundo Municipal de Saúde,1,Atenção Primária em Saúde,260031200004,Portaria GM/MS n° 7.501/2025: Incremento temporário de custeio APS (Emenda parlamentar n° 90550006),02.678.428/0001-13,BRANSALES DO BRASIL LTDA,1431.20,0,0,0,0
19,Fundo Municipal de Saúde,1,Atenção Primária em Saúde,260031200004,Portaria GM/MS n° 7.501/2025: Incremento temporário de custeio APS (Emenda parlamentar n° 90550006),03.652.030/0003-32,CENTERMEDI-COMERCIO DE PRODUTOS HOSPITALARES LTDA,2122.90,1710.00,1237.96,14.86,731.71
19,Fundo Municipal de Saúde,1,Atenção Primária em Saúde,260031200004,Portaria GM/MS n° 7.501/2025: Incremento temporário de custeio APS (Emenda parlamentar n° 90550006),04.310.364/0001-29,EMBRAST INDUSTRIA E COMERCIO,8400.00,0,8400.00,100.80,8400.00
19,Fundo Municipal de Saúde,1,Atenção Primária em Saúde,260031200004,Portaria GM/MS n° 7.501/2025: Incremento temporário de custeio APS (Emenda parlamentar n° 90550006),04.415.316/0002-86,GENIAL PRODUTOS PARA LIMPEZA LTDA,2700.00,0,2700.00,32.40,2700.00
19,Fundo Municipal de Saúde,1,Atenção Primária em Saúde,260031200004,Portaria GM/MS n° 7.501/2025: Incremento temporário de custeio APS (Emenda parlamentar n° 90550006),04.586.694/0001-41,INFOTRIZ COMERCIAL EIRELI,543.00,0,543.00,6.52,543.00
19,Fundo Municipal de Saúde,1,Atenção Primária em Saúde,260031200004,Portaria GM/MS n° 7.501/2025: Incremento temporário de custeio APS (Emenda parlamentar n° 90550006),05.375.586/0001-92,CARDIOTRONIC IMPORTACAO E COMERCIO DE PRODUTOS MEDICOS LTDA,3652.16,0,3110.58,37.33,3110.58
19,Fundo Municipal de Saúde,1,Atenção Primária em Saúde,260031200004,Portaria GM/MS n° 7.501/2025: Incremento temporário de custeio APS (Emenda parlamentar n° 90550006),05.531.725/0001-20,SOMA/SC PRODUTOS HOSPITALARES LTDA,2891.04,0,2891.04,34.70,2891.04
19,Fundo Municipal de Saúde,1,Atenção Primária em Saúde,260031200004,Portaria GM/MS n° 7.501/2025: Incremento temporário de custeio APS (Emenda parlamentar n° 90550006),06.555.143/0001-46,TRADE MEDICAL COMÉRCIO DE MATERIAIS HOSPITALARES EIRELI,1608.00,0,1608.00,19.30,1608.00
19,Fundo Municipal de Saúde,1,Atenção Primária em Saúde,260031200004,Portaria GM/MS n° 7.501/2025: Incremento temporário de custeio APS (Emenda parlamentar n° 90550006),07.164.711/0001-40,FUFA-SC DISTRIBUIDORA HOSPITALAR LTDA,442.80,0,442.80,5.31,442.80
19,Fundo Municipal de Saúde,1,Atenção Primária em Saúde,260031200004,Portaria GM/MS n° 7.501/2025: Incremento temporário de custeio APS (Emenda parlamentar n° 90550006),07.752.236/0001-23,MEDILAR IMPORTAÇÃO E DISTRIBUIÇÃO DE PRODUTOS MÉDICO HOSPITALARES S/A,14400.30,0,7414.00,88.97,7109.70
19,Fundo Municipal de Saúde,1,Atenção Primária em Saúde,260031200004,Portaria GM/MS n° 7.501/2025: Incremento temporário de custeio APS (Emenda parlamentar n° 90550006),09.058.502/0001-48,FARMA VISION IMPORTAÇÃO E EXPORTAÇÃO DE MEDICAMENTOS LTDA,1290.00,0,0,0,0
19,Fundo Municipal de Saúde,1,Atenção Primária em Saúde,260031200004,Portaria GM/MS n° 7.501/2025: Incremento temporário de custeio APS (Emenda parlamentar n° 90550006),11.118.645/0001-40,SPOTECH INFORMÁTICA CORAL LTDA,580.86,0,580.86,6.96,580.86
19,Fundo Municipal de Saúde,1,Atenção Primária em Saúde,260031200004,Portaria GM/MS n° 7.501/2025: Incremento temporário de custeio APS (Emenda parlamentar n° 90550006),11.145.401/0001-56,L A DALLA PORTA JUNIOR LTDA,1252.00,0,1252.00,15.02,1252.00
19,Fundo Municipal de Saúde,1,Atenção Primária em Saúde,260031200004,Portaria GM/MS n° 7.501/2025: Incremento temporário de custeio APS (Emenda parlamentar n° 90550006),12.674.048/0001-64,COMERCIAL PALMEIRAS LTDA,275.17,0,0,0,0
19,Fundo Municipal de Saúde,1,Atenção Primária em Saúde,260031200004,Portaria GM/MS n° 7.501/2025: Incremento temporário de custeio APS (Emenda parlamentar n° 90550006),13.809.328/0001-03,SINNC - SOLUÇÕES LTDA,109724.80,0,32917.44,1580.04,32917.44
19,Fundo Municipal de Saúde,1,Atenção Primária em Saúde,260031200004,Portaria GM/MS n° 7.501/2025: Incremento temporário de custeio APS (Emenda parlamentar n° 90550006),13.965.228/0001-68,JLM DISTRIBUIDORA BR LTDA,6670.00,0,6670.00,80.04,6670.00
19,Fundo Municipal de Saúde,1,Atenção Primária em Saúde,260031200004,Portaria GM/MS n° 7.501/2025: Incremento temporário de custeio APS (Emenda parlamentar n° 90550006),18.233.020/0001-78,MARTINES EMPRESARIAL LTDA,184.80,0,184.80,0,184.80
19,Fundo Municipal de Saúde,1,Atenção Primária em Saúde,260031200004,Portaria GM/MS n° 7.501/2025: Incremento temporário de custeio APS (Emenda parlamentar n° 90550006),18.806.639/0001-24,SLM CONSTRUÇÕES E SERVIÇOS SUSTENTÁVEIS LTDA,9507.47,0,0,0,0
19,Fundo Municipal de Saúde,1,Atenção Primária em Saúde,260031200004,Portaria GM/MS n° 7.501/2025: Incremento temporário de custeio APS (Emenda parlamentar n° 90550006),19.032.430/0001-13,PRINTSUL COMÉRCIO ATACADISTA LTDA,203.54,0,203.54,2.44,203.54
19,Fundo Municipal de Saúde,1,Atenção Primária em Saúde,260031200004,Portaria GM/MS n° 7.501/2025: Incremento temporário de custeio APS (Emenda parlamentar n° 90550006),19.555.146/0001-21,2B DISTRIBUIDORA LTDA,526.40,0,526.40,0,526.40
19,Fundo Municipal de Saúde,1,Atenção Primária em Saúde,260031200004,Portaria GM/MS n° 7.501/2025: Incremento temporário de custeio APS (Emenda parlamentar n° 90550006),19.827.192/0001-32,CPC COMÉRCIO E REPRESENTAÇÕES COMERCIAIS LTDA,1477.20,0,1477.20,0,1477.20
19,Fundo Municipal de Saúde,1,Atenção Primária em Saúde,260031200004,Portaria GM/MS n° 7.501/2025: Incremento temporário de custeio APS (Emenda parlamentar n° 90550006),19.941.698/0001-78,CARLOS ENRIQUE LUSSANI,143.49,0,143.49,0,143.49
19,Fundo Municipal de Saúde,1,Atenção Primária em Saúde,260031200004,Portaria GM/MS n° 7.501/2025: Incremento temporário de custeio APS (Emenda parlamentar n° 90550006),20.621.038/0001-99,KOPU BRINDES LTDA,514.50,0,514.50,6.17,514.50
19,Fundo Municipal de Saúde,1,Atenção Primária em Saúde,260031200004,Portaria GM/MS n° 7.501/2025: Incremento temporário de custeio APS (Emenda parlamentar n° 90550006),22.637.568/0001-50,RDC PRESTADORA DE SERVICOS LTDA,40792.60,0,14021.86,1542.39,7048.61
19,Fundo Municipal de Saúde,1,Atenção Primária em Saúde,260031200004,Portaria GM/MS n° 7.501/2025: Incremento temporário de custeio APS (Emenda parlamentar n° 90550006),23.647.237/0001-64,EDUARDO GUERRA DO CARMO,792.77,0,792.77,0,792.77
19,Fundo Municipal de Saúde,1,Atenção Primária em Saúde,260031200004,Portaria GM/MS n° 7.501/2025: Incremento temporário de custeio APS (Emenda parlamentar n° 90550006),26.044.069/0001-00,SOMA ATACADO LTDA,123.00,0,123.00,1.48,123.00
19,Fundo Municipal de Saúde,1,Atenção Primária em Saúde,260031200004,Portaria GM/MS n° 7.501/2025: Incremento temporário de custeio APS (Emenda parlamentar n° 90550006),29.222.667/0001-10,SK MATERIAIS PARA ESCRITORIO LTDA,1131.57,0,103.67,1.24,103.67
19,Fundo Municipal de Saúde,1,Atenção Primária em Saúde,260031200004,Portaria GM/MS n° 7.501/2025: Incremento temporário de custeio APS (Emenda parlamentar n° 90550006),31.322.368/0001-08,R.S. VAREJO LTDA,820.00,0,820.00,9.84,820.00
19,Fundo Municipal de Saúde,1,Atenção Primária em Saúde,260031200004,Portaria GM/MS n° 7.501/2025: Incremento temporário de custeio APS (Emenda parlamentar n° 90550006),33.154.286/0001-19,SEBMED PRODUTOS PARA A SAÚDE EIRELI,598.80,0,598.80,0,598.80
19,Fundo Municipal de Saúde,1,Atenção Primária em Saúde,260031200004,Portaria GM/MS n° 7.501/2025: Incremento temporário de custeio APS (Emenda parlamentar n° 90550006),35.462.689/0001-50,COBERMED SUL COMÉRCIO DE MATERIAIS MÉDICOS LTDA,6910.00,0,6910.00,0,6910.00
19,Fundo Municipal de Saúde,1,Atenção Primária em Saúde,260031200004,Portaria GM/MS n° 7.501/2025: Incremento temporário de custeio APS (Emenda parlamentar n° 90550006),35.605.748/0001-00,TRANSPORTE E TURISMO CONTINI LTDA,561.33,0,561.33,0,561.33
19,Fundo Municipal de Saúde,1,Atenção Primária em Saúde,260031200004,Portaria GM/MS n° 7.501/2025: Incremento temporário de custeio APS (Emenda parlamentar n° 90550006),36.225.268/0001-79,INSTALAR INSTALAÇÃO E MANUTENÇÃO LTDA,2522.00,0,1152.50,0,1152.50
19,Fundo Municipal de Saúde,1,Atenção Primária em Saúde,260031200004,Portaria GM/MS n° 7.501/2025: Incremento temporário de custeio APS (Emenda parlamentar n° 90550006),36.547.968/0001-80,ALTOYS BRINQUEDOS LTDA,170.00,0,170.00,0,170.00
19,Fundo Municipal de Saúde,1,Atenção Primária em Saúde,260031200004,Portaria GM/MS n° 7.501/2025: Incremento temporário de custeio APS (Emenda parlamentar n° 90550006),37.143.430/0001-72,TSI CENTRO AUTOMOTIVO LTDA,2866.00,0,443.00,0,443.00
19,Fundo Municipal de Saúde,1,Atenção Primária em Saúde,260031200004,Portaria GM/MS n° 7.501/2025: Incremento temporário de custeio APS (Emenda parlamentar n° 90550006),37.638.993/0001-31,RADAR ASSESSORIA EM SAÚDE LTDA,41592.00,0,15597.00,748.65,15597.00
19,Fundo Municipal de Saúde,1,Atenção Primária em Saúde,260031200004,Portaria GM/MS n° 7.501/2025: Incremento temporário de custeio APS (Emenda parlamentar n° 90550006),39.988.022/0001-47,FGS COMERCIAL LTDA,1530.50,0,1530.50,0,1530.50
19,Fundo Municipal de Saúde,1,Atenção Primária em Saúde,260031200004,Portaria GM/MS n° 7.501/2025: Incremento temporário de custeio APS (Emenda parlamentar n° 90550006),41.331.812/0001-05,SMARTMED ASSISTÊNCIA TÉCNICA DE EQUIPAMENTOS MÉDICO HOSPITALAR LTDA,1363.00,0,179.00,0,179.00
19,Fundo Municipal de Saúde,1,Atenção Primária em Saúde,260031200004,Portaria GM/MS n° 7.501/2025: Incremento temporário de custeio APS (Emenda parlamentar n° 90550006),42.339.589/0001-05,SONE COMÉRCIO ATACADISTA DE MULTIPRODUTOS LTDA,469.84,0,469.84,5.63,469.84
19,Fundo Municipal de Saúde,1,Atenção Primária em Saúde,260031200004,Portaria GM/MS n° 7.501/2025: Incremento temporário de custeio APS (Emenda parlamentar n° 90550006),42.785.776/0001-04,ALLY COMERCIO DE PRODUTOS E EQUIPAMENTOS LTDA,572.00,0,572.00,0,0
19,Fundo Municipal de Saúde,1,Atenção Primária em Saúde,260031200004,Portaria GM/MS n° 7.501/2025: Incremento temporário de custeio APS (Emenda parlamentar n° 90550006),44.210.000/0001-91,J D COMERCIO ATACADISTA LTDA,0.00,102.35,0,0,0
19,Fundo Municipal de Saúde,1,Atenção Primária em Saúde,260031200004,Portaria GM/MS n° 7.501/2025: Incremento temporário de custeio APS (Emenda parlamentar n° 90550006),44.676.496/0001-93,CLIMA VOLTS ELÉTRICA E REFRIGERAÇÃO LTDA,1853.69,0,0,0,0
19,Fundo Municipal de Saúde,1,Atenção Primária em Saúde,260031200004,Portaria GM/MS n° 7.501/2025: Incremento temporário de custeio APS (Emenda parlamentar n° 90550006),45.747.626/0001-02,OTHALA COMERCIO LTDA,770.16,0,770.16,9.24,770.16
19,Fundo Municipal de Saúde,1,Atenção Primária em Saúde,260031200004,Portaria GM/MS n° 7.501/2025: Incremento temporário de custeio APS (Emenda parlamentar n° 90550006),53.795.421/0001-12,M A F VILAS BOAS SERVICOS & CIA LTDA,14128.74,1935.63,7064.37,1095.63,7064.37
19,Fundo Municipal de Saúde,1,Atenção Primária em Saúde,260031200004,Portaria GM/MS n° 7.501/2025: Incremento temporário de custeio APS (Emenda parlamentar n° 90550006),56.099.508/0001-43,BALBINOTI SOLUCOES ELETRICAS E TECNOLOGIA LTDA,387.40,0,0,0,0
19,Fundo Municipal de Saúde,1,Atenção Primária em Saúde,260031200004,Portaria GM/MS n° 7.501/2025: Incremento temporário de custeio APS (Emenda parlamentar n° 90550006),59.309.302/0001-99,INJEX INDÚSTRIAS CIRÚRGICAS LTDA,250.00,0,250.00,3.00,250.00
19,Fundo Municipal de Saúde,1,Atenção Primária em Saúde,260031200004,Portaria GM/MS n° 7.501/2025: Incremento temporário de custeio APS (Emenda parlamentar n° 90550006),61.485.900/0011-32,SG TECNOLOGIA CLINICA LTDA,469.00,0,469.00,5.63,469.00
19,Fundo Municipal de Saúde,1,Atenção Primária em Saúde,260031200004,Portaria GM/MS n° 7.501/2025: Incremento temporário de custeio APS (Emenda parlamentar n° 90550006),62.199.551/0001-83,BRINQUEDOLANDIA COMERCIO DE ARTIGOS INFANTIS LTDA,139.66,0,0,0,0
19,Fundo Municipal de Saúde,1,Atenção Primária em Saúde,260031200004,Portaria GM/MS n° 7.501/2025: Incremento temporário de custeio APS (Emenda parlamentar n° 90550006),66.000.787/0001-08,WAMA PRODUTOS PARA LABORATÓRIO LTDA,230.00,0,0,0,0
19,Fundo Municipal de Saúde,1,Atenção Primária em Saúde,260031200004,Portaria GM/MS n° 7.501/2025: Incremento temporário de custeio APS (Emenda parlamentar n° 90550006),72.114.903/0001-04,EXTIMBRÁS COMÉRCIO DE EXTINTORES LTDA,1270.50,0,0,0,0
19,Fundo Municipal de Saúde,1,Atenção Primária em Saúde,260031200004,Portaria GM/MS n° 7.501/2025: Incremento temporário de custeio APS (Emenda parlamentar n° 90550006),75.786.459/0001-61,IMPRESSORA MAYER LTDA,2460.00,40.00,2460.00,118.08,2460.00
19,Fundo Municipal de Saúde,1,Atenção Primária em Saúde,260031200004,Portaria GM/MS n° 7.501/2025: Incremento temporário de custeio APS (Emenda parlamentar n° 90550006),79.291.878/0001-83,ODONTO BLU COMÉRCIO E ASSISTÊNCIA TÉCNICA LTDA,62233.00,7661.00,23118.00,0,23118.00
19,Fundo Municipal de Saúde,1,Atenção Primária em Saúde,260031200004,Portaria GM/MS n° 7.501/2025: Incremento temporário de custeio APS (Emenda parlamentar n° 90550006),80.495.625/0001-00,CONFEITARIA TORTEN PARADIES LTDA,3534.05,0,2262.62,27.15,2262.62
19,Fundo Municipal de Saúde,1,Atenção Primária em Saúde,260031200004,Portaria GM/MS n° 7.501/2025: Incremento temporário de custeio APS (Emenda parlamentar n° 90550006),81.618.753/0001-67,ELBER INDÚSTRIA DE REFRIGERAÇÃO LTDA,7690.50,0,7690.50,219.00,219.00
19,Fundo Municipal de Saúde,1,Atenção Primária em Saúde,260031200004,Portaria GM/MS n° 7.501/2025: Incremento temporário de custeio APS (Emenda parlamentar n° 90550006),82.951.310/0001-56,SECRETARIA DE ESTADO DA FAZENDA,597.48,0,597.48,0,597.48
19,Fundo Municipal de Saúde,1,Atenção Primária em Saúde,260031200004,Portaria GM/MS n° 7.501/2025: Incremento temporário de custeio APS (Emenda parlamentar n° 90550006),95.855.078/0001-02,PANIFICADORA E CONFEITARIA DONA ELLA LTDA,1888.35,0.01,1888.35,0,1888.35
19,Fundo Municipal de Saúde,1,Atenção Primária em Saúde,260070000500,Portaria 1486/2022 - Incremento APS - Custeio - Emenda de Relatoria  (Transf. do SUS/União - Blc de Manut.),26.950.671/0001-07,LICERI COMERCIO DE PRODUTOS EM GERAL LTDA,106.65,0,106.65,0,106.65
19,Fundo Municipal de Saúde,1,Atenção Primária em Saúde,260070001001,Incentivo Financeiro da APS - ESF (Portaria 3.493/2024),11.436.910/0001-38,FUNDO MUNICIPAL DE SAUDE DE POMERODE,204793.69,85867.56,204793.69,0,204793.69
19,Fundo Municipal de Saúde,1,Atenção Primária em Saúde,260070001002,Incentivo Financeiro da APS - EMulti (Portaria 3.493/2024),11.436.910/0001-38,FUNDO MUNICIPAL DE SAUDE DE POMERODE,22378.15,7279.56,22378.15,0,22378.15
19,Fundo Municipal de Saúde,1,Atenção Primária em Saúde,260070001003,Incentivo Financeiro p/ Atenção à Saúde Bucal (Portaria 3.493/2024),11.436.910/0001-38,FUNDO MUNICIPAL DE SAUDE DE POMERODE,1081.97,0,1081.97,0,1081.97
19,Fundo Municipal de Saúde,1,Atenção Primária em Saúde,260070001004,Per Capita de Base (Portaria 3.732/2024),00.802.002/0001-02,ALTERMED MATERIAL MÉDICO HOSPITALAR LTDA,4958.20,0,4221.40,50.66,4221.40
19,Fundo Municipal de Saúde,1,Atenção Primária em Saúde,260070001004,Per Capita de Base (Portaria 3.732/2024),02.255.187/0001-08,UNIFIQUE TELECOMUNICAÇÕES S/A,26560.41,0,13322.21,643.50,13322.21
19,Fundo Municipal de Saúde,1,Atenção Primária em Saúde,260070001004,Per Capita de Base (Portaria 3.732/2024),03.652.030/0003-32,CENTERMEDI-COMERCIO DE PRODUTOS HOSPITALARES LTDA,4561.20,0,4561.20,54.74,4561.20
19,Fundo Municipal de Saúde,1,Atenção Primária em Saúde,260070001004,Per Capita de Base (Portaria 3.732/2024),04.310.364/0001-29,EMBRAST INDUSTRIA E COMERCIO,6125.00,0,6125.00,73.50,6125.00
19,Fundo Municipal de Saúde,1,Atenção Primária em Saúde,260070001004,Per Capita de Base (Portaria 3.732/2024),04.586.694/0001-41,INFOTRIZ COMERCIAL EIRELI,102.08,0,102.08,1.22,102.08
19,Fundo Municipal de Saúde,1,Atenção Primária em Saúde,260070001004,Per Capita de Base (Portaria 3.732/2024),05.047.599/0001-32,FENIX INFORMATICA E TELEFONIA LTDA,1845.00,0,1845.00,0,1845.00
19,Fundo Municipal de Saúde,1,Atenção Primária em Saúde,260070001004,Per Capita de Base (Portaria 3.732/2024),05.375.586/0001-92,CARDIOTRONIC IMPORTACAO E COMERCIO DE PRODUTOS MEDICOS LTDA,4476.00,0,4476.00,53.71,4476.00
19,Fundo Municipal de Saúde,1,Atenção Primária em Saúde,260070001004,Per Capita de Base (Portaria 3.732/2024),05.531.725/0001-20,SOMA/SC PRODUTOS HOSPITALARES LTDA,651.20,0,651.20,7.81,651.20
19,Fundo Municipal de Saúde,1,Atenção Primária em Saúde,260070001004,Per Capita de Base (Portaria 3.732/2024),05.823.205/0001-90,MAQUIRA INDUSTRIA DE PRODUTOS ODONTOLOGICOS S.A.,1065.20,0,532.60,6.39,532.60
19,Fundo Municipal de Saúde,1,Atenção Primária em Saúde,260070001004,Per Capita de Base (Portaria 3.732/2024),06.175.908/0001-12,BIO LOGICA DISTRIBUIDORA EIRELI,1574.40,0,1574.40,0,1574.40
19,Fundo Municipal de Saúde,1,Atenção Primária em Saúde,260070001004,Per Capita de Base (Portaria 3.732/2024),07.164.711/0001-40,FUFA-SC DISTRIBUIDORA HOSPITALAR LTDA,4548.00,0,2274.00,27.29,2274.00
19,Fundo Municipal de Saúde,1,Atenção Primária em Saúde,260070001004,Per Capita de Base (Portaria 3.732/2024),07.752.236/0001-23,MEDILAR IMPORTAÇÃO E DISTRIBUIÇÃO DE PRODUTOS MÉDICO HOSPITALARES S/A,6337.00,0,6337.00,76.04,6337.00
19,Fundo Municipal de Saúde,1,Atenção Primária em Saúde,260070001004,Per Capita de Base (Portaria 3.732/2024),08.774.906/0001-75,HOSPDROGAS COMERCIAL LTDA,0.00,4759.60,0,0,0
19,Fundo Municipal de Saúde,1,Atenção Primária em Saúde,260070001004,Per Capita de Base (Portaria 3.732/2024),10.473.681/0001-69,JIT SERVIÇOS E COMÉRCIO DE MATERIAL ELÉTRICO LTDA,0.00,123.60,0,0,0
19,Fundo Municipal de Saúde,1,Atenção Primária em Saúde,260070001004,Per Capita de Base (Portaria 3.732/2024),10.807.173/0001-70,MEDPOA COMÉRCIO DE MATERIAL HOSPITALAR LTDA,676.00,0,676.00,8.11,676.00
19,Fundo Municipal de Saúde,1,Atenção Primária em Saúde,260070001004,Per Capita de Base (Portaria 3.732/2024),11.118.645/0001-40,SPOTECH INFORMÁTICA CORAL LTDA,274.40,0,137.20,1.65,137.20
19,Fundo Municipal de Saúde,1,Atenção Primária em Saúde,260070001004,Per Capita de Base (Portaria 3.732/2024),11.145.401/0001-56,L A DALLA PORTA JUNIOR LTDA,22525.30,0,22525.30,270.31,22525.30
19,Fundo Municipal de Saúde,1,Atenção Primária em Saúde,260070001004,Per Capita de Base (Portaria 3.732/2024),17.184.520/0001-02,PRÓ CIRÚRGICA CHAPECÓ PRODUTOS PARA SAÚDE LTDA,239.20,0,239.20,0,239.20
19,Fundo Municipal de Saúde,1,Atenção Primária em Saúde,260070001004,Per Capita de Base (Portaria 3.732/2024),18.233.020/0001-78,MARTINES EMPRESARIAL LTDA,1519.20,0,1519.20,0,1519.20
19,Fundo Municipal de Saúde,1,Atenção Primária em Saúde,260070001004,Per Capita de Base (Portaria 3.732/2024),18.780.623/0001-90,NOAR TURISMO LTDA,2654.13,0,2654.13,0,2654.13
19,Fundo Municipal de Saúde,1,Atenção Primária em Saúde,260070001004,Per Capita de Base (Portaria 3.732/2024),18.806.639/0001-24,SLM CONSTRUÇÕES E SERVIÇOS SUSTENTÁVEIS LTDA,3181.39,0,3181.39,433.90,3181.39
19,Fundo Municipal de Saúde,1,Atenção Primária em Saúde,260070001004,Per Capita de Base (Portaria 3.732/2024),19.032.430/0001-13,PRINTSUL COMÉRCIO ATACADISTA LTDA,1001.01,0,552.78,6.62,552.78
19,Fundo Municipal de Saúde,1,Atenção Primária em Saúde,260070001004,Per Capita de Base (Portaria 3.732/2024),19.555.146/0001-21,2B DISTRIBUIDORA LTDA,203.40,0,101.70,0,101.70
19,Fundo Municipal de Saúde,1,Atenção Primária em Saúde,260070001004,Per Capita de Base (Portaria 3.732/2024),19.827.192/0001-32,CPC COMÉRCIO E REPRESENTAÇÕES COMERCIAIS LTDA,1477.20,0,1477.20,0,1477.20
19,Fundo Municipal de Saúde,1,Atenção Primária em Saúde,260070001004,Per Capita de Base (Portaria 3.732/2024),27.205.945/0001-04,ODONTOMED T/A LTDA,697.96,0,697.96,0,697.96
19,Fundo Municipal de Saúde,1,Atenção Primária em Saúde,260070001004,Per Capita de Base (Portaria 3.732/2024),27.311.107/0001-07,SC MED DISTRIBUIDORA MEDICO HOSPITALAR LTDA,19320.00,0,19320.00,231.84,19320.00
19,Fundo Municipal de Saúde,1,Atenção Primária em Saúde,260070001004,Per Capita de Base (Portaria 3.732/2024),28.857.335/0001-40,"MAXIMA DENTAL IMPORTAÇÃO, EXPORTAÇÃO E COMERCIO DE PRODUTOS ODONTOLÓGICOS LTDA",1924.74,0,962.37,11.55,962.37
19,Fundo Municipal de Saúde,1,Atenção Primária em Saúde,260070001004,Per Capita de Base (Portaria 3.732/2024),29.045.645/0001-22,MALTA INDÚSTRIA E COMÉRCIO DE PRODUTOS LTDA,1856.70,0,1856.70,22.28,1856.70
19,Fundo Municipal de Saúde,1,Atenção Primária em Saúde,260070001004,Per Capita de Base (Portaria 3.732/2024),29.222.667/0001-10,SK MATERIAIS PARA ESCRITORIO LTDA,101.37,0,101.37,1.22,101.37
19,Fundo Municipal de Saúde,1,Atenção Primária em Saúde,260070001004,Per Capita de Base (Portaria 3.732/2024),33.154.286/0001-19,SEBMED PRODUTOS PARA A SAÚDE EIRELI,850.80,0,850.80,0,850.80
19,Fundo Municipal de Saúde,1,Atenção Primária em Saúde,260070001004,Per Capita de Base (Portaria 3.732/2024),34.412.925/0001-61,ATHENA COMÉRCIO DE PRODUTOS ODONTOLÓGICOS MÉDICOS E HOSPITALARES - EIRELI,2209.38,0,1104.69,13.26,1104.69
19,Fundo Municipal de Saúde,1,Atenção Primária em Saúde,260070001004,Per Capita de Base (Portaria 3.732/2024),35.215.257/0001-45,DENTAL PREMIUM LTDA,230.05,0,230.05,2.75,230.05
19,Fundo Municipal de Saúde,1,Atenção Primária em Saúde,260070001004,Per Capita de Base (Portaria 3.732/2024),36.225.268/0001-79,INSTALAR INSTALAÇÃO E MANUTENÇÃO LTDA,6775.40,0,6775.40,0,6775.40
19,Fundo Municipal de Saúde,1,Atenção Primária em Saúde,260070001004,Per Capita de Base (Portaria 3.732/2024),36.811.724/0001-62,ALESSANDRO ENGEL,22400.72,0,11200.36,1232.02,11200.36
19,Fundo Municipal de Saúde,1,Atenção Primária em Saúde,260070001004,Per Capita de Base (Portaria 3.732/2024),37.143.430/0001-72,TSI CENTRO AUTOMOTIVO LTDA,1631.32,0,1601.00,0,1601.00
19,Fundo Municipal de Saúde,1,Atenção Primária em Saúde,260070001004,Per Capita de Base (Portaria 3.732/2024),37.638.993/0001-31,RADAR ASSESSORIA EM SAÚDE LTDA,31194.00,0,15597.00,748.65,15597.00
19,Fundo Municipal de Saúde,1,Atenção Primária em Saúde,260070001004,Per Capita de Base (Portaria 3.732/2024),38.315.947/0001-64,CK RASTREAMENTO VEICULAR LTDA,116.80,0,116.80,0,116.80
19,Fundo Municipal de Saúde,1,Atenção Primária em Saúde,260070001004,Per Capita de Base (Portaria 3.732/2024),39.655.478/0001-95,SEBOLD INDUSTRIA DE COSMETICOS LTDA,2383.68,0,2383.68,28.60,2383.68
19,Fundo Municipal de Saúde,1,Atenção Primária em Saúde,260070001004,Per Capita de Base (Portaria 3.732/2024),41.331.812/0001-05,SMARTMED ASSISTÊNCIA TÉCNICA DE EQUIPAMENTOS MÉDICO HOSPITALAR LTDA,1252.00,0,1252.00,0,1252.00
19,Fundo Municipal de Saúde,1,Atenção Primária em Saúde,260070001004,Per Capita de Base (Portaria 3.732/2024),44.734.671/0022-86,CRISTALIA PRODUTOS QUIMICOS FARMACEUTICOS LTDA,369.00,0,369.00,4.43,369.00
19,Fundo Municipal de Saúde,1,Atenção Primária em Saúde,260070001004,Per Capita de Base (Portaria 3.732/2024),45.747.626/0001-02,OTHALA COMERCIO LTDA,410.40,0,410.40,4.92,410.40
19,Fundo Municipal de Saúde,1,Atenção Primária em Saúde,260070001004,Per Capita de Base (Portaria 3.732/2024),48.960.351/0001-70,48.960.351 LTDA,230.00,0,230.00,2.76,2.76
19,Fundo Municipal de Saúde,1,Atenção Primária em Saúde,260070001004,Per Capita de Base (Portaria 3.732/2024),50.958.011/0001-57,LICITA SHOP COMERCIO E SERVICOS LTDA,509.50,1370.00,509.50,0,509.50
19,Fundo Municipal de Saúde,1,Atenção Primária em Saúde,260070001004,Per Capita de Base (Portaria 3.732/2024),51.892.897/0001-46,JT MEDICAMENTOS LTDA,711.70,0,711.70,8.53,711.70
19,Fundo Municipal de Saúde,1,Atenção Primária em Saúde,260070001004,Per Capita de Base (Portaria 3.732/2024),53.795.421/0001-12,M A F VILAS BOAS SERVICOS & CIA LTDA,10154.05,0,0,0,0
19,Fundo Municipal de Saúde,1,Atenção Primária em Saúde,260070001004,Per Capita de Base (Portaria 3.732/2024),62.917.826/0001-77,A.F DISTRIBUIDORA E COMERCIO LTDA,707.30,0,406.30,0,406.30
19,Fundo Municipal de Saúde,1,Atenção Primária em Saúde,260070001004,Per Capita de Base (Portaria 3.732/2024),71.505.564/0001-24,EMIGE MATERIAIS ODONTOLÓGICOS LTDA,1204.95,0,1204.95,14.46,1204.95
19,Fundo Municipal de Saúde,1,Atenção Primária em Saúde,260070001004,Per Capita de Base (Portaria 3.732/2024),72.150.550/0001-06,DENTAL MED + LTDA,5450.55,0,2822.55,33.87,2822.55
19,Fundo Municipal de Saúde,1,Atenção Primária em Saúde,260070001004,Per Capita de Base (Portaria 3.732/2024),79.291.878/0001-83,ODONTO BLU COMÉRCIO E ASSISTÊNCIA TÉCNICA LTDA,1513.00,0,1513.00,0,1513.00
19,Fundo Municipal de Saúde,1,Atenção Primária em Saúde,260070001004,Per Capita de Base (Portaria 3.732/2024),80.495.625/0001-00,CONFEITARIA TORTEN PARADIES LTDA,1440.66,0,1271.85,15.25,1271.85
19,Fundo Municipal de Saúde,1,Atenção Primária em Saúde,260070001004,Per Capita de Base (Portaria 3.732/2024),81.618.753/0001-67,ELBER INDÚSTRIA DE REFRIGERAÇÃO LTDA,3560.00,0,3560.00,170.88,3560.00
19,Fundo Municipal de Saúde,1,Atenção Primária em Saúde,260070001004,Per Capita de Base (Portaria 3.732/2024),85.288.843/0001-98,AGUA DOCE LTDA,9916.06,0,4852.54,0,4852.54
19,Fundo Municipal de Saúde,1,Atenção Primária em Saúde,260070001004,Per Capita de Base (Portaria 3.732/2024),86.910.148/0001-89,DIBRAPE - DISTRIBUIDORA BRASILEIRA DE PETRÓLEO LTDA,5807.50,0,2903.75,6.96,2903.75
19,Fundo Municipal de Saúde,1,Atenção Primária em Saúde,260070001004,Per Capita de Base (Portaria 3.732/2024),94.516.671/0002-34,CIRÚRGICA SANTA CRUZ COM. DE PRODUTOS HOSPITALARES LTDA,3875.00,0,3875.00,46.50,3875.00
19,Fundo Municipal de Saúde,1,Atenção Primária em Saúde,260070001004,Per Capita de Base (Portaria 3.732/2024),95.855.078/0001-02,PANIFICADORA E CONFEITARIA DONA ELLA LTDA,1124.18,0,798.48,0,798.48
19,Fundo Municipal de Saúde,1,Atenção Primária em Saúde,260070001200,Incentivo APS Desempenho - Premiação 40% (Transf. do SUS/União - Blc de Manut.),11.436.910/0001-38,FUNDO MUNICIPAL DE SAUDE DE POMERODE,21560.52,763.81,21560.52,0,21560.52
19,Fundo Municipal de Saúde,1,Atenção Primária em Saúde,260070002200,Atenção Primária à Saúde - Capitação Ponderada (Transf. do SUS/União - Blc de Manut.),02.255.187/0001-08,UNIFIQUE TELECOMUNICAÇÕES S/A,84.01,0,84.01,0,84.01
19,Fundo Municipal de Saúde,1,Atenção Primária em Saúde,260070004300,Previne Brasil - Desempenho,11.436.910/0001-38,FUNDO MUNICIPAL DE SAUDE DE POMERODE,2850.69,0,2850.69,0,2850.69
19,Fundo Municipal de Saúde,1,Atenção Primária em Saúde,260070004600,Portaria 960/2023 - Saúde Bucal APS,11.436.910/0001-38,FUNDO MUNICIPAL DE SAUDE DE POMERODE,26220.90,763.81,26220.90,0,26220.90
19,Fundo Municipal de Saúde,1,Atenção Primária em Saúde,260070005400,Portaria 1.924/2023: Incentivos Financeiros das Equipes de Saúde Bucal,11.436.910/0001-38,FUNDO MUNICIPAL DE SAUDE DE POMERODE,13399.15,13399.15,13399.15,0,13399.15
19,Fundo Municipal de Saúde,1,Atenção Primária em Saúde,262170000400,Cofinanciamento APS - Estadual,11.436.910/0001-38,FUNDO MUNICIPAL DE SAUDE DE POMERODE,266097.81,167764.52,266097.81,16058.05,266097.81
19,Fundo Municipal de Saúde,1,Atenção Primária em Saúde,262170000400,Cofinanciamento APS - Estadual,29.979.036/0001-40,INSS- INSTITUTO NACIONAL DO SEGURO SOCIAL,12180.64,12180.64,12180.64,0,12180.64
19,Fundo Municipal de Saúde,1,Atenção Primária em Saúde,262170000400,Cofinanciamento APS - Estadual,37.115.367/0001-60,MINISTERIO DO TRABALHO - MTE,5732.07,5732.07,5732.07,0,5732.07
19,Fundo Municipal de Saúde,1,Atenção Primária em Saúde,270631100010,Emenda Parlamentar (D.F. C. C.): Atenção Básica: Aquisição de Equipamentos e Materiais Permanentes p/ USF Host Wilhelm Bernhardt - Testo Central 1,12.561.319/0001-75,NOVAINSTRUMENTS EQUIPAMENTOS PARA LABORATÓRIO LTDA,10260.00,0,10260.00,123.12,10260.00
19,Fundo Municipal de Saúde,1,Atenção Primária em Saúde,270631100010,Emenda Parlamentar (D.F. C. C.): Atenção Básica: Aquisição de Equipamentos e Materiais Permanentes p/ USF Host Wilhelm Bernhardt - Testo Central 1,22.609.215/0001-47,ALFA LICITACOES LTDA,849.00,0,849.00,10.19,849.00
19,Fundo Municipal de Saúde,1,Atenção Primária em Saúde,271032100050,Portaria Nº 403/2025 - SEF: Emenda nº 4191/2025 (Investimentos estruturais e aquisição de equipamentos às unidades de atenção primária ),33.419.290/0001-61,VIPH IT COMERCIO E SERVIÇOS DE EQUIPAMENTOS DE INFORMATICA EIRELI,63342.00,0,63342.00,760.10,63342.00
19,Fundo Municipal de Saúde,1,Atenção Primária em Saúde,271032100050,Portaria Nº 403/2025 - SEF: Emenda nº 4191/2025 (Investimentos estruturais e aquisição de equipamentos às unidades de atenção primária ),53.512.423/0001-57,BARRA ATACADISTA E VAREJISTA LTDA,0.00,10200.00,0,0,0
19,Fundo Municipal de Saúde,1,Atenção Primária em Saúde,271032100050,Portaria Nº 403/2025 - SEF: Emenda nº 4191/2025 (Investimentos estruturais e aquisição de equipamentos às unidades de atenção primária ),65.149.197/0002-51,REPREMIG REPRESENTAÇÃO COMERCIO DE MINAS GERAIS LTDA,779.72,0,779.72,9.36,779.72
19,Fundo Municipal de Saúde,1,Atenção Primária em Saúde,271032100050,Portaria Nº 403/2025 - SEF: Emenda nº 4191/2025 (Investimentos estruturais e aquisição de equipamentos às unidades de atenção primária ),81.243.735/0009-03,POSITIVO TECNOLOGIA S.A.,6120.96,0,6120.96,73.45,6120.96
19,Fundo Municipal de Saúde,1,Atenção Primária em Saúde,275570020001, Recursos de Alienação de Bens/Ativos - Destinados a Programas de Saúde,32.597.474/0001-59,STOKMETAL INDUSTRIA E COMERCIO LTDA,199.68,0,199.68,0,199.68
19,Fundo Municipal de Saúde,1,Atenção Primária em Saúde,275570020001, Recursos de Alienação de Bens/Ativos - Destinados a Programas de Saúde,45.203.145/0001-28,LICITAMED PRIME COMERCIAL LTDA,1425.00,0,1425.00,0,1425.00
19,Fundo Municipal de Saúde,1,Atenção Primária em Saúde,275570020001, Recursos de Alienação de Bens/Ativos - Destinados a Programas de Saúde,52.890.701/0001-47,CORMED WINNERLTDA,439.00,0,439.00,0,439.00
19,Fundo Municipal de Saúde,2,Assistência Hospitalar e Ambulatorial,150010020000, Rec. Livres (Imp. e Transf. Const.): ASPS 15%,00.412.761/0001-50,LABORATORIO SANDRINI LTDA,256242.35,0,162242.35,0,162242.35
19,Fundo Municipal de Saúde,2,Assistência Hospitalar e Ambulatorial,150010020000, Rec. Livres (Imp. e Transf. Const.): ASPS 15%,00.802.002/0001-02,ALTERMED MATERIAL MÉDICO HOSPITALAR LTDA,1758.00,0,1758.00,21.10,1758.00
19,Fundo Municipal de Saúde,2,Assistência Hospitalar e Ambulatorial,150010020000, Rec. Livres (Imp. e Transf. Const.): ASPS 15%,019.871.029-16,VALDIR DOS SANTOS WERNER,10576.50,0,10576.50,1506.03,10576.50
19,Fundo Municipal de Saúde,2,Assistência Hospitalar e Ambulatorial,150010020000, Rec. Livres (Imp. e Transf. Const.): ASPS 15%,02.255.187/0001-08,UNIFIQUE TELECOMUNICAÇÕES S/A,8046.70,0,3218.68,154.48,3218.68
19,Fundo Municipal de Saúde,2,Assistência Hospitalar e Ambulatorial,150010020000, Rec. Livres (Imp. e Transf. Const.): ASPS 15%,02.678.428/0001-13,BRANSALES DO BRASIL LTDA,1459.60,0,0,0,0
19,Fundo Municipal de Saúde,2,Assistência Hospitalar e Ambulatorial,150010020000, Rec. Livres (Imp. e Transf. Const.): ASPS 15%,03.269.695/0001-08,CONSORCIO PUBLICO INTERFEDERATIVO DE SAUDE E SERVICOS DO VALE EUROPEU CISAMVE,872187.91,0,392187.91,0,392187.91
19,Fundo Municipal de Saúde,2,Assistência Hospitalar e Ambulatorial,150010020000, Rec. Livres (Imp. e Transf. Const.): ASPS 15%,03.780.842/0001-00,MEDCLIN UROLOGIA E MEDICINA DO TRABALHO SS LTDA,44460.00,0,12060.00,578.88,12060.00
19,Fundo Municipal de Saúde,2,Assistência Hospitalar e Ambulatorial,150010020000, Rec. Livres (Imp. e Transf. Const.): ASPS 15%,04.533.821/0001-44,FUNDO DE APOSENTADORIA E PENSOES,303851.80,34167.86,303851.80,0,266181.60
19,Fundo Municipal de Saúde,2,Assistência Hospitalar e Ambulatorial,150010020000, Rec. Livres (Imp. e Transf. Const.): ASPS 15%,04.724.655/0001-63,COPY LINE COMÉRCIO E SERVIÇOS LTDA,18994.50,0,7881.54,111.60,7881.54
19,Fundo Municipal de Saúde,2,Assistência Hospitalar e Ambulatorial,150010020000, Rec. Livres (Imp. e Transf. Const.): ASPS 15%,075.783.919-33,JOSÉ EDUARDO BERTOLDI,45926.98,0,16838.49,0,14388.49
19,Fundo Municipal de Saúde,2,Assistência Hospitalar e Ambulatorial,150010020000, Rec. Livres (Imp. e Transf. Const.): ASPS 15%,08.336.783/0001-90,CELESC DISTRIBUICAO S.A,22634.65,0,7634.65,91.61,7634.65
19,Fundo Municipal de Saúde,2,Assistência Hospitalar e Ambulatorial,150010020000, Rec. Livres (Imp. e Transf. Const.): ASPS 15%,094.155.119-90,WILLIAM MATIAS ZIMMERMANN,16318.65,0,16318.65,880.99,16318.65
19,Fundo Municipal de Saúde,2,Assistência Hospitalar e Ambulatorial,150010020000, Rec. Livres (Imp. e Transf. Const.): ASPS 15%,11.118.645/0001-40,SPOTECH INFORMÁTICA CORAL LTDA,123.98,0,123.98,1.49,123.98
19,Fundo Municipal de Saúde,2,Assistência Hospitalar e Ambulatorial,150010020000, Rec. Livres (Imp. e Transf. Const.): ASPS 15%,11.436.910/0001-38,FUNDO MUNICIPAL DE SAUDE DE POMERODE,2759455.08,257564.69,2759455.08,763957.87,2758120.08
19,Fundo Municipal de Saúde,2,Assistência Hospitalar e Ambulatorial,150010020000, Rec. Livres (Imp. e Transf. Const.): ASPS 15%,116.646.209-90,LUANA PORTO DOS REIS,9716.28,0,9716.28,0,9716.28
19,Fundo Municipal de Saúde,2,Assistência Hospitalar e Ambulatorial,150010020000, Rec. Livres (Imp. e Transf. Const.): ASPS 15%,11.666.105/0003-62,DELLAMED S.A,990.00,0,990.00,11.88,11.88
19,Fundo Municipal de Saúde,2,Assistência Hospitalar e Ambulatorial,150010020000, Rec. Livres (Imp. e Transf. Const.): ASPS 15%,126.098.379-09,CRYSCELLA ABREU DE OLIVEIRA ARAUJO,12792.82,0,12792.82,1835.91,12792.82
19,Fundo Municipal de Saúde,2,Assistência Hospitalar e Ambulatorial,150010020000, Rec. Livres (Imp. e Transf. Const.): ASPS 15%,13.281.756/0001-06,ANJOS DA VIDA GESTÃO EM SAÚDE LTDA,40505.00,0,40505.00,486.06,40505.00
19,Fundo Municipal de Saúde,2,Assistência Hospitalar e Ambulatorial,150010020000, Rec. Livres (Imp. e Transf. Const.): ASPS 15%,15.707.220/0001-27,ANDREA ELIZABETE CORREA MOREIRA,300622.75,64328.00,133755.75,0,133755.75
19,Fundo Municipal de Saúde,2,Assistência Hospitalar e Ambulatorial,150010020000, Rec. Livres (Imp. e Transf. Const.): ASPS 15%,18.670.594/0001-03,GSS - GESTÃO SERVIÇOS A SAÚDE LTDA,31680.00,0,13680.00,656.64,13680.00
19,Fundo Municipal de Saúde,2,Assistência Hospitalar e Ambulatorial,150010020000, Rec. Livres (Imp. e Transf. Const.): ASPS 15%,18.938.695/0001-12,ODONTO STUDIO ART LTDA,275282.22,64981.26,44678.56,2144.53,44678.56
19,Fundo Municipal de Saúde,2,Assistência Hospitalar e Ambulatorial,150010020000, Rec. Livres (Imp. e Transf. Const.): ASPS 15%,19.364.427/0001-05,R&G COMÉRCIO ATACADISTA LTDA,188.40,0,188.40,2.26,188.40
19,Fundo Municipal de Saúde,2,Assistência Hospitalar e Ambulatorial,150010020000, Rec. Livres (Imp. e Transf. Const.): ASPS 15%,21.613.975/0001-65,TECNOBLU COMÉRCIO DE REFRIGERAÇÃO LTDA,3778.00,0,0,0,0
19,Fundo Municipal de Saúde,2,Assistência Hospitalar e Ambulatorial,150010020000, Rec. Livres (Imp. e Transf. Const.): ASPS 15%,22.609.215/0001-47,ALFA LICITACOES LTDA,342.28,0,342.28,4.11,342.28
19,Fundo Municipal de Saúde,2,Assistência Hospitalar e Ambulatorial,150010020000, Rec. Livres (Imp. e Transf. Const.): ASPS 15%,22.637.568/0001-50,RDC PRESTADORA DE SERVICOS LTDA,3000.84,0,462.84,50.91,50.91
19,Fundo Municipal de Saúde,2,Assistência Hospitalar e Ambulatorial,150010020000, Rec. Livres (Imp. e Transf. Const.): ASPS 15%,26.044.069/0001-00,SOMA ATACADO LTDA,1575.00,0,1575.00,18.90,1575.00
19,Fundo Municipal de Saúde,2,Assistência Hospitalar e Ambulatorial,150010020000, Rec. Livres (Imp. e Transf. Const.): ASPS 15%,29.931.106/0001-90,CLÍNICA AMI LTDA,16800.00,44100.00,8400.00,403.20,8400.00
19,Fundo Municipal de Saúde,2,Assistência Hospitalar e Ambulatorial,150010020000, Rec. Livres (Imp. e Transf. Const.): ASPS 15%,29.979.036/0001-40,INSS- INSTITUTO NACIONAL DO SEGURO SOCIAL,60640.09,1151.55,60640.09,0,53848.47
19,Fundo Municipal de Saúde,2,Assistência Hospitalar e Ambulatorial,150010020000, Rec. Livres (Imp. e Transf. Const.): ASPS 15%,31.036.714/0001-83,CLÍNICA MÉDICA CASR LTDA,279900.00,9000.00,108900.00,5227.20,108900.00
19,Fundo Municipal de Saúde,2,Assistência Hospitalar e Ambulatorial,150010020000, Rec. Livres (Imp. e Transf. Const.): ASPS 15%,31.495.962/0002-73,B2W INFORMATICA LTDA,2592.56,0,2592.56,31.11,2592.56
19,Fundo Municipal de Saúde,2,Assistência Hospitalar e Ambulatorial,150010020000, Rec. Livres (Imp. e Transf. Const.): ASPS 15%,34.029.954/0001-49,PROJETTA SCHORR ENGENHARIA & CONSULTORIA LTDA,283.00,0,283.00,0,283.00
19,Fundo Municipal de Saúde,2,Assistência Hospitalar e Ambulatorial,150010020000, Rec. Livres (Imp. e Transf. Const.): ASPS 15%,34.064.557/0001-08,MEDMED COMERCIO DE MATERIAIS HOSPITALARES EIELI,2927.04,0,1097.64,13.17,1097.64
19,Fundo Municipal de Saúde,2,Assistência Hospitalar e Ambulatorial,150010020000, Rec. Livres (Imp. e Transf. Const.): ASPS 15%,36.225.268/0001-79,INSTALAR INSTALAÇÃO E MANUTENÇÃO LTDA,3641.40,0,3641.40,0,3641.40
19,Fundo Municipal de Saúde,2,Assistência Hospitalar e Ambulatorial,150010020000, Rec. Livres (Imp. e Transf. Const.): ASPS 15%,37.115.367/0001-60,MINISTERIO DO TRABALHO - MTE,26346.32,541.90,26346.32,0,21155.62
19,Fundo Municipal de Saúde,2,Assistência Hospitalar e Ambulatorial,150010020000, Rec. Livres (Imp. e Transf. Const.): ASPS 15%,37.143.430/0001-72,TSI CENTRO AUTOMOTIVO LTDA,10943.96,0,10943.96,0,10943.96
19,Fundo Municipal de Saúde,2,Assistência Hospitalar e Ambulatorial,150010020000, Rec. Livres (Imp. e Transf. Const.): ASPS 15%,43.134.552/0001-03,ALP COMÉRCIO DE PRODUTOS PARA SAÚDE LTDA,899.98,0,899.98,10.80,899.98
19,Fundo Municipal de Saúde,2,Assistência Hospitalar e Ambulatorial,150010020000, Rec. Livres (Imp. e Transf. Const.): ASPS 15%,45.679.789/0001-97,JULIO FRAN DA SILVA PINTO LTDA,25200.00,0,7200.00,345.60,7200.00
19,Fundo Municipal de Saúde,2,Assistência Hospitalar e Ambulatorial,150010020000, Rec. Livres (Imp. e Transf. Const.): ASPS 15%,50.675.079/0001-29,POMERWASSER AMBIENTAL S.P.E. S.A.,6582.81,0,1382.81,62.09,1382.81
19,Fundo Municipal de Saúde,2,Assistência Hospitalar e Ambulatorial,150010020000, Rec. Livres (Imp. e Transf. Const.): ASPS 15%,52.496.119/0001-09,B. D. R COMÉRCIO DE EQUIPAMENTOS LTDA,710.00,0,0,0,0
19,Fundo Municipal de Saúde,2,Assistência Hospitalar e Ambulatorial,150010020000, Rec. Livres (Imp. e Transf. Const.): ASPS 15%,52.804.328/0001-64,MCS COMÉRCIO DE MÁQUINAS E SERVIÇOS LTDA,0.00,1864.00,0,0,0
19,Fundo Municipal de Saúde,2,Assistência Hospitalar e Ambulatorial,150010020000, Rec. Livres (Imp. e Transf. Const.): ASPS 15%,53.795.421/0001-12,M A F VILAS BOAS SERVICOS & CIA LTDA,15000.00,0,0,0,0
19,Fundo Municipal de Saúde,2,Assistência Hospitalar e Ambulatorial,150010020000, Rec. Livres (Imp. e Transf. Const.): ASPS 15%,54.319.730/0001-89,ART CONSULTÓRIO E SERVIÇOS MÉDICOS LTDA,68760.00,5040.00,19320.00,0,19320.00
19,Fundo Municipal de Saúde,2,Assistência Hospitalar e Ambulatorial,150010020000, Rec. Livres (Imp. e Transf. Const.): ASPS 15%,54.705.679/0001-43,A.G. ODONTOLOGIA LTDA,99459.10,17275.90,22433.20,0,22433.20
19,Fundo Municipal de Saúde,2,Assistência Hospitalar e Ambulatorial,150010020000, Rec. Livres (Imp. e Transf. Const.): ASPS 15%,60.458.764/0001-57,HENKO FISIO LTDA,388399.50,164983.25,145059.25,0,145059.25
19,Fundo Municipal de Saúde,2,Assistência Hospitalar e Ambulatorial,150010020000, Rec. Livres (Imp. e Transf. Const.): ASPS 15%,65.201.509/0001-48,GIRARDI ATENDIMENTO AMBULATORIAL LTDA,38640.00,0,2640.00,0,2640.00
19,Fundo Municipal de Saúde,2,Assistência Hospitalar e Ambulatorial,150010020000, Rec. Livres (Imp. e Transf. Const.): ASPS 15%,65.512.866/0001-27,NOBERTO E SOARES - PRESTAÇÃO DE SERVIÇOS FONOAUDIOLÓGICOS LTDA,9508.00,0,700.00,0,700.00
19,Fundo Municipal de Saúde,2,Assistência Hospitalar e Ambulatorial,150010020000, Rec. Livres (Imp. e Transf. Const.): ASPS 15%,75.415.075/0002-13,RUDIPEL - RUDNICK PETRÓLEO LTDA,20488.90,15481.00,2071.40,4.96,2071.40
19,Fundo Municipal de Saúde,2,Assistência Hospitalar e Ambulatorial,150010020000, Rec. Livres (Imp. e Transf. Const.): ASPS 15%,77.970.945/0001-60,ORTOMETAL METALÚRGICA E ORTOPEDIA INDUSTRIAL LTDA,6000.00,0,0,0,0
19,Fundo Municipal de Saúde,2,Assistência Hospitalar e Ambulatorial,150010020000, Rec. Livres (Imp. e Transf. Const.): ASPS 15%,79.291.878/0001-83,ODONTO BLU COMÉRCIO E ASSISTÊNCIA TÉCNICA LTDA,33534.00,0,534.00,0,534.00
19,Fundo Municipal de Saúde,2,Assistência Hospitalar e Ambulatorial,150010020000, Rec. Livres (Imp. e Transf. Const.): ASPS 15%,79.364.030/0007-22,LABORATÓRIO DE PESQUISAS CLÍNICAS E BIOLÓGICAS SANTO ANTÔNIO LTDA,297619.70,0,142619.70,1711.42,142619.70
19,Fundo Municipal de Saúde,2,Assistência Hospitalar e Ambulatorial,150010020000, Rec. Livres (Imp. e Transf. Const.): ASPS 15%,82.951.310/0001-56,SECRETARIA DE ESTADO DA FAZENDA,149.37,0,149.37,0,149.37
19,Fundo Municipal de Saúde,2,Assistência Hospitalar e Ambulatorial,150010020000, Rec. Livres (Imp. e Transf. Const.): ASPS 15%,85.104.289/0001-41,M.D.M. COMÉRCIO E SERVIÇOS LTDA,14039.49,0,10802.17,204.27,10802.17
19,Fundo Municipal de Saúde,2,Assistência Hospitalar e Ambulatorial,150010020000, Rec. Livres (Imp. e Transf. Const.): ASPS 15%,85.461.093/0005-38,ASSOCIACAO HOSPITALAR E EDUCACIONAL DE POMERODE,16483619.50,60030.00,6535706.00,0,6309346.00
19,Fundo Municipal de Saúde,2,Assistência Hospitalar e Ambulatorial,150010020000, Rec. Livres (Imp. e Transf. Const.): ASPS 15%,86.910.148/0001-89,DIBRAPE - DISTRIBUIDORA BRASILEIRA DE PETRÓLEO LTDA,2990.40,0,587.40,1.40,321.04
19,Fundo Municipal de Saúde,2,Assistência Hospitalar e Ambulatorial,150010020000, Rec. Livres (Imp. e Transf. Const.): ASPS 15%,90.909.631/0002-00,INSTRAMED INDUSTRIA MEDICO HOSPITALAR LTDA,5450.00,0,0,0,0
19,Fundo Municipal de Saúde,2,Assistência Hospitalar e Ambulatorial,150010020000, Rec. Livres (Imp. e Transf. Const.): ASPS 15%,93.920.361/0001-37,REIFLEX INDUSTRIA E COMÉRCIO DE MÓVEIS LTDA,4668.00,0,1774.00,21.29,1774.00
19,Fundo Municipal de Saúde,2,Assistência Hospitalar e Ambulatorial,150010020000, Rec. Livres (Imp. e Transf. Const.): ASPS 15%,95.855.078/0001-02,PANIFICADORA E CONFEITARIA DONA ELLA LTDA,962.57,0,962.57,0,962.57
19,Fundo Municipal de Saúde,2,Assistência Hospitalar e Ambulatorial,150070110012,Emenda Impositiva Municipal 12/2026,03.269.695/0001-08,CONSORCIO PUBLICO INTERFEDERATIVO DE SAUDE E SERVICOS DO VALE EUROPEU CISAMVE,298000.00,0,0,0,0
19,Fundo Municipal de Saúde,2,Assistência Hospitalar e Ambulatorial,150070110035,Emenda Impositiva Municipal 35/2026,29.931.106/0001-90,CLÍNICA AMI LTDA,108850.00,0,9100.00,436.80,4435.20
19,Fundo Municipal de Saúde,2,Assistência Hospitalar e Ambulatorial,150070110037,Emenda Impositiva Municipal 37/2026,03.269.695/0001-08,CONSORCIO PUBLICO INTERFEDERATIVO DE SAUDE E SERVICOS DO VALE EUROPEU CISAMVE,179234.66,0,0,0,0
19,Fundo Municipal de Saúde,2,Assistência Hospitalar e Ambulatorial,150170000000,Rec. Livres,00.331.788/0075-55,AIR LIQUIDE BRASIL LTDA,465.92,0,465.92,5.59,465.92
19,Fundo Municipal de Saúde,2,Assistência Hospitalar e Ambulatorial,150170000000,Rec. Livres,03.269.695/0001-08,CONSORCIO PUBLICO INTERFEDERATIVO DE SAUDE E SERVICOS DO VALE EUROPEU CISAMVE,706500.00,0,0,0,0
19,Fundo Municipal de Saúde,2,Assistência Hospitalar e Ambulatorial,150170000000,Rec. Livres,03.649.093/0001-78,PAPELARIA CLASSIC LTDA,161.10,0,161.10,0,161.10
19,Fundo Municipal de Saúde,2,Assistência Hospitalar e Ambulatorial,150170000000,Rec. Livres,04.278.320/0001-69,PRO-AR COMERCIO DE PRODUTOS HOSPITALARES LTDA,2250.00,0,2250.00,0,2250.00
19,Fundo Municipal de Saúde,2,Assistência Hospitalar e Ambulatorial,150170000000,Rec. Livres,04.724.729/0001-61,MAXLAB PRODUTOS PARA DIAGNÓSTICOS E PESQUISAS LTDA,1900.00,0,0,0,0
19,Fundo Municipal de Saúde,2,Assistência Hospitalar e Ambulatorial,150170000000,Rec. Livres,18.806.639/0001-24,SLM CONSTRUÇÕES E SERVIÇOS SUSTENTÁVEIS LTDA,1176.54,0,1176.54,147.64,1176.54
19,Fundo Municipal de Saúde,2,Assistência Hospitalar e Ambulatorial,150170000000,Rec. Livres,22.637.568/0001-50,RDC PRESTADORA DE SERVICOS LTDA,7063.97,0,2668.37,293.51,1699.42
19,Fundo Municipal de Saúde,2,Assistência Hospitalar e Ambulatorial,150170000000,Rec. Livres,35.309.196/0001-85,WM COMÉRCIO E SERVIÇO LTDA,920.00,0,0,0,0
19,Fundo Municipal de Saúde,2,Assistência Hospitalar e Ambulatorial,150170000000,Rec. Livres,36.225.268/0001-79,INSTALAR INSTALAÇÃO E MANUTENÇÃO LTDA,51956.79,0,23023.24,0,23023.24
19,Fundo Municipal de Saúde,2,Assistência Hospitalar e Ambulatorial,150170000000,Rec. Livres,36.811.724/0001-62,ALESSANDRO ENGEL,15851.88,0,2641.98,290.61,2641.98
19,Fundo Municipal de Saúde,2,Assistência Hospitalar e Ambulatorial,150170000000,Rec. Livres,37.143.430/0001-72,TSI CENTRO AUTOMOTIVO LTDA,2276.16,0,48.00,0,48.00
19,Fundo Municipal de Saúde,2,Assistência Hospitalar e Ambulatorial,150170000000,Rec. Livres,41.331.812/0001-05,SMARTMED ASSISTÊNCIA TÉCNICA DE EQUIPAMENTOS MÉDICO HOSPITALAR LTDA,8793.32,22331.66,1352.28,0,1352.28
19,Fundo Municipal de Saúde,2,Assistência Hospitalar e Ambulatorial,150170000000,Rec. Livres,44.010.279/0001-60,IDEO LICITACOES E COMERCIO,137.00,0,137.00,0,137.00
19,Fundo Municipal de Saúde,2,Assistência Hospitalar e Ambulatorial,150170000000,Rec. Livres,51.117.135/0001-72,PROSPER COMERCIO ATACADISTA IMPORTACAO E EXPORTACAO DE EQUIPAMENTOS ELETRONICOS E ILUMINACAO LTDA,1143.18,0,0,0,0
19,Fundo Municipal de Saúde,2,Assistência Hospitalar e Ambulatorial,150170000000,Rec. Livres,79.291.878/0001-83,ODONTO BLU COMÉRCIO E ASSISTÊNCIA TÉCNICA LTDA,9863.65,4126.00,2117.65,0,2117.65
19,Fundo Municipal de Saúde,2,Assistência Hospitalar e Ambulatorial,150170000000,Rec. Livres,80.495.625/0001-00,CONFEITARIA TORTEN PARADIES LTDA,44.16,0,44.16,0.53,44.16
19,Fundo Municipal de Saúde,2,Assistência Hospitalar e Ambulatorial,150170000000,Rec. Livres,82.951.310/0001-56,SECRETARIA DE ESTADO DA FAZENDA,149.37,0,149.37,0,149.37
19,Fundo Municipal de Saúde,2,Assistência Hospitalar e Ambulatorial,150170000000,Rec. Livres,95.855.078/0001-02,PANIFICADORA E CONFEITARIA DONA ELLA LTDA,1361.77,0,52.50,0,52.50
19,Fundo Municipal de Saúde,2,Assistência Hospitalar e Ambulatorial,160031102004,"Emenda n° 202642510002 (Incremento Temporário ao Custeio dos Serviços de Assistência Hospitalar e Ambulatorial para Cumprimento de Metas, consultas especializadas)",03.269.695/0001-08,CONSORCIO PUBLICO INTERFEDERATIVO DE SAUDE E SERVICOS DO VALE EUROPEU CISAMVE,250000.00,0,0,0,0
19,Fundo Municipal de Saúde,2,Assistência Hospitalar e Ambulatorial,160031102004,"Emenda n° 202642510002 (Incremento Temporário ao Custeio dos Serviços de Assistência Hospitalar e Ambulatorial para Cumprimento de Metas, consultas especializadas)",10.954.780/0001-62,RIALE SERVIÇOS MEDICOS LTDA,7200.00,0,0,0,0
19,Fundo Municipal de Saúde,2,Assistência Hospitalar e Ambulatorial,160031102004,"Emenda n° 202642510002 (Incremento Temporário ao Custeio dos Serviços de Assistência Hospitalar e Ambulatorial para Cumprimento de Metas, consultas especializadas)",18.670.594/0001-03,GSS - GESTÃO SERVIÇOS A SAÚDE LTDA,27000.00,0,0,0,0
19,Fundo Municipal de Saúde,2,Assistência Hospitalar e Ambulatorial,160031102004,"Emenda n° 202642510002 (Incremento Temporário ao Custeio dos Serviços de Assistência Hospitalar e Ambulatorial para Cumprimento de Metas, consultas especializadas)",31.036.714/0001-83,CLÍNICA MÉDICA CASR LTDA,36000.00,0,0,0,0
19,Fundo Municipal de Saúde,2,Assistência Hospitalar e Ambulatorial,160031102004,"Emenda n° 202642510002 (Incremento Temporário ao Custeio dos Serviços de Assistência Hospitalar e Ambulatorial para Cumprimento de Metas, consultas especializadas)",45.679.789/0001-97,JULIO FRAN DA SILVA PINTO LTDA,9000.00,0,0,0,0
19,Fundo Municipal de Saúde,2,Assistência Hospitalar e Ambulatorial,160031102004,"Emenda n° 202642510002 (Incremento Temporário ao Custeio dos Serviços de Assistência Hospitalar e Ambulatorial para Cumprimento de Metas, consultas especializadas)",85.461.093/0005-38,ASSOCIACAO HOSPITALAR E EDUCACIONAL DE POMERODE,45000.00,0,0,0,0
19,Fundo Municipal de Saúde,2,Assistência Hospitalar e Ambulatorial,160070000700,SAMU - Serviço Atend. Móvel de Urgência (Transf. do SUS/União - Blc de Manut.),11.436.910/0001-38,FUNDO MUNICIPAL DE SAUDE DE POMERODE,149482.45,46309.56,149482.45,38910.12,149482.45
19,Fundo Municipal de Saúde,2,Assistência Hospitalar e Ambulatorial,160070000700,SAMU - Serviço Atend. Móvel de Urgência (Transf. do SUS/União - Blc de Manut.),29.979.036/0001-40,INSS- INSTITUTO NACIONAL DO SEGURO SOCIAL,27190.17,9210.57,27190.17,0,20541.02
19,Fundo Municipal de Saúde,2,Assistência Hospitalar e Ambulatorial,160070000700,SAMU - Serviço Atend. Móvel de Urgência (Transf. do SUS/União - Blc de Manut.),37.115.367/0001-60,MINISTERIO DO TRABALHO - MTE,9829.02,3403.63,9829.02,0,7555.80
19,Fundo Municipal de Saúde,2,Assistência Hospitalar e Ambulatorial,160070001000,CAPS - Centro de Atenção Psicossocial (Transf. do SUS/União - Blc de Manut.),04.533.821/0001-44,FUNDO DE APOSENTADORIA E PENSOES,25552.78,13254.26,25552.78,0,13254.26
19,Fundo Municipal de Saúde,2,Assistência Hospitalar e Ambulatorial,160070001000,CAPS - Centro de Atenção Psicossocial (Transf. do SUS/União - Blc de Manut.),11.436.910/0001-38,FUNDO MUNICIPAL DE SAUDE DE POMERODE,211409.15,89209.39,211409.15,57210.15,211409.15
19,Fundo Municipal de Saúde,2,Assistência Hospitalar e Ambulatorial,160070001000,CAPS - Centro de Atenção Psicossocial (Transf. do SUS/União - Blc de Manut.),29.979.036/0001-40,INSS- INSTITUTO NACIONAL DO SEGURO SOCIAL,1273.62,1273.62,1273.62,0,1273.62
19,Fundo Municipal de Saúde,2,Assistência Hospitalar e Ambulatorial,160070001000,CAPS - Centro de Atenção Psicossocial (Transf. do SUS/União - Blc de Manut.),37.115.367/0001-60,MINISTERIO DO TRABALHO - MTE,599.35,599.35,599.35,0,599.35
19,Fundo Municipal de Saúde,2,Assistência Hospitalar e Ambulatorial,160070001500,MAC - Média e Alta Complexidade - FEDERAL (Transf. do SUS/União - Blc de Manut. ),00.412.761/0001-50,LABORATORIO SANDRINI LTDA,8400.09,0,8400.09,0,8400.09
19,Fundo Municipal de Saúde,2,Assistência Hospitalar e Ambulatorial,160070001500,MAC - Média e Alta Complexidade - FEDERAL (Transf. do SUS/União - Blc de Manut. ),10.954.780/0001-62,RIALE SERVIÇOS MEDICOS LTDA,27900.00,3960.00,6660.00,319.68,6660.00
19,Fundo Municipal de Saúde,2,Assistência Hospitalar e Ambulatorial,160070001500,MAC - Média e Alta Complexidade - FEDERAL (Transf. do SUS/União - Blc de Manut. ),79.364.030/0007-22,LABORATÓRIO DE PESQUISAS CLÍNICAS E BIOLÓGICAS SANTO ANTÔNIO LTDA,180389.10,0,60389.10,724.67,26003.96
19,Fundo Municipal de Saúde,2,Assistência Hospitalar e Ambulatorial,160070001700,MAC Federal (APAE) (Transf. do SUS/União - Blc de Manut.),83.788.661/0001-50,ASSOC PAIS AMIGOS DOS EXCEPCIONAIS DE POMERODE,326534.12,38664.13,122264.06,0,105245.06
19,Fundo Municipal de Saúde,2,Assistência Hospitalar e Ambulatorial,160070002001,Portaria 3.949/2024: EMAD (Equipes Multiprofissionais de Atenção Domiciliar),13.281.756/0001-06,ANJOS DA VIDA GESTÃO EM SAÚDE LTDA,255671.04,0,127835.52,1534.02,127835.52
19,Fundo Municipal de Saúde,2,Assistência Hospitalar e Ambulatorial,170170000031,Convênio nº 2025 TR000993: Ambulância,23.008.729/0001-00,INGA CAMINHÕES LTDA,263315.04,0,0,0,0
19,Fundo Municipal de Saúde,2,Assistência Hospitalar e Ambulatorial,250010020000,Rec. Livres (Imp. e Transf. Const.): ASPS 15%,03.269.695/0001-08,CONSORCIO PUBLICO INTERFEDERATIVO DE SAUDE E SERVICOS DO VALE EUROPEU CISAMVE,380000.00,0,0,0,0
19,Fundo Municipal de Saúde,2,Assistência Hospitalar e Ambulatorial,250010020000,Rec. Livres (Imp. e Transf. Const.): ASPS 15%,85.461.093/0005-38,ASSOCIACAO HOSPITALAR E EDUCACIONAL DE POMERODE,276000.00,0,138000.00,0,138000.00
19,Fundo Municipal de Saúde,2,Assistência Hospitalar e Ambulatorial,250170000000,Rec. Livres,23.008.729/0001-00,INGA CAMINHÕES LTDA,151484.96,0,0,0,0
19,Fundo Municipal de Saúde,2,Assistência Hospitalar e Ambulatorial,260031200003,Portaria GM/MS n° 8.267/2025: Incremento temporário de custeio MAC (Emenda parlamentar n° 71260001),10.954.780/0001-62,RIALE SERVIÇOS MEDICOS LTDA,7740.00,14130.00,3870.00,185.76,3870.00
19,Fundo Municipal de Saúde,2,Assistência Hospitalar e Ambulatorial,260031200003,Portaria GM/MS n° 8.267/2025: Incremento temporário de custeio MAC (Emenda parlamentar n° 71260001),18.670.594/0001-03,GSS - GESTÃO SERVIÇOS A SAÚDE LTDA,29160.00,93420.00,14580.00,699.84,14580.00
19,Fundo Municipal de Saúde,2,Assistência Hospitalar e Ambulatorial,260031200003,Portaria GM/MS n° 8.267/2025: Incremento temporário de custeio MAC (Emenda parlamentar n° 71260001),45.679.789/0001-97,JULIO FRAN DA SILVA PINTO LTDA,30780.00,38610.00,15390.00,738.72,15390.00
19,Fundo Municipal de Saúde,2,Assistência Hospitalar e Ambulatorial,260031200003,Portaria GM/MS n° 8.267/2025: Incremento temporário de custeio MAC (Emenda parlamentar n° 71260001),85.461.093/0005-38,ASSOCIACAO HOSPITALAR E EDUCACIONAL DE POMERODE,142920.00,0,29520.00,0,29520.00
19,Fundo Municipal de Saúde,2,Assistência Hospitalar e Ambulatorial,260070000700,SAMU - Serviço Atend. Móvel de Urgência (Transf. do SUS/União - Blc de Manut.),02.255.187/0001-08,UNIFIQUE TELECOMUNICAÇÕES S/A,1287.48,0,643.74,30.90,643.74
19,Fundo Municipal de Saúde,2,Assistência Hospitalar e Ambulatorial,260070000700,SAMU - Serviço Atend. Móvel de Urgência (Transf. do SUS/União - Blc de Manut.),04.724.655/0001-63,COPY LINE COMÉRCIO E SERVIÇOS LTDA,4167.36,0,1389.12,0,1389.12
19,Fundo Municipal de Saúde,2,Assistência Hospitalar e Ambulatorial,260070000700,SAMU - Serviço Atend. Móvel de Urgência (Transf. do SUS/União - Blc de Manut.),27.284.516/0001-61,MAXIFROTA SERVIÇOS DE MANUTENÇÃO DE FROTA LTDA,2000.00,0,0,0,0
19,Fundo Municipal de Saúde,2,Assistência Hospitalar e Ambulatorial,260070000700,SAMU - Serviço Atend. Móvel de Urgência (Transf. do SUS/União - Blc de Manut.),34.517.727/0001-62,LEONARDO AUGUSTO BACKES CONFECCOES DO VESTUARIO,1512.00,0,1512.00,0,1512.00
19,Fundo Municipal de Saúde,2,Assistência Hospitalar e Ambulatorial,260070000700,SAMU - Serviço Atend. Móvel de Urgência (Transf. do SUS/União - Blc de Manut.),39.988.022/0001-47,FGS COMERCIAL LTDA,411.00,0,411.00,0,411.00
19,Fundo Municipal de Saúde,2,Assistência Hospitalar e Ambulatorial,260070000700,SAMU - Serviço Atend. Móvel de Urgência (Transf. do SUS/União - Blc de Manut.),85.104.289/0001-41,M.D.M. COMÉRCIO E SERVIÇOS LTDA,13037.22,0,13037.22,156.45,13037.22
19,Fundo Municipal de Saúde,2,Assistência Hospitalar e Ambulatorial,260070001000,CAPS - Centro de Atenção Psicossocial (Transf. do SUS/União - Blc de Manut.),02.255.187/0001-08,UNIFIQUE TELECOMUNICAÇÕES S/A,1931.20,0,965.60,46.34,965.60
19,Fundo Municipal de Saúde,2,Assistência Hospitalar e Ambulatorial,260070001000,CAPS - Centro de Atenção Psicossocial (Transf. do SUS/União - Blc de Manut.),36.811.724/0001-62,ALESSANDRO ENGEL,3679.04,0,1839.52,202.36,1839.52
19,Fundo Municipal de Saúde,2,Assistência Hospitalar e Ambulatorial,260070001000,CAPS - Centro de Atenção Psicossocial (Transf. do SUS/União - Blc de Manut.),37.143.430/0001-72,TSI CENTRO AUTOMOTIVO LTDA,358.50,0,358.50,0,358.50
19,Fundo Municipal de Saúde,2,Assistência Hospitalar e Ambulatorial,260070001000,CAPS - Centro de Atenção Psicossocial (Transf. do SUS/União - Blc de Manut.),82.951.310/0001-56,SECRETARIA DE ESTADO DA FAZENDA,149.37,0,149.37,0,149.37
19,Fundo Municipal de Saúde,2,Assistência Hospitalar e Ambulatorial,260070001000,CAPS - Centro de Atenção Psicossocial (Transf. do SUS/União - Blc de Manut.),85.104.289/0001-41,M.D.M. COMÉRCIO E SERVIÇOS LTDA,4499.50,0,4499.50,74.77,4499.50
19,Fundo Municipal de Saúde,2,Assistência Hospitalar e Ambulatorial,260070001000,CAPS - Centro de Atenção Psicossocial (Transf. do SUS/União - Blc de Manut.),95.855.078/0001-02,PANIFICADORA E CONFEITARIA DONA ELLA LTDA,3227.88,0,2235.56,0,2235.56
19,Fundo Municipal de Saúde,2,Assistência Hospitalar e Ambulatorial,260070001500,MAC - Média e Alta Complexidade - FEDERAL (Transf. do SUS/União - Blc de Manut. ),00.412.761/0001-50,LABORATORIO SANDRINI LTDA,29182.31,0,29182.31,0,29182.31
19,Fundo Municipal de Saúde,2,Assistência Hospitalar e Ambulatorial,260070001500,MAC - Média e Alta Complexidade - FEDERAL (Transf. do SUS/União - Blc de Manut. ),79.364.030/0007-22,LABORATÓRIO DE PESQUISAS CLÍNICAS E BIOLÓGICAS SANTO ANTÔNIO LTDA,8558.98,0,8558.98,102.70,8558.98
19,Fundo Municipal de Saúde,2,Assistência Hospitalar e Ambulatorial,260070001700,MAC Federal (APAE) (Transf. do SUS/União - Blc de Manut.),83.788.661/0001-50,ASSOC PAIS AMIGOS DOS EXCEPCIONAIS DE POMERODE,3577.59,0,3577.59,0,3577.59
19,Fundo Municipal de Saúde,2,Assistência Hospitalar e Ambulatorial,260070002001,Portaria 3.949/2024: EMAD (Equipes Multiprofissionais de Atenção Domiciliar),13.281.756/0001-06,ANJOS DA VIDA GESTÃO EM SAÚDE LTDA,353742.40,0,88435.60,1061.22,88435.60
19,Fundo Municipal de Saúde,2,Assistência Hospitalar e Ambulatorial,270631100020,Emenda Parlamentar n° 202590550002: Aquisição de Equipamento e Material Permanente p/  Unidade de Atenção Especializada em Saúde,05.684.135/0001-37,VITRINE AMBIENTES PARA ESCRITORIO LTDA,3599.94,0,3599.94,0,3599.94
19,Fundo Municipal de Saúde,2,Assistência Hospitalar e Ambulatorial,270631100020,Emenda Parlamentar n° 202590550002: Aquisição de Equipamento e Material Permanente p/  Unidade de Atenção Especializada em Saúde,16.946.372/0001-45,MEGMED LTDA,3999.99,0,3999.99,48.00,3999.99
19,Fundo Municipal de Saúde,2,Assistência Hospitalar e Ambulatorial,270631100020,Emenda Parlamentar n° 202590550002: Aquisição de Equipamento e Material Permanente p/  Unidade de Atenção Especializada em Saúde,17.417.928/0001-79,VENTISOL DA AMAZÔNIA INDUSTRIA DE APARELHOS ELÉTRICOS LTDA,3700.34,0,3700.34,44.40,3700.34
19,Fundo Municipal de Saúde,2,Assistência Hospitalar e Ambulatorial,270631100020,Emenda Parlamentar n° 202590550002: Aquisição de Equipamento e Material Permanente p/  Unidade de Atenção Especializada em Saúde,19.639.940/0003-15,TCJM DISTRIBUIDORA E IMPORTADORA LTDA,2197.63,0,2197.63,26.37,2197.63
19,Fundo Municipal de Saúde,2,Assistência Hospitalar e Ambulatorial,270631100020,Emenda Parlamentar n° 202590550002: Aquisição de Equipamento e Material Permanente p/  Unidade de Atenção Especializada em Saúde,22.609.215/0001-47,ALFA LICITACOES LTDA,1355.72,0,1355.72,16.27,1355.72
19,Fundo Municipal de Saúde,2,Assistência Hospitalar e Ambulatorial,270631100020,Emenda Parlamentar n° 202590550002: Aquisição de Equipamento e Material Permanente p/  Unidade de Atenção Especializada em Saúde,28.584.157/0003-92,METDATA TECNOLOGIA DA INFORMACAO LTDA,1869.99,0,0,0,0
19,Fundo Municipal de Saúde,2,Assistência Hospitalar e Ambulatorial,270631100020,Emenda Parlamentar n° 202590550002: Aquisição de Equipamento e Material Permanente p/  Unidade de Atenção Especializada em Saúde,32.597.474/0001-59,STOKMETAL INDUSTRIA E COMERCIO LTDA,1064.85,0,1064.85,0,1064.85
19,Fundo Municipal de Saúde,2,Assistência Hospitalar e Ambulatorial,270631100020,Emenda Parlamentar n° 202590550002: Aquisição de Equipamento e Material Permanente p/  Unidade de Atenção Especializada em Saúde,37.885.137/0001-80,AMB DISTRIBUIDORA DE MEDICAMENTO E MATERIAIS HOSPITALARES LTDA,9598.00,0,9598.00,0,9598.00
19,Fundo Municipal de Saúde,2,Assistência Hospitalar e Ambulatorial,270631100020,Emenda Parlamentar n° 202590550002: Aquisição de Equipamento e Material Permanente p/  Unidade de Atenção Especializada em Saúde,40.276.235/0001-25,MWSC COMÉRCIO DE EQUIPAMENTOS MÉDICOS LTDA,224000.00,0,224000.00,2688.00,224000.00
19,Fundo Municipal de Saúde,2,Assistência Hospitalar e Ambulatorial,270631100020,Emenda Parlamentar n° 202590550002: Aquisição de Equipamento e Material Permanente p/  Unidade de Atenção Especializada em Saúde,45.319.408/0001-69,TECNOGOV COMERCIAL LTDA,444.00,0,444.00,0,444.00
19,Fundo Municipal de Saúde,2,Assistência Hospitalar e Ambulatorial,270631100020,Emenda Parlamentar n° 202590550002: Aquisição de Equipamento e Material Permanente p/  Unidade de Atenção Especializada em Saúde,51.425.213/0001-04,WELMY-INDÚSTRIA E COMÉRCIO LTDA,764.00,0,764.00,9.17,764.00
19,Fundo Municipal de Saúde,2,Assistência Hospitalar e Ambulatorial,270631100020,Emenda Parlamentar n° 202590550002: Aquisição de Equipamento e Material Permanente p/  Unidade de Atenção Especializada em Saúde,54.960.622/0001-90,MOBILIA URBANA COMÉRCIO E SERVIÇOS LTDA,3647.00,0,3647.00,43.76,3647.00
19,Fundo Municipal de Saúde,2,Assistência Hospitalar e Ambulatorial,270631100020,Emenda Parlamentar n° 202590550002: Aquisição de Equipamento e Material Permanente p/  Unidade de Atenção Especializada em Saúde,55.935.697/0001-84,FAP TECNOLOGIA E SOLUÇÕES LTDA,3270.00,0,3270.00,0,3270.00
19,Fundo Municipal de Saúde,2,Assistência Hospitalar e Ambulatorial,270631100020,Emenda Parlamentar n° 202590550002: Aquisição de Equipamento e Material Permanente p/  Unidade de Atenção Especializada em Saúde,81.243.735/0009-03,POSITIVO TECNOLOGIA S.A.,14615.12,0,0,0,0
19,Fundo Municipal de Saúde,2,Assistência Hospitalar e Ambulatorial,270631100020,Emenda Parlamentar n° 202590550002: Aquisição de Equipamento e Material Permanente p/  Unidade de Atenção Especializada em Saúde,90.909.631/0002-00,INSTRAMED INDUSTRIA MEDICO HOSPITALAR LTDA,23000.00,0,23000.00,276.00,23000.00
19,Fundo Municipal de Saúde,2,Assistência Hospitalar e Ambulatorial,271032100020,Portaria Nº 508/2022/SEF: MAC Custeio (Emenda nº 1099/2022),36.225.268/0001-79,INSTALAR INSTALAÇÃO E MANUTENÇÃO LTDA,550.00,0,550.00,0,550.00
19,Fundo Municipal de Saúde,2,Assistência Hospitalar e Ambulatorial,271032100044,Portaria Nº 256/2025 - SEF: Emenda nº 3451/2025 (Corrente: Custeio para saúde),00.412.761/0001-50,LABORATORIO SANDRINI LTDA,164654.88,0,64654.88,0,64654.88
19,Fundo Municipal de Saúde,2,Assistência Hospitalar e Ambulatorial,271032100048,Portaria Nº 401/2025 - SEF: Emenda nº 961/2025 (Custeio - Exames de média e alta complexidade),00.412.761/0001-50,LABORATORIO SANDRINI LTDA,236000.00,0,118000.00,0,118000.00
19,Fundo Municipal de Saúde,2,Assistência Hospitalar e Ambulatorial,271032100048,Portaria Nº 401/2025 - SEF: Emenda nº 961/2025 (Custeio - Exames de média e alta complexidade),30.409.920/0001-29,MENTE SÃ PSICOLOGIA LTDA,9100.00,27450.00,4550.00,0,4550.00
19,Fundo Municipal de Saúde,2,Assistência Hospitalar e Ambulatorial,271070002001,Portaria Conjunta SGG/SEF nº 005/2024: 2024TE000251 (MAC - Auxiliar no custeio e manutenção dos serviços de saúde),80.673.411/0001-87,FUNDO ESTADUAL DE SAÚDE,1620.17,0,1620.17,0,1620.17
19,Fundo Municipal de Saúde,3,Vigilância Sanitária,150010020000, Rec. Livres (Imp. e Transf. Const.): ASPS 15%,04.533.821/0001-44,FUNDO DE APOSENTADORIA E PENSOES,67694.97,9727.36,67694.97,0,57672.22
19,Fundo Municipal de Saúde,3,Vigilância Sanitária,150010020000, Rec. Livres (Imp. e Transf. Const.): ASPS 15%,11.436.910/0001-38,FUNDO MUNICIPAL DE SAUDE DE POMERODE,473347.26,59191.66,473347.26,166750.53,473347.26
19,Fundo Municipal de Saúde,3,Vigilância Sanitária,150010020000, Rec. Livres (Imp. e Transf. Const.): ASPS 15%,82.951.310/0001-56,SECRETARIA DE ESTADO DA FAZENDA,149.37,0,149.37,0,149.37
19,Fundo Municipal de Saúde,3,Vigilância Sanitária,150010020000, Rec. Livres (Imp. e Transf. Const.): ASPS 15%,86.910.148/0001-89,DIBRAPE - DISTRIBUIDORA BRASILEIRA DE PETRÓLEO LTDA,8719.70,0,2154.43,5.14,2154.43
19,Fundo Municipal de Saúde,3,Vigilância Sanitária,160070001900, Prog. Vigilancia Sanitaria - Federal (Transf. do SUS/União - Blc de Manut.),38.315.947/0001-64,CK RASTREAMENTO VEICULAR LTDA,203.00,0,50.75,0,50.75
19,Fundo Municipal de Saúde,3,Vigilância Sanitária,175370000002,Taxa de fiscalização de vigilância sanitária,27.284.516/0001-61,MAXIFROTA SERVIÇOS DE MANUTENÇÃO DE FROTA LTDA,10069.99,0,69.99,0,0
19,Fundo Municipal de Saúde,3,Vigilância Sanitária,260070001900, Prog. Vigilancia Sanitaria - Federal (Transf. do SUS/União - Blc de Manut.),37.143.430/0001-72,TSI CENTRO AUTOMOTIVO LTDA,499.00,0,499.00,0,499.00
19,Fundo Municipal de Saúde,3,Vigilância Sanitária,260070001900, Prog. Vigilancia Sanitaria - Federal (Transf. do SUS/União - Blc de Manut.),38.315.947/0001-64,CK RASTREAMENTO VEICULAR LTDA,821.20,0,469.00,0,469.00
19,Fundo Municipal de Saúde,3,Vigilância Sanitária,260070001900, Prog. Vigilancia Sanitaria - Federal (Transf. do SUS/União - Blc de Manut.),45.747.626/0001-02,OTHALA COMERCIO LTDA,117.00,0,117.00,1.40,1.40
19,Fundo Municipal de Saúde,4,Vigilância Epidemiológica,150010020000, Rec. Livres (Imp. e Transf. Const.): ASPS 15%,04.533.821/0001-44,FUNDO DE APOSENTADORIA E PENSOES,47998.58,6942.35,47998.58,0,41056.23
19,Fundo Municipal de Saúde,4,Vigilância Epidemiológica,150010020000, Rec. Livres (Imp. e Transf. Const.): ASPS 15%,09.944.371/0001-04,SULMEDIC COMÉRCIO DE MEDICAMENTOS LTDA,3892.80,0,1946.40,23.36,1946.40
19,Fundo Municipal de Saúde,4,Vigilância Epidemiológica,150010020000, Rec. Livres (Imp. e Transf. Const.): ASPS 15%,103.467.539-70,MARIA EDUARDA GUSTMANN,12534.45,0,12534.45,0,12534.45
19,Fundo Municipal de Saúde,4,Vigilância Epidemiológica,150010020000, Rec. Livres (Imp. e Transf. Const.): ASPS 15%,11.118.645/0001-40,SPOTECH INFORMÁTICA CORAL LTDA,109.54,0,109.54,1.31,109.54
19,Fundo Municipal de Saúde,4,Vigilância Epidemiológica,150010020000, Rec. Livres (Imp. e Transf. Const.): ASPS 15%,11.436.910/0001-38,FUNDO MUNICIPAL DE SAUDE DE POMERODE,473619.41,41068.50,473619.41,113416.35,473619.41
19,Fundo Municipal de Saúde,4,Vigilância Epidemiológica,150010020000, Rec. Livres (Imp. e Transf. Const.): ASPS 15%,17.184.520/0001-02,PRÓ CIRÚRGICA CHAPECÓ PRODUTOS PARA SAÚDE LTDA,565.00,0,565.00,0,565.00
19,Fundo Municipal de Saúde,4,Vigilância Epidemiológica,150010020000, Rec. Livres (Imp. e Transf. Const.): ASPS 15%,18.599.625/0001-87,INDAVIDAS COMERCIO PRODUTOS HOSPITALARES LTDA,246.00,30.00,246.00,0,246.00
19,Fundo Municipal de Saúde,4,Vigilância Epidemiológica,150010020000, Rec. Livres (Imp. e Transf. Const.): ASPS 15%,18.780.623/0001-90,NOAR TURISMO LTDA,289.32,0,289.32,0,289.32
19,Fundo Municipal de Saúde,4,Vigilância Epidemiológica,150010020000, Rec. Livres (Imp. e Transf. Const.): ASPS 15%,27.284.516/0001-61,MAXIFROTA SERVIÇOS DE MANUTENÇÃO DE FROTA LTDA,6960.85,0.01,1487.85,0,69.99
19,Fundo Municipal de Saúde,4,Vigilância Epidemiológica,150010020000, Rec. Livres (Imp. e Transf. Const.): ASPS 15%,29.979.036/0001-40,INSS- INSTITUTO NACIONAL DO SEGURO SOCIAL,10119.01,0,10119.01,0,6448.41
19,Fundo Municipal de Saúde,4,Vigilância Epidemiológica,150010020000, Rec. Livres (Imp. e Transf. Const.): ASPS 15%,31.495.759/0001-16,SIRIO PHARMA EIRELI,657.00,0,657.00,7.89,657.00
19,Fundo Municipal de Saúde,4,Vigilância Epidemiológica,150010020000, Rec. Livres (Imp. e Transf. Const.): ASPS 15%,34.126.852/0001-41,CENTRAL BRASIL SERVIÇOS DE MEDIÇÃO LTDA,1109.70,0,1109.70,13.32,1109.70
19,Fundo Municipal de Saúde,4,Vigilância Epidemiológica,150010020000, Rec. Livres (Imp. e Transf. Const.): ASPS 15%,37.115.367/0001-60,MINISTERIO DO TRABALHO - MTE,5522.91,0,5522.91,0,3034.53
19,Fundo Municipal de Saúde,4,Vigilância Epidemiológica,150010020000, Rec. Livres (Imp. e Transf. Const.): ASPS 15%,37.143.430/0001-72,TSI CENTRO AUTOMOTIVO LTDA,3120.75,0,3120.75,0,3120.75
19,Fundo Municipal de Saúde,4,Vigilância Epidemiológica,150010020000, Rec. Livres (Imp. e Transf. Const.): ASPS 15%,38.315.947/0001-64,CK RASTREAMENTO VEICULAR LTDA,1110.40,0,453.70,0,453.70
19,Fundo Municipal de Saúde,4,Vigilância Epidemiológica,150010020000, Rec. Livres (Imp. e Transf. Const.): ASPS 15%,46.368.367/0001-63,AMENA CLIMATIZAÇÃO LTDA,1880.85,0,1880.85,22.57,1880.85
19,Fundo Municipal de Saúde,4,Vigilância Epidemiológica,150010020000, Rec. Livres (Imp. e Transf. Const.): ASPS 15%,48.307.799/0001-90,MAG FEDERAÇÃO,405.16,28.50,405.16,0,405.16
19,Fundo Municipal de Saúde,4,Vigilância Epidemiológica,150010020000, Rec. Livres (Imp. e Transf. Const.): ASPS 15%,57.765.012/0001-24,MH COMERCIO LTDA,180.00,0,180.00,0,180.00
19,Fundo Municipal de Saúde,4,Vigilância Epidemiológica,150010020000, Rec. Livres (Imp. e Transf. Const.): ASPS 15%,81.618.753/0001-67,ELBER INDÚSTRIA DE REFRIGERAÇÃO LTDA,2501.12,0,2501.12,58.81,2501.12
19,Fundo Municipal de Saúde,4,Vigilância Epidemiológica,150010020000, Rec. Livres (Imp. e Transf. Const.): ASPS 15%,86.910.148/0001-89,DIBRAPE - DISTRIBUIDORA BRASILEIRA DE PETRÓLEO LTDA,14658.30,0,3818.10,9.14,3391.93
19,Fundo Municipal de Saúde,4,Vigilância Epidemiológica,160070001800,Progr. de Vigilância Epidemiológica (Transf. do SUS/União - Blc de Manut.),11.436.910/0001-38,FUNDO MUNICIPAL DE SAUDE DE POMERODE,51896.83,16947.28,51896.83,0,51896.83
19,Fundo Municipal de Saúde,4,Vigilância Epidemiológica,160070002000,Progr. Controle das DST/AIDS e Hepatites Virais (Transf. do SUS/União - Blc de Manut.),04.895.816/0001-81,SOCIEDADE VALE DE COMUNICACOES LTDA,2826.27,126.48,2826.27,0,2826.27
19,Fundo Municipal de Saúde,4,Vigilância Epidemiológica,160070002000,Progr. Controle das DST/AIDS e Hepatites Virais (Transf. do SUS/União - Blc de Manut.),10.729.492/0001-04,QUIMICENTER PRODUTOS PARA LABORATÓRIOS LTDA,703.85,0,703.85,8.45,703.85
19,Fundo Municipal de Saúde,4,Vigilância Epidemiológica,160470000200,Transferências provenientes do Governo Federal destinadas ao vencimento dos agentes de combate às endemias,037.701.999-28,ELENICE FRANCENER SILVEIRA,234.14,0,234.14,17.56,234.14
19,Fundo Municipal de Saúde,4,Vigilância Epidemiológica,160470000200,Transferências provenientes do Governo Federal destinadas ao vencimento dos agentes de combate às endemias,11.436.910/0001-38,FUNDO MUNICIPAL DE SAUDE DE POMERODE,89677.03,16858.40,89677.03,8104.11,89677.03
19,Fundo Municipal de Saúde,4,Vigilância Epidemiológica,160470000200,Transferências provenientes do Governo Federal destinadas ao vencimento dos agentes de combate às endemias,29.979.036/0001-40,INSS- INSTITUTO NACIONAL DO SEGURO SOCIAL,13360.89,2865.96,13360.89,0,13360.89
19,Fundo Municipal de Saúde,4,Vigilância Epidemiológica,160470000200,Transferências provenientes do Governo Federal destinadas ao vencimento dos agentes de combate às endemias,37.115.367/0001-60,MINISTERIO DO TRABALHO - MTE,6173.96,1348.68,6173.96,0,6173.96
19,Fundo Municipal de Saúde,4,Vigilância Epidemiológica,250170000000,Rec. Livres,12.561.319/0001-75,NOVAINSTRUMENTS EQUIPAMENTOS PARA LABORATÓRIO LTDA,10260.00,0,10260.00,123.12,10260.00
19,Fundo Municipal de Saúde,4,Vigilância Epidemiológica,250170000000,Rec. Livres,13.409.414/0001-10,RCBI INSTRUMENTOS LTDA,1200.00,0,1200.00,14.40,1200.00
19,Fundo Municipal de Saúde,4,Vigilância Epidemiológica,260070000800,Progr.vig. e Prev.de Violencia e Acident (Transf. do SUS/União - Blc de Manut.),46.757.247/0001-58,INSTITUTO RANAI - ENSINO E DESENVOLVIMENTO,7475.20,0,7475.20,0,7475.20
19,Fundo Municipal de Saúde,4,Vigilância Epidemiológica,260070000800,Progr.vig. e Prev.de Violencia e Acident (Transf. do SUS/União - Blc de Manut.),80.495.625/0001-00,CONFEITARIA TORTEN PARADIES LTDA,511.92,0,511.92,6.14,511.92
19,Fundo Municipal de Saúde,4,Vigilância Epidemiológica,260070001800,Progr. de Vigilância Epidemiológica (Transf. do SUS/União - Blc de Manut.),00.802.002/0001-02,ALTERMED MATERIAL MÉDICO HOSPITALAR LTDA,317.75,0,317.75,3.81,317.75
19,Fundo Municipal de Saúde,4,Vigilância Epidemiológica,260070001800,Progr. de Vigilância Epidemiológica (Transf. do SUS/União - Blc de Manut.),02.248.312/0001-44,CEPALAB LABORATORIOS S.A,2500.00,0,2500.00,30.00,2500.00
19,Fundo Municipal de Saúde,4,Vigilância Epidemiológica,260070001800,Progr. de Vigilância Epidemiológica (Transf. do SUS/União - Blc de Manut.),03.652.030/0003-32,CENTERMEDI-COMERCIO DE PRODUTOS HOSPITALARES LTDA,530.00,0,530.00,6.36,530.00
19,Fundo Municipal de Saúde,4,Vigilância Epidemiológica,260070001800,Progr. de Vigilância Epidemiológica (Transf. do SUS/União - Blc de Manut.),11.145.401/0001-56,L A DALLA PORTA JUNIOR LTDA,0.00,360.00,0,0,0
19,Fundo Municipal de Saúde,4,Vigilância Epidemiológica,260070001800,Progr. de Vigilância Epidemiológica (Transf. do SUS/União - Blc de Manut.),18.780.623/0001-90,NOAR TURISMO LTDA,752.00,0,752.00,0,752.00
19,Fundo Municipal de Saúde,4,Vigilância Epidemiológica,260070001800,Progr. de Vigilância Epidemiológica (Transf. do SUS/União - Blc de Manut.),38.315.947/0001-64,CK RASTREAMENTO VEICULAR LTDA,116.80,0,116.80,0,116.80
19,Fundo Municipal de Saúde,4,Vigilância Epidemiológica,260070001800,Progr. de Vigilância Epidemiológica (Transf. do SUS/União - Blc de Manut.),41.331.812/0001-05,SMARTMED ASSISTÊNCIA TÉCNICA DE EQUIPAMENTOS MÉDICO HOSPITALAR LTDA,426.00,0,426.00,0,426.00
19,Fundo Municipal de Saúde,4,Vigilância Epidemiológica,260070002000,Progr. Controle das DST/AIDS e Hepatites Virais (Transf. do SUS/União - Blc de Manut.),10.749.284/0001-77,EZCUZÊ AGÊNCIA DE PUBLICIDADE E PROPAGANDA LTDA,810.00,0,0,0,0
19,Fundo Municipal de Saúde,4,Vigilância Epidemiológica,260070002000,Progr. Controle das DST/AIDS e Hepatites Virais (Transf. do SUS/União - Blc de Manut.),75.293.126/0001-09,RÁDIO POMERODE LTDA,2826.27,0,2826.27,0,2826.27
19,Fundo Municipal de Saúde,4,Vigilância Epidemiológica,262170000002,Portaria 545/2022: Incentivo Estadual p/ Cofinanciamento da APS (Municípios em Situação de Epidemia Dengue),82.951.310/0001-56,SECRETARIA DE ESTADO DA FAZENDA,149.37,0,149.37,0,149.37
19,Fundo Municipal de Saúde,4,Vigilância Epidemiológica,262170000004,Vigilância em Saúde: Controle de Arboviroses (Deliberação  693/CIB/2023),19.031.878/0001-12,AUTOMX SOLUÇÕES LTDA,638.00,0,0,0,0
19,Fundo Municipal de Saúde,4,Vigilância Epidemiológica,262170000004,Vigilância em Saúde: Controle de Arboviroses (Deliberação  693/CIB/2023),29.045.645/0001-22,MALTA INDÚSTRIA E COMÉRCIO DE PRODUTOS LTDA,181.30,0,0,0,0
19,Fundo Municipal de Saúde,4,Vigilância Epidemiológica,262170000004,Vigilância em Saúde: Controle de Arboviroses (Deliberação  693/CIB/2023),30.380.856/0001-09,"EXXITUS COMERCIO ATACADISTA, VAREJISTA E PRESTADORA DE SERVICOS LTDA",2634.90,0,2634.90,0,2634.90
19,Fundo Municipal de Saúde,4,Vigilância Epidemiológica,262170000004,Vigilância em Saúde: Controle de Arboviroses (Deliberação  693/CIB/2023),34.264.974/0001-02,34.264.974 CAROLINE MUHLFEIT VENTURA SCHMEIL,400.00,0,0,0,0
19,Fundo Municipal de Saúde,4,Vigilância Epidemiológica,262170000004,Vigilância em Saúde: Controle de Arboviroses (Deliberação  693/CIB/2023),37.143.430/0001-72,TSI CENTRO AUTOMOTIVO LTDA,1773.48,0,1773.48,0,1773.48
19,Fundo Municipal de Saúde,4,Vigilância Epidemiológica,262170000004,Vigilância em Saúde: Controle de Arboviroses (Deliberação  693/CIB/2023),94.389.400/0001-84,MCW PRODUTOS MEDICOS E HOSPITALARES LTDA,155.00,0,0,0,0
19,Fundo Municipal de Saúde,5,Alimentação e Nutrição,150010020000, Rec. Livres (Imp. e Transf. Const.): ASPS 15%,03.612.312/0004-97,NUTRIPORT COMERCIAL LTDA,13917.60,0,13917.60,167.01,13917.60
19,Fundo Municipal de Saúde,5,Alimentação e Nutrição,260070001100, FAN - Prog. de Financ. das Ações de Alimentação e Nutrição (Custeio) (Transf. do SUS/União - Blc de Manut.),03.612.312/0004-97,NUTRIPORT COMERCIAL LTDA,10206.24,0,10206.24,122.47,10206.24
19,Fundo Municipal de Saúde,5,Alimentação e Nutrição,260070001100, FAN - Prog. de Financ. das Ações de Alimentação e Nutrição (Custeio) (Transf. do SUS/União - Blc de Manut.),05.912.018/0001-83,MERCO SOLUÇÕES EM SAÚDE S/A,11666.40,0,11666.40,140.00,11666.40
19,Fundo Municipal de Saúde,5,Alimentação e Nutrição,260070001100, FAN - Prog. de Financ. das Ações de Alimentação e Nutrição (Custeio) (Transf. do SUS/União - Blc de Manut.),54.388.779/0001-93,EFFRA IN HUB DE COMÉRCIO E SERVIÇOS LTDA,522.00,0,522.00,0,522.00
19,Fundo Municipal de Saúde,6,Gestão Saúde,150010020000, Rec. Livres (Imp. e Transf. Const.): ASPS 15%,00.000.000/2472-43,BANCO DO BRASIL SA,1713.29,171.58,684.87,0,684.87
19,Fundo Municipal de Saúde,6,Gestão Saúde,150010020000, Rec. Livres (Imp. e Transf. Const.): ASPS 15%,00.331.788/0075-55,AIR LIQUIDE BRASIL LTDA,381.17,0,381.17,4.57,381.17
19,Fundo Municipal de Saúde,6,Gestão Saúde,150010020000, Rec. Livres (Imp. e Transf. Const.): ASPS 15%,00.360.305/1880-73,CAIXA ECONOMICA FEDERAL,5829.63,62.40,1592.03,0,1592.03
19,Fundo Municipal de Saúde,6,Gestão Saúde,150010020000, Rec. Livres (Imp. e Transf. Const.): ASPS 15%,003.720.979-52,KELLY REGINA SCHWENGBER ZIMMER DALLMANN,248.78,274.68,248.78,0,248.78
19,Fundo Municipal de Saúde,6,Gestão Saúde,150010020000, Rec. Livres (Imp. e Transf. Const.): ASPS 15%,003.921.259-94,GISELIA CAROLINA MOREIRA,0.00,83.80,0.00,0,0.00
19,Fundo Municipal de Saúde,6,Gestão Saúde,150010020000, Rec. Livres (Imp. e Transf. Const.): ASPS 15%,007.437.319-64,MAIRA BEATRIZ KAMKE HERZOG,335.22,0,335.22,0,335.22
19,Fundo Municipal de Saúde,6,Gestão Saúde,150010020000, Rec. Livres (Imp. e Transf. Const.): ASPS 15%,007.487.219-24,SIDNEI HEINZEN,21544.29,4106.14,7306.30,0,7306.30
19,Fundo Municipal de Saúde,6,Gestão Saúde,150010020000, Rec. Livres (Imp. e Transf. Const.): ASPS 15%,007.708.859-00,RODRIGO FARIAS,20825.84,4274.66,6917.85,0,6917.85
19,Fundo Municipal de Saúde,6,Gestão Saúde,150010020000, Rec. Livres (Imp. e Transf. Const.): ASPS 15%,00.802.002/0001-02,ALTERMED MATERIAL MÉDICO HOSPITALAR LTDA,428.57,0,428.57,5.14,5.14
19,Fundo Municipal de Saúde,6,Gestão Saúde,150010020000, Rec. Livres (Imp. e Transf. Const.): ASPS 15%,01.183.238/0004-05,INSPECAR LTDA,1980.00,0,1980.00,0,1980.00
19,Fundo Municipal de Saúde,6,Gestão Saúde,150010020000, Rec. Livres (Imp. e Transf. Const.): ASPS 15%,011.903.190-63,VINICIUS SPIGER,335.22,0,335.22,0,335.22
19,Fundo Municipal de Saúde,6,Gestão Saúde,150010020000, Rec. Livres (Imp. e Transf. Const.): ASPS 15%,01.258.027/0003-03,IPM SISTEMAS LTDA,52249.68,0,26787.42,1285.81,26787.42
19,Fundo Municipal de Saúde,6,Gestão Saúde,150010020000, Rec. Livres (Imp. e Transf. Const.): ASPS 15%,020.081.009-01,ALTAMIR CORREA,15271.31,5468.97,2750.28,0,2750.28
19,Fundo Municipal de Saúde,6,Gestão Saúde,150010020000, Rec. Livres (Imp. e Transf. Const.): ASPS 15%,020.549.849-30,MARCOS MOREIRA DE SOUZA,17645.28,3810.03,3203.12,0,3203.12
19,Fundo Municipal de Saúde,6,Gestão Saúde,150010020000, Rec. Livres (Imp. e Transf. Const.): ASPS 15%,02.255.187/0001-08,UNIFIQUE TELECOMUNICAÇÕES S/A,44858.44,1931.22,21684.00,1040.82,21684.00
19,Fundo Municipal de Saúde,6,Gestão Saúde,150010020000, Rec. Livres (Imp. e Transf. Const.): ASPS 15%,025.129.385-81,IVIS HIRLANDER LIMA PEREIRA,8023.07,473.91,3378.14,0,3378.14
19,Fundo Municipal de Saúde,6,Gestão Saúde,150010020000, Rec. Livres (Imp. e Transf. Const.): ASPS 15%,03.269.695/0001-08,CONSORCIO PUBLICO INTERFEDERATIVO DE SAUDE E SERVICOS DO VALE EUROPEU CISAMVE,475121.39,0,191362.48,0,191362.48
19,Fundo Municipal de Saúde,6,Gestão Saúde,150010020000, Rec. Livres (Imp. e Transf. Const.): ASPS 15%,03.277.259/0001-72,GUMZ COMERCIO E INDUSTRIA LTDA,50.97,0,50.97,0.61,50.97
19,Fundo Municipal de Saúde,6,Gestão Saúde,150010020000, Rec. Livres (Imp. e Transf. Const.): ASPS 15%,03.725.261/0001-67,COMÉRCIO DE PNEUS OENNING LTDA,2127.68,0,0,0,0
19,Fundo Municipal de Saúde,6,Gestão Saúde,150010020000, Rec. Livres (Imp. e Transf. Const.): ASPS 15%,04.533.821/0001-44,FUNDO DE APOSENTADORIA E PENSOES,312515.63,45003.32,312515.63,0,267128.21
19,Fundo Municipal de Saúde,6,Gestão Saúde,150010020000, Rec. Livres (Imp. e Transf. Const.): ASPS 15%,04.724.655/0001-63,COPY LINE COMÉRCIO E SERVIÇOS LTDA,107919.58,0,38463.58,3513.20,38463.58
19,Fundo Municipal de Saúde,6,Gestão Saúde,150010020000, Rec. Livres (Imp. e Transf. Const.): ASPS 15%,047.462.157-07,WERNER CRISTIAN VIANNA PRASSER,1876.36,3572.62,938.18,0,938.18
19,Fundo Municipal de Saúde,6,Gestão Saúde,150010020000, Rec. Livres (Imp. e Transf. Const.): ASPS 15%,073.541.219-75,ACKSOM BERTOTTO TORMES,23729.60,2879.31,8511.01,0,8511.01
19,Fundo Municipal de Saúde,6,Gestão Saúde,150010020000, Rec. Livres (Imp. e Transf. Const.): ASPS 15%,08.336.783/0001-90,CELESC DISTRIBUICAO S.A,126897.25,0,46897.25,907.02,46897.25
19,Fundo Municipal de Saúde,6,Gestão Saúde,150010020000, Rec. Livres (Imp. e Transf. Const.): ASPS 15%,084.355.559-92,FRANCIELE CECCHIN,167.60,83.80,167.60,0,167.60
19,Fundo Municipal de Saúde,6,Gestão Saúde,150010020000, Rec. Livres (Imp. e Transf. Const.): ASPS 15%,085.161.359-42,FERNANDO DA SILVA LUIZ,31369.79,7252.40,29626.88,1596.57,29626.88
19,Fundo Municipal de Saúde,6,Gestão Saúde,150010020000, Rec. Livres (Imp. e Transf. Const.): ASPS 15%,085.446.869-23,LETICIA THAIS DALPIAZ,335.22,0,335.22,0,335.22
19,Fundo Municipal de Saúde,6,Gestão Saúde,150010020000, Rec. Livres (Imp. e Transf. Const.): ASPS 15%,096.151.449-32,MATHEUS WESLEY PRETKO,83.80,0,83.80,0,83.80
19,Fundo Municipal de Saúde,6,Gestão Saúde,150010020000, Rec. Livres (Imp. e Transf. Const.): ASPS 15%,102.136.099-67,EDUARDO GABRIEL RODRIGUES VANIN,6131.53,0,6131.53,0,6131.53
19,Fundo Municipal de Saúde,6,Gestão Saúde,150010020000, Rec. Livres (Imp. e Transf. Const.): ASPS 15%,102.306.325-56,HUDSON SANTOS SILVA,5273.02,0,5273.02,0,5273.02
19,Fundo Municipal de Saúde,6,Gestão Saúde,150010020000, Rec. Livres (Imp. e Transf. Const.): ASPS 15%,103.394.089-52,LUCAS MARCELO WACHHOLZ,6816.20,0,6816.20,0,6816.20
19,Fundo Municipal de Saúde,6,Gestão Saúde,150010020000, Rec. Livres (Imp. e Transf. Const.): ASPS 15%,104.900.989-40,VINICIUS HENRIQUE ROEDER,7793.40,0,7793.40,0,7793.40
19,Fundo Municipal de Saúde,6,Gestão Saúde,150010020000, Rec. Livres (Imp. e Transf. Const.): ASPS 15%,105.167.539-16,KAUE MIGUEL ELIAS DA SILVA,2072.14,0,2072.14,0,2072.14
19,Fundo Municipal de Saúde,6,Gestão Saúde,150010020000, Rec. Livres (Imp. e Transf. Const.): ASPS 15%,10.749.284/0001-77,EZCUZÊ AGÊNCIA DE PUBLICIDADE E PROPAGANDA LTDA,988.86,0,96.36,4.63,96.36
19,Fundo Municipal de Saúde,6,Gestão Saúde,150010020000, Rec. Livres (Imp. e Transf. Const.): ASPS 15%,10.928.104/0001-14,POMERODE DECALQUE PRESTADORA DE SERVICOS LTDA,1828.00,0,0,0,0
19,Fundo Municipal de Saúde,6,Gestão Saúde,150010020000, Rec. Livres (Imp. e Transf. Const.): ASPS 15%,113.342.949-17,LUCAS FELIPE KICKHOFEL,7573.69,0,7573.69,0,7573.69
19,Fundo Municipal de Saúde,6,Gestão Saúde,150010020000, Rec. Livres (Imp. e Transf. Const.): ASPS 15%,11.436.910/0001-38,FUNDO MUNICIPAL DE SAUDE DE POMERODE,2264415.25,301814.57,2264415.25,767357.22,2264415.25
19,Fundo Municipal de Saúde,6,Gestão Saúde,150010020000, Rec. Livres (Imp. e Transf. Const.): ASPS 15%,118.300.339-05,RHIAN GABRIEL SONNTAG,1650.24,0,1650.24,0,1650.24
19,Fundo Municipal de Saúde,6,Gestão Saúde,150010020000, Rec. Livres (Imp. e Transf. Const.): ASPS 15%,118.572.439-78,BIANCA GABRIELE POLICARPO KLABUNDE,7793.40,0,7793.40,0,7793.40
19,Fundo Municipal de Saúde,6,Gestão Saúde,150010020000, Rec. Livres (Imp. e Transf. Const.): ASPS 15%,13.037.804/0001-07,BRTAC SERVIÇOS DE CRONOTACOGRAFOS LTDA,1790.00,1440.00,1790.00,0,1790.00
19,Fundo Municipal de Saúde,6,Gestão Saúde,150010020000, Rec. Livres (Imp. e Transf. Const.): ASPS 15%,13.761.520/0001-69,ALEXANDRE ANDREIS BAUER 03225964913,253.38,0,253.38,0,253.38
19,Fundo Municipal de Saúde,6,Gestão Saúde,150010020000, Rec. Livres (Imp. e Transf. Const.): ASPS 15%,137.987.859-45,CAMILY GLASENAPP SEBERINO,7793.40,0,7793.40,0,7793.40
19,Fundo Municipal de Saúde,6,Gestão Saúde,150010020000, Rec. Livres (Imp. e Transf. Const.): ASPS 15%,143.340.004-95,KAUA PABLO AMORIM TAVARES DA SILVA,2351.96,0,2351.96,0,2351.96
19,Fundo Municipal de Saúde,6,Gestão Saúde,150010020000, Rec. Livres (Imp. e Transf. Const.): ASPS 15%,206.044.377-65,MAXWELL DYLAN SANTOS CUPERTINO,1087.67,0,1087.67,0,1087.67
19,Fundo Municipal de Saúde,6,Gestão Saúde,150010020000, Rec. Livres (Imp. e Transf. Const.): ASPS 15%,21.982.891/0002-80,4U DIGITAL COMERCIO E SERVICOS LTDA,3069.00,0,3069.00,36.82,3069.00
19,Fundo Municipal de Saúde,6,Gestão Saúde,150010020000, Rec. Livres (Imp. e Transf. Const.): ASPS 15%,26.044.069/0001-00,SOMA ATACADO LTDA,180.62,169.00,180.62,2.17,180.62
19,Fundo Municipal de Saúde,6,Gestão Saúde,150010020000, Rec. Livres (Imp. e Transf. Const.): ASPS 15%,261.378.348-67,FERNANDO MARQUES DA COSTA,307.26,0,307.26,0,307.26
19,Fundo Municipal de Saúde,6,Gestão Saúde,150010020000, Rec. Livres (Imp. e Transf. Const.): ASPS 15%,27.284.516/0001-61,MAXIFROTA SERVIÇOS DE MANUTENÇÃO DE FROTA LTDA,10758.00,39.22,758.00,0,758.00
19,Fundo Municipal de Saúde,6,Gestão Saúde,150010020000, Rec. Livres (Imp. e Transf. Const.): ASPS 15%,277.382.248-00,RODRIGO SILVA SOARES,0.00,74.49,0,0,0
19,Fundo Municipal de Saúde,6,Gestão Saúde,150010020000, Rec. Livres (Imp. e Transf. Const.): ASPS 15%,29.023.342/0001-09,VLF MÁQUINAS E SOLUÇÕES EMPRESARIAIS LTDA,998.00,0,998.00,0,998.00
19,Fundo Municipal de Saúde,6,Gestão Saúde,150010020000, Rec. Livres (Imp. e Transf. Const.): ASPS 15%,29.979.036/0001-40,INSS- INSTITUTO NACIONAL DO SEGURO SOCIAL,38592.42,5169.82,38592.42,0,32812.05
19,Fundo Municipal de Saúde,6,Gestão Saúde,150010020000, Rec. Livres (Imp. e Transf. Const.): ASPS 15%,31.038.666/0001-62,JULIANO SILVIO TAFNER,610.00,0,610.00,0,610.00
19,Fundo Municipal de Saúde,6,Gestão Saúde,150010020000, Rec. Livres (Imp. e Transf. Const.): ASPS 15%,31.322.368/0001-08,R.S. VAREJO LTDA,102.51,0,0,0,0
19,Fundo Municipal de Saúde,6,Gestão Saúde,150010020000, Rec. Livres (Imp. e Transf. Const.): ASPS 15%,33.226.919/0001-57,JG ASSISTENCIA PSICOSSOCIAL LTDA,82880.00,1120.00,15680.00,752.64,752.64
19,Fundo Municipal de Saúde,6,Gestão Saúde,150010020000, Rec. Livres (Imp. e Transf. Const.): ASPS 15%,34.882.793/0001-31,DATASSIA CONTROLE E AVALIAÇÃO DE SERVIÇOS DE SAÚDE LTDA,108129.00,0,33600.00,0,33600.00
19,Fundo Municipal de Saúde,6,Gestão Saúde,150010020000, Rec. Livres (Imp. e Transf. Const.): ASPS 15%,34.911.447/0001-34,MARCOS BEHLING 41917553900,800.00,0,800.00,0,800.00
19,Fundo Municipal de Saúde,6,Gestão Saúde,150010020000, Rec. Livres (Imp. e Transf. Const.): ASPS 15%,36.225.268/0001-79,INSTALAR INSTALAÇÃO E MANUTENÇÃO LTDA,570.00,0,570.00,0,570.00
19,Fundo Municipal de Saúde,6,Gestão Saúde,150010020000, Rec. Livres (Imp. e Transf. Const.): ASPS 15%,36.811.724/0001-62,ALESSANDRO ENGEL,16496.00,0,8248.00,907.28,8248.00
19,Fundo Municipal de Saúde,6,Gestão Saúde,150010020000, Rec. Livres (Imp. e Transf. Const.): ASPS 15%,37.115.367/0001-60,MINISTERIO DO TRABALHO - MTE,3390.11,148.71,3390.11,0,2876.33
19,Fundo Municipal de Saúde,6,Gestão Saúde,150010020000, Rec. Livres (Imp. e Transf. Const.): ASPS 15%,37.143.430/0001-72,TSI CENTRO AUTOMOTIVO LTDA,15439.42,0,12570.76,0,12570.76
19,Fundo Municipal de Saúde,6,Gestão Saúde,150010020000, Rec. Livres (Imp. e Transf. Const.): ASPS 15%,38.315.947/0001-64,CK RASTREAMENTO VEICULAR LTDA,8771.35,0,3758.05,0,3758.05
19,Fundo Municipal de Saúde,6,Gestão Saúde,150010020000, Rec. Livres (Imp. e Transf. Const.): ASPS 15%,39.988.022/0001-47,FGS COMERCIAL LTDA,177.00,0,177.00,0,177.00
19,Fundo Municipal de Saúde,6,Gestão Saúde,150010020000, Rec. Livres (Imp. e Transf. Const.): ASPS 15%,40.223.106/0001-79,DARLU INDÚSTRIA TÊXTIL LTDA,163.65,0,163.65,0,163.65
19,Fundo Municipal de Saúde,6,Gestão Saúde,150010020000, Rec. Livres (Imp. e Transf. Const.): ASPS 15%,419.672.679-87,ALFREDO JOAO BERRI,45.90,75.91,45.90,0,45.90
19,Fundo Municipal de Saúde,6,Gestão Saúde,150010020000, Rec. Livres (Imp. e Transf. Const.): ASPS 15%,42.785.776/0001-04,ALLY COMERCIO DE PRODUTOS E EQUIPAMENTOS LTDA,143.00,0,143.00,0,0
19,Fundo Municipal de Saúde,6,Gestão Saúde,150010020000, Rec. Livres (Imp. e Transf. Const.): ASPS 15%,44.649.812/0001-38,NOTRE DAME INTERMÉDICA SAÚDE S.A.,4263.69,6360.85,2166.53,318.72,2166.53
19,Fundo Municipal de Saúde,6,Gestão Saúde,150010020000, Rec. Livres (Imp. e Transf. Const.): ASPS 15%,496.560.938-79,VINICIUS ALMEIDA SOARES DOS SANTOS,6662.64,0,6662.64,0,6662.64
19,Fundo Municipal de Saúde,6,Gestão Saúde,150010020000, Rec. Livres (Imp. e Transf. Const.): ASPS 15%,50.675.079/0001-29,POMERWASSER AMBIENTAL S.P.E. S.A.,10538.94,0,3538.94,167.72,3538.94
19,Fundo Municipal de Saúde,6,Gestão Saúde,150010020000, Rec. Livres (Imp. e Transf. Const.): ASPS 15%,59.249.712/0001-91,INOVAR SERVIÇOS DE MÃO DE OBRA LTDA,3600.00,0,0,0,0
19,Fundo Municipal de Saúde,6,Gestão Saúde,150010020000, Rec. Livres (Imp. e Transf. Const.): ASPS 15%,71.052.559/0005-37,BELMICRO TECNOLOGIA S/A,1718.89,0,1718.89,20.63,1718.89
19,Fundo Municipal de Saúde,6,Gestão Saúde,150010020000, Rec. Livres (Imp. e Transf. Const.): ASPS 15%,75.415.075/0002-13,RUDIPEL - RUDNICK PETRÓLEO LTDA,193868.70,63513.20,77606.40,186.26,72366.01
19,Fundo Municipal de Saúde,6,Gestão Saúde,150010020000, Rec. Livres (Imp. e Transf. Const.): ASPS 15%,789.830.102-15,JEFERSON GOMES PEIXOTO,17099.33,2134.98,5855.58,0,5855.58
19,Fundo Municipal de Saúde,6,Gestão Saúde,150010020000, Rec. Livres (Imp. e Transf. Const.): ASPS 15%,79.227.963/0014-05,NC COMUNICAÇÕES S/A,385.46,0,385.46,18.50,385.46
19,Fundo Municipal de Saúde,6,Gestão Saúde,150010020000, Rec. Livres (Imp. e Transf. Const.): ASPS 15%,80.495.625/0001-00,CONFEITARIA TORTEN PARADIES LTDA,5429.77,0,5120.48,61.45,5120.48
19,Fundo Municipal de Saúde,6,Gestão Saúde,150010020000, Rec. Livres (Imp. e Transf. Const.): ASPS 15%,82.624.776/0001-47,UNIMED BLUMENAU - COOPERATIVA DE TRABALHO MÉDICO,0.00,33625.14,0.00,0,0
19,Fundo Municipal de Saúde,6,Gestão Saúde,150010020000, Rec. Livres (Imp. e Transf. Const.): ASPS 15%,82.895.970/0001-67,FEDERACAO DAS CAMARAS DE DIRIGENTES LOJISTAS DE SC,328.00,0,328.00,15.74,328.00
19,Fundo Municipal de Saúde,6,Gestão Saúde,150010020000, Rec. Livres (Imp. e Transf. Const.): ASPS 15%,82.951.310/0001-56,SECRETARIA DE ESTADO DA FAZENDA,8593.72,0,4303.72,0,4303.72
19,Fundo Municipal de Saúde,6,Gestão Saúde,150010020000, Rec. Livres (Imp. e Transf. Const.): ASPS 15%,85.104.289/0001-41,M.D.M. COMÉRCIO E SERVIÇOS LTDA,67117.63,3747.81,56354.18,1020.17,56354.18
19,Fundo Municipal de Saúde,6,Gestão Saúde,150010020000, Rec. Livres (Imp. e Transf. Const.): ASPS 15%,86.910.148/0001-89,DIBRAPE - DISTRIBUIDORA BRASILEIRA DE PETRÓLEO LTDA,98921.80,0,24985.01,59.94,22055.06
19,Fundo Municipal de Saúde,6,Gestão Saúde,150010020000, Rec. Livres (Imp. e Transf. Const.): ASPS 15%,90.180.605/0001-02,GENTE SEGURADORA S.A.,2405.66,0,2405.66,57.74,2405.66
19,Fundo Municipal de Saúde,6,Gestão Saúde,150010020000, Rec. Livres (Imp. e Transf. Const.): ASPS 15%,95.855.078/0001-02,PANIFICADORA E CONFEITARIA DONA ELLA LTDA,1577.95,28.00,1225.97,0,1225.97
19,Fundo Municipal de Saúde,6,Gestão Saúde,150010020000, Rec. Livres (Imp. e Transf. Const.): ASPS 15%,97.333.355/0001-34,CLUBE POMERODE CULTURAL RECREATIVO E ESPORTIVO,750.00,0,750.00,0,750.00
19,Fundo Municipal de Saúde,6,Gestão Saúde,150010020000, Rec. Livres (Imp. e Transf. Const.): ASPS 15%,987.997.629-00,LIGIA HOEPFNER,335.22,0,335.22,0,335.22
19,Fundo Municipal de Saúde,6,Gestão Saúde,150170000000,Rec. Livres,00.000.000/2472-43,BANCO DO BRASIL SA,414.59,0,114.59,0,114.59
19,Fundo Municipal de Saúde,6,Gestão Saúde,150170000000,Rec. Livres,04.376.684/0002-62,CENTERPLAST EMBALAGENS PLASTICAS LTDA,48.00,0,48.00,0.58,48.00
19,Fundo Municipal de Saúde,6,Gestão Saúde,150170000000,Rec. Livres,10.749.284/0001-77,EZCUZÊ AGÊNCIA DE PUBLICIDADE E PROPAGANDA LTDA,96.36,0,96.36,4.63,96.36
19,Fundo Municipal de Saúde,6,Gestão Saúde,150170000000,Rec. Livres,79.227.963/0014-05,NC COMUNICAÇÕES S/A,385.46,0,385.46,18.50,385.46
19,Fundo Municipal de Saúde,6,Gestão Saúde,150170000000,Rec. Livres,82.951.310/0001-56,SECRETARIA DE ESTADO DA FAZENDA,149.37,0,149.37,0,149.37
19,Fundo Municipal de Saúde,6,Gestão Saúde,250170000000,Rec. Livres,00.000.000/2472-43,BANCO DO BRASIL SA,358.52,0,68.52,0,68.52
19,Fundo Municipal de Saúde,6,Gestão Saúde,250170000000,Rec. Livres,00.394.494/0104-41,DPRF - DEPARTAMENTO DE POLÍCIA RODOVIÁRIA FEDERAL,156.18,0,156.18,0,156.18
19,Fundo Municipal de Saúde,6,Gestão Saúde,250170000000,Rec. Livres,02.565.683/0001-50,GE MATERIAIS DE CONSTRUÇÃO LTDA,120.00,0,120.00,0,120.00
19,Fundo Municipal de Saúde,6,Gestão Saúde,250170000000,Rec. Livres,12.674.048/0001-64,COMERCIAL PALMEIRAS LTDA,112.50,0,112.50,0,0
19,Fundo Municipal de Saúde,6,Gestão Saúde,250170000000,Rec. Livres,27.284.516/0001-61,MAXIFROTA SERVIÇOS DE MANUTENÇÃO DE FROTA LTDA,31164.54,0.11,1164.54,26.31,1164.54
19,Fundo Municipal de Saúde,6,Gestão Saúde,250170000000,Rec. Livres,35.605.748/0001-00,TRANSPORTE E TURISMO CONTINI LTDA,660.25,0,660.25,0,660.25
19,Fundo Municipal de Saúde,6,Gestão Saúde,250170000000,Rec. Livres,37.902.352/0001-42,ARMY BATERIAS LTDA,2551.50,0,2551.50,30.62,2551.50
19,Fundo Municipal de Saúde,6,Gestão Saúde,250170000000,Rec. Livres,44.649.812/0001-38,NOTRE DAME INTERMÉDICA SAÚDE S.A.,11687.17,4287.39,9203.27,729.26,5075.33
19,Fundo Municipal de Saúde,6,Gestão Saúde,250170000000,Rec. Livres,712.645.319-15,VALTER JOAO DA SILVA JUNIOR,66.00,17.80,66.00,0,66.00
19,Fundo Municipal de Saúde,6,Gestão Saúde,250170000000,Rec. Livres,79.763.884/0002-77,BARIGUI VEICULOS LTDA,51176.00,0,51176.00,614.11,614.11
19,Fundo Municipal de Saúde,6,Gestão Saúde,250170000000,Rec. Livres,82.624.776/0001-47,UNIMED BLUMENAU - COOPERATIVA DE TRABALHO MÉDICO,80977.11,22478.93,80977.11,18191.18,68947.80
19,Fundo Municipal de Saúde,6,Gestão Saúde,250170000000,Rec. Livres,83.108.357/0001-15,MUNICIPIO DE BLUMENAU,226.43,0,226.43,0,226.43
19,Fundo Municipal de Saúde,6,Gestão Saúde,250170000000,Rec. Livres,956.771.000-72,SIMONE ISABEL STEFFENS DA SILVA,0.00,279.34,0,0,0
19,Fundo Municipal de Saúde,6,Gestão Saúde,250170000001, Rec. Livres (Concessão SAMAE),29.023.342/0001-09,VLF MÁQUINAS E SOLUÇÕES EMPRESARIAIS LTDA,1750.00,0,1750.00,0,1750.00
19,Fundo Municipal de Saúde,6,Gestão Saúde,250170000001, Rec. Livres (Concessão SAMAE),35.652.184/0001-59,VETRE COMERCIO DE EQUIPAMENTOS E SUPRIMENTOS DE INFORMATICA LTDA,1620.00,0,1620.00,19.44,1620.00
19,Fundo Municipal de Saúde,6,Gestão Saúde,250170000001, Rec. Livres (Concessão SAMAE),53.512.423/0001-57,BARRA ATACADISTA E VAREJISTA LTDA,3400.00,0,0,0,0
19,Fundo Municipal de Saúde,6,Gestão Saúde,250170000001, Rec. Livres (Concessão SAMAE),81.243.735/0009-03,POSITIVO TECNOLOGIA S.A.,13733.38,0,0,0,0
19,Fundo Municipal de Saúde,6,Gestão Saúde,250170000001, Rec. Livres (Concessão SAMAE),93.920.361/0001-37,REIFLEX INDUSTRIA E COMÉRCIO DE MÓVEIS LTDA,481.00,0,481.00,5.77,481.00
19,Fundo Municipal de Saúde,6,Gestão Saúde,271032100043,Portaria Nº 256/2025 - SEF: Emenda nº 2652/2025 (Capital: Aquisição de veículo para a Saúde),05.035.532/0018-26,METRONORTE COMERCIAL DE VEÍCULOS LTDA,120800.00,0,120800.00,1449.60,120800.00
19,Fundo Municipal de Saúde,6,Gestão Saúde,271032100043,Portaria Nº 256/2025 - SEF: Emenda nº 2652/2025 (Capital: Aquisição de veículo para a Saúde),79.763.884/0002-77,BARIGUI VEICULOS LTDA,129200.00,0,129200.00,1550.40,1550.40
19,Fundo Municipal de Saúde,6,Gestão Saúde,271032100049,Portaria Nº 403/2025 - SEF: Emenda nº 4087/2025 (Apoio financeiro para aquisição de veículo elétrico ),82.510.280/0001-42,VIA PORTO PEÇAS E VEÍCULOS LTDA,120000.00,120000.00,0,0,0
19,Fundo Municipal de Saúde,7,Assistência Farmacêutica,150010020000, Rec. Livres (Imp. e Transf. Const.): ASPS 15%,00.802.002/0001-02,ALTERMED MATERIAL MÉDICO HOSPITALAR LTDA,69823.54,2200.00,43095.77,517.14,43095.77
19,Fundo Municipal de Saúde,7,Assistência Farmacêutica,150010020000, Rec. Livres (Imp. e Transf. Const.): ASPS 15%,02.520.829/0003-02,DIMASTER - COMERCIO DE PRODUTOS HOSPITALARES LTDA.,24296.00,0,12148.00,145.78,12148.00
19,Fundo Municipal de Saúde,7,Assistência Farmacêutica,150010020000, Rec. Livres (Imp. e Transf. Const.): ASPS 15%,03.652.030/0003-32,CENTERMEDI-COMERCIO DE PRODUTOS HOSPITALARES LTDA,877.20,49504.03,0,0,0
19,Fundo Municipal de Saúde,7,Assistência Farmacêutica,150010020000, Rec. Livres (Imp. e Transf. Const.): ASPS 15%,04.071.245/0001-60,LICIMED DISTRIBUIDORA MEDICAMENTOS CORRELATOS E PRODUTOS MEDICOS HOSPITALARES LTDA.,364.00,0,364.00,4.37,364.00
19,Fundo Municipal de Saúde,7,Assistência Farmacêutica,150010020000, Rec. Livres (Imp. e Transf. Const.): ASPS 15%,05.343.029/0001-90,MEDLEVENSOHN COMÉRCIO E REPRESENTAÇÕES DE PRODUTOS HOSPITALARES LTDA,9471.00,0,9471.00,113.65,113.65
19,Fundo Municipal de Saúde,7,Assistência Farmacêutica,150010020000, Rec. Livres (Imp. e Transf. Const.): ASPS 15%,05.531.725/0001-20,SOMA/SC PRODUTOS HOSPITALARES LTDA,14689.50,17689.41,14689.50,176.28,14689.50
19,Fundo Municipal de Saúde,7,Assistência Farmacêutica,150010020000, Rec. Livres (Imp. e Transf. Const.): ASPS 15%,05.782.733/0003-00,CIAMED - DISTRIBUIDORA DE MEDICAMENTOS LTDA.,17148.00,0,8574.00,102.89,8574.00
19,Fundo Municipal de Saúde,7,Assistência Farmacêutica,150010020000, Rec. Livres (Imp. e Transf. Const.): ASPS 15%,06.555.143/0001-46,TRADE MEDICAL COMÉRCIO DE MATERIAIS HOSPITALARES EIRELI,44800.00,0,44800.00,537.60,44800.00
19,Fundo Municipal de Saúde,7,Assistência Farmacêutica,150010020000, Rec. Livres (Imp. e Transf. Const.): ASPS 15%,07.752.236/0001-23,MEDILAR IMPORTAÇÃO E DISTRIBUIÇÃO DE PRODUTOS MÉDICO HOSPITALARES S/A,71061.84,0,36657.97,439.89,36657.97
19,Fundo Municipal de Saúde,7,Assistência Farmacêutica,150010020000, Rec. Livres (Imp. e Transf. Const.): ASPS 15%,09.944.371/0001-04,SULMEDIC COMÉRCIO DE MEDICAMENTOS LTDA,5485.12,297.50,5485.12,65.82,5485.12
19,Fundo Municipal de Saúde,7,Assistência Farmacêutica,150010020000, Rec. Livres (Imp. e Transf. Const.): ASPS 15%,11.145.401/0001-56,L A DALLA PORTA JUNIOR LTDA,4500.00,0,1500.00,18.00,18.00
19,Fundo Municipal de Saúde,7,Assistência Farmacêutica,150010020000, Rec. Livres (Imp. e Transf. Const.): ASPS 15%,12.014.370/0001-67,ABC DISTRIBUIDORA DE MEDICAMENTOS LTDA,0.00,1607.20,0,0,0
19,Fundo Municipal de Saúde,7,Assistência Farmacêutica,150010020000, Rec. Livres (Imp. e Transf. Const.): ASPS 15%,12.418.191/0001-95,CONQUISTA DISTRIB. DE MEDICAMENTOS E PRODUTOS HOSPITALARES EIRELI,2219.82,0,981.71,11.78,981.71
19,Fundo Municipal de Saúde,7,Assistência Farmacêutica,150010020000, Rec. Livres (Imp. e Transf. Const.): ASPS 15%,12.889.035/0001-02,INOVAMED HOSPITALAR LTDA,25726.92,0,12863.46,154.36,12863.46
19,Fundo Municipal de Saúde,7,Assistência Farmacêutica,150010020000, Rec. Livres (Imp. e Transf. Const.): ASPS 15%,20.657.155/0001-02,ILG COMERCIAL LTDA. - ME,221.83,0,221.83,2.66,221.83
19,Fundo Municipal de Saúde,7,Assistência Farmacêutica,150010020000, Rec. Livres (Imp. e Transf. Const.): ASPS 15%,22.862.531/0001-26,TOP NORTE COMÉRCIO DE MATERIAL MÉDICO HOSPITALAR LTDA,748.50,0,748.50,8.98,748.50
19,Fundo Municipal de Saúde,7,Assistência Farmacêutica,150010020000, Rec. Livres (Imp. e Transf. Const.): ASPS 15%,28.345.933/0001-30,PURAH MEDICAL & CO LTDA,655.80,0,0,0,0
19,Fundo Municipal de Saúde,7,Assistência Farmacêutica,150010020000, Rec. Livres (Imp. e Transf. Const.): ASPS 15%,44.734.671/0022-86,CRISTALIA PRODUTOS QUIMICOS FARMACEUTICOS LTDA,7632.80,0,3816.40,45.79,3816.40
19,Fundo Municipal de Saúde,7,Assistência Farmacêutica,150010020000, Rec. Livres (Imp. e Transf. Const.): ASPS 15%,45.107.793/0001-80,PHOENIX DISTRIBUIDORA E IMPORTADORA DE PRODUTOS FARMACÊUTICOS E CORRELATOS LTDA,7423.50,0,0,0,0
19,Fundo Municipal de Saúde,7,Assistência Farmacêutica,150010020000, Rec. Livres (Imp. e Transf. Const.): ASPS 15%,55.020.757/0001-39,HERVAL MOVEIS PARA ESCRITORIO LTDA,294.00,0,294.00,3.53,294.00
19,Fundo Municipal de Saúde,7,Assistência Farmacêutica,150010020000, Rec. Livres (Imp. e Transf. Const.): ASPS 15%,60.146.737/0001-49,VERTICE MEDICAMENTOS LTDA,8064.70,0,4032.35,48.39,4032.35
19,Fundo Municipal de Saúde,7,Assistência Farmacêutica,150010020000, Rec. Livres (Imp. e Transf. Const.): ASPS 15%,61.812.902/0001-17,NEXXA FARMACÊUTICA LTDA,161.88,0,161.88,0,161.88
19,Fundo Municipal de Saúde,7,Assistência Farmacêutica,150010020000, Rec. Livres (Imp. e Transf. Const.): ASPS 15%,67.729.178/0005-72,COMERCIAL CIRURGICA RIOCLARENSE LTDA,14225.96,0,7112.73,85.35,7112.73
19,Fundo Municipal de Saúde,7,Assistência Farmacêutica,150010020000, Rec. Livres (Imp. e Transf. Const.): ASPS 15%,75.014.167/0001-00,NUNESFARMA DIST. DE PRODUTOS FARMACÊUTICOS LTDA,335.00,0,335.00,4.02,335.00
19,Fundo Municipal de Saúde,7,Assistência Farmacêutica,150010020000, Rec. Livres (Imp. e Transf. Const.): ASPS 15%,81.706.251/0001-98,PROMEFARMA MEDICAMENTOS E PRODUTOS HOSPITALARES LTDA,40180.92,0,23512.50,282.16,23512.50
19,Fundo Municipal de Saúde,7,Assistência Farmacêutica,150010020000, Rec. Livres (Imp. e Transf. Const.): ASPS 15%,82.951.310/0001-56,SECRETARIA DE ESTADO DA FAZENDA,149.37,0,149.37,0,149.37
19,Fundo Municipal de Saúde,7,Assistência Farmacêutica,150010020000, Rec. Livres (Imp. e Transf. Const.): ASPS 15%,94.516.671/0002-34,CIRÚRGICA SANTA CRUZ COM. DE PRODUTOS HOSPITALARES LTDA,1477.80,0,738.90,8.87,738.90
19,Fundo Municipal de Saúde,7,Assistência Farmacêutica,160070002100, Prog. de Farmácia Básica Federal (Transf. do SUS/União - Blc de Manut.),00.802.002/0001-02,ALTERMED MATERIAL MÉDICO HOSPITALAR LTDA,5582.58,0,2791.29,33.48,2791.29
19,Fundo Municipal de Saúde,7,Assistência Farmacêutica,160070002100, Prog. de Farmácia Básica Federal (Transf. do SUS/União - Blc de Manut.),02.520.829/0003-02,DIMASTER - COMERCIO DE PRODUTOS HOSPITALARES LTDA.,30800.00,0,16560.00,198.72,16560.00
19,Fundo Municipal de Saúde,7,Assistência Farmacêutica,160070002100, Prog. de Farmácia Básica Federal (Transf. do SUS/União - Blc de Manut.),03.652.030/0003-32,CENTERMEDI-COMERCIO DE PRODUTOS HOSPITALARES LTDA,7392.70,0,3694.60,44.34,3694.60
19,Fundo Municipal de Saúde,7,Assistência Farmacêutica,160070002100, Prog. de Farmácia Básica Federal (Transf. do SUS/União - Blc de Manut.),04.071.245/0001-60,LICIMED DISTRIBUIDORA MEDICAMENTOS CORRELATOS E PRODUTOS MEDICOS HOSPITALARES LTDA.,277.20,0,277.20,3.32,277.20
19,Fundo Municipal de Saúde,7,Assistência Farmacêutica,160070002100, Prog. de Farmácia Básica Federal (Transf. do SUS/União - Blc de Manut.),05.531.725/0001-20,SOMA/SC PRODUTOS HOSPITALARES LTDA,24386.28,5520.00,12193.14,146.32,12193.14
19,Fundo Municipal de Saúde,7,Assistência Farmacêutica,160070002100, Prog. de Farmácia Básica Federal (Transf. do SUS/União - Blc de Manut.),05.782.733/0003-00,CIAMED - DISTRIBUIDORA DE MEDICAMENTOS LTDA.,18804.00,0,9402.00,112.82,9402.00
19,Fundo Municipal de Saúde,7,Assistência Farmacêutica,160070002100, Prog. de Farmácia Básica Federal (Transf. do SUS/União - Blc de Manut.),07.752.236/0001-23,MEDILAR IMPORTAÇÃO E DISTRIBUIÇÃO DE PRODUTOS MÉDICO HOSPITALARES S/A,24988.12,0,12596.92,151.15,12596.92
19,Fundo Municipal de Saúde,7,Assistência Farmacêutica,160070002100, Prog. de Farmácia Básica Federal (Transf. do SUS/União - Blc de Manut.),10.446.719/0001-04,BIOTEC BIOLOGICA INDUSTRIA FARMACEUTICA LTDA,2781.00,0,2781.00,33.37,2781.00
19,Fundo Municipal de Saúde,7,Assistência Farmacêutica,160070002100, Prog. de Farmácia Básica Federal (Transf. do SUS/União - Blc de Manut.),12.889.035/0001-02,INOVAMED HOSPITALAR LTDA,25136.32,0,13535.66,162.43,13535.66
19,Fundo Municipal de Saúde,7,Assistência Farmacêutica,160070002100, Prog. de Farmácia Básica Federal (Transf. do SUS/União - Blc de Manut.),17.159.229/0001-76,LABORATORIO TEUTO BRASILEIRO S/A,691.60,0,691.60,8.30,691.60
19,Fundo Municipal de Saúde,7,Assistência Farmacêutica,160070002100, Prog. de Farmácia Básica Federal (Transf. do SUS/União - Blc de Manut.),22.862.531/0001-26,TOP NORTE COMÉRCIO DE MATERIAL MÉDICO HOSPITALAR LTDA,870.00,0,870.00,10.44,10.44
19,Fundo Municipal de Saúde,7,Assistência Farmacêutica,160070002100, Prog. de Farmácia Básica Federal (Transf. do SUS/União - Blc de Manut.),44.734.671/0022-86,CRISTALIA PRODUTOS QUIMICOS FARMACEUTICOS LTDA,3684.80,0,1842.40,22.11,1842.40
19,Fundo Municipal de Saúde,7,Assistência Farmacêutica,160070002100, Prog. de Farmácia Básica Federal (Transf. do SUS/União - Blc de Manut.),73.856.593/0001-66,"PRATI, DONADUZZI E CIA LTDA",23952.00,0,11976.00,143.71,11976.00
19,Fundo Municipal de Saúde,7,Assistência Farmacêutica,160070002100, Prog. de Farmácia Básica Federal (Transf. do SUS/União - Blc de Manut.),81.706.251/0001-98,PROMEFARMA MEDICAMENTOS E PRODUTOS HOSPITALARES LTDA,13036.10,0,6518.05,78.22,6518.05
19,Fundo Municipal de Saúde,7,Assistência Farmacêutica,160070002100, Prog. de Farmácia Básica Federal (Transf. do SUS/União - Blc de Manut.),82.225.947/0001-65,A G KIENEN & CIA LTDA,12265.51,0,12265.51,147.19,12265.51
19,Fundo Municipal de Saúde,7,Assistência Farmacêutica,160070002100, Prog. de Farmácia Básica Federal (Transf. do SUS/União - Blc de Manut.),94.516.671/0002-34,CIRÚRGICA SANTA CRUZ COM. DE PRODUTOS HOSPITALARES LTDA,1500.00,0,1500.00,18.00,1500.00
19,Fundo Municipal de Saúde,7,Assistência Farmacêutica,162170000800, Prog. de Farmácia Básica Estadual (Transf. Fundo a Fundo de Recursos do SUS Governo Estadual),00.802.002/0001-02,ALTERMED MATERIAL MÉDICO HOSPITALAR LTDA,2675.40,0,2675.40,32.10,2675.40
19,Fundo Municipal de Saúde,7,Assistência Farmacêutica,162170000800, Prog. de Farmácia Básica Estadual (Transf. Fundo a Fundo de Recursos do SUS Governo Estadual),02.520.829/0003-02,DIMASTER - COMERCIO DE PRODUTOS HOSPITALARES LTDA.,1806.00,0,1806.00,21.67,1806.00
19,Fundo Municipal de Saúde,7,Assistência Farmacêutica,162170000800, Prog. de Farmácia Básica Estadual (Transf. Fundo a Fundo de Recursos do SUS Governo Estadual),03.652.030/0003-32,CENTERMEDI-COMERCIO DE PRODUTOS HOSPITALARES LTDA,27887.48,0,12180.31,146.16,12180.31
19,Fundo Municipal de Saúde,7,Assistência Farmacêutica,162170000800, Prog. de Farmácia Básica Estadual (Transf. Fundo a Fundo de Recursos do SUS Governo Estadual),05.531.725/0001-20,SOMA/SC PRODUTOS HOSPITALARES LTDA,22933.83,974.80,15062.34,180.75,14745.97
19,Fundo Municipal de Saúde,7,Assistência Farmacêutica,162170000800, Prog. de Farmácia Básica Estadual (Transf. Fundo a Fundo de Recursos do SUS Governo Estadual),05.782.733/0003-00,CIAMED - DISTRIBUIDORA DE MEDICAMENTOS LTDA.,2426.40,0,2426.40,29.12,2426.40
19,Fundo Municipal de Saúde,7,Assistência Farmacêutica,162170000800, Prog. de Farmácia Básica Estadual (Transf. Fundo a Fundo de Recursos do SUS Governo Estadual),07.752.236/0001-23,MEDILAR IMPORTAÇÃO E DISTRIBUIÇÃO DE PRODUTOS MÉDICO HOSPITALARES S/A,1620.00,0,1620.00,19.44,1620.00
19,Fundo Municipal de Saúde,7,Assistência Farmacêutica,162170000800, Prog. de Farmácia Básica Estadual (Transf. Fundo a Fundo de Recursos do SUS Governo Estadual),09.944.371/0001-04,SULMEDIC COMÉRCIO DE MEDICAMENTOS LTDA,225.66,0,112.83,1.35,112.83
19,Fundo Municipal de Saúde,7,Assistência Farmacêutica,162170000800, Prog. de Farmácia Básica Estadual (Transf. Fundo a Fundo de Recursos do SUS Governo Estadual),12.889.035/0001-02,INOVAMED HOSPITALAR LTDA,2767.80,0,1383.90,16.61,1383.90
19,Fundo Municipal de Saúde,7,Assistência Farmacêutica,162170000800, Prog. de Farmácia Básica Estadual (Transf. Fundo a Fundo de Recursos do SUS Governo Estadual),28.345.933/0001-30,PURAH MEDICAL & CO LTDA,3600.00,0,3600.00,43.20,43.20
19,Fundo Municipal de Saúde,7,Assistência Farmacêutica,162170000800, Prog. de Farmácia Básica Estadual (Transf. Fundo a Fundo de Recursos do SUS Governo Estadual),29.404.097/0001-80,OCTO FARMACO LTDA,1450.50,0,1450.50,17.41,1450.50
19,Fundo Municipal de Saúde,7,Assistência Farmacêutica,162170000800, Prog. de Farmácia Básica Estadual (Transf. Fundo a Fundo de Recursos do SUS Governo Estadual),45.107.793/0001-80,PHOENIX DISTRIBUIDORA E IMPORTADORA DE PRODUTOS FARMACÊUTICOS E CORRELATOS LTDA,8908.20,0,8908.20,106.90,8908.20
19,Fundo Municipal de Saúde,7,Assistência Farmacêutica,162170000800, Prog. de Farmácia Básica Estadual (Transf. Fundo a Fundo de Recursos do SUS Governo Estadual),60.146.737/0001-49,VERTICE MEDICAMENTOS LTDA,137.98,0,137.98,1.66,137.98
19,Fundo Municipal de Saúde,7,Assistência Farmacêutica,162170000800, Prog. de Farmácia Básica Estadual (Transf. Fundo a Fundo de Recursos do SUS Governo Estadual),73.856.593/0001-66,"PRATI, DONADUZZI E CIA LTDA",675.00,0,675.00,8.10,675.00
19,Fundo Municipal de Saúde,7,Assistência Farmacêutica,162170000800, Prog. de Farmácia Básica Estadual (Transf. Fundo a Fundo de Recursos do SUS Governo Estadual),75.014.167/0001-00,NUNESFARMA DIST. DE PRODUTOS FARMACÊUTICOS LTDA,502.50,0,502.50,6.03,502.50
19,Fundo Municipal de Saúde,7,Assistência Farmacêutica,260070002100, Prog. de Farmácia Básica Federal (Transf. do SUS/União - Blc de Manut.),00.802.002/0001-02,ALTERMED MATERIAL MÉDICO HOSPITALAR LTDA,37235.38,0,23621.88,283.46,23621.88
19,Fundo Municipal de Saúde,7,Assistência Farmacêutica,260070002100, Prog. de Farmácia Básica Federal (Transf. do SUS/União - Blc de Manut.),02.520.829/0003-02,DIMASTER - COMERCIO DE PRODUTOS HOSPITALARES LTDA.,16369.00,0,9971.00,119.66,9971.00
19,Fundo Municipal de Saúde,7,Assistência Farmacêutica,260070002100, Prog. de Farmácia Básica Federal (Transf. do SUS/União - Blc de Manut.),02.816.696/0001-54,PONTAMED FARMACEUTICA LTDA,3060.00,0,3060.00,36.72,3060.00
19,Fundo Municipal de Saúde,7,Assistência Farmacêutica,260070002100, Prog. de Farmácia Básica Federal (Transf. do SUS/União - Blc de Manut.),05.531.725/0001-20,SOMA/SC PRODUTOS HOSPITALARES LTDA,11668.30,0,6092.90,73.12,6092.90
19,Fundo Municipal de Saúde,7,Assistência Farmacêutica,260070002100, Prog. de Farmácia Básica Federal (Transf. do SUS/União - Blc de Manut.),05.782.733/0003-00,CIAMED - DISTRIBUIDORA DE MEDICAMENTOS LTDA.,1260.00,0,1260.00,15.12,1260.00
19,Fundo Municipal de Saúde,7,Assistência Farmacêutica,260070002100, Prog. de Farmácia Básica Federal (Transf. do SUS/União - Blc de Manut.),06.555.143/0001-46,TRADE MEDICAL COMÉRCIO DE MATERIAIS HOSPITALARES EIRELI,22400.00,0,22400.00,268.80,22400.00
19,Fundo Municipal de Saúde,7,Assistência Farmacêutica,260070002100, Prog. de Farmácia Básica Federal (Transf. do SUS/União - Blc de Manut.),07.752.236/0001-23,MEDILAR IMPORTAÇÃO E DISTRIBUIÇÃO DE PRODUTOS MÉDICO HOSPITALARES S/A,720.00,0,720.00,8.64,720.00
19,Fundo Municipal de Saúde,7,Assistência Farmacêutica,260070002100, Prog. de Farmácia Básica Federal (Transf. do SUS/União - Blc de Manut.),09.944.371/0001-04,SULMEDIC COMÉRCIO DE MEDICAMENTOS LTDA,534.00,0,534.00,6.41,534.00
19,Fundo Municipal de Saúde,7,Assistência Farmacêutica,260070002100, Prog. de Farmácia Básica Federal (Transf. do SUS/União - Blc de Manut.),12.014.370/0001-67,ABC DISTRIBUIDORA DE MEDICAMENTOS LTDA,1512.00,0,1512.00,18.14,1512.00
19,Fundo Municipal de Saúde,7,Assistência Farmacêutica,260070002100, Prog. de Farmácia Básica Federal (Transf. do SUS/União - Blc de Manut.),12.418.191/0001-95,CONQUISTA DISTRIB. DE MEDICAMENTOS E PRODUTOS HOSPITALARES EIRELI,205.77,0,205.77,2.47,205.77
19,Fundo Municipal de Saúde,7,Assistência Farmacêutica,260070002100, Prog. de Farmácia Básica Federal (Transf. do SUS/União - Blc de Manut.),13.485.130/0001-03,PHARMA LOG PRODUTOS FARMACEUTICOS LTDA,0.00,288.00,0,0,0
19,Fundo Municipal de Saúde,7,Assistência Farmacêutica,260070002100, Prog. de Farmácia Básica Federal (Transf. do SUS/União - Blc de Manut.),17.159.229/0001-76,LABORATORIO TEUTO BRASILEIRO S/A,1064.00,0,1064.00,12.77,1064.00
19,Fundo Municipal de Saúde,7,Assistência Farmacêutica,260070002100, Prog. de Farmácia Básica Federal (Transf. do SUS/União - Blc de Manut.),20.657.155/0001-02,ILG COMERCIAL LTDA. - ME,1705.95,0,1705.95,20.47,1705.95
19,Fundo Municipal de Saúde,7,Assistência Farmacêutica,260070002100, Prog. de Farmácia Básica Federal (Transf. do SUS/União - Blc de Manut.),22.862.531/0001-26,TOP NORTE COMÉRCIO DE MATERIAL MÉDICO HOSPITALAR LTDA,342.00,0,342.00,4.10,342.00
19,Fundo Municipal de Saúde,7,Assistência Farmacêutica,260070002100, Prog. de Farmácia Básica Federal (Transf. do SUS/União - Blc de Manut.),25.279.552/0001-01,DISTRIBUIDORA DE MEDICAMENTOS BACKES EIRELI,214.20,0,214.20,2.57,214.20
19,Fundo Municipal de Saúde,7,Assistência Farmacêutica,260070002100, Prog. de Farmácia Básica Federal (Transf. do SUS/União - Blc de Manut.),29.222.667/0001-10,SK MATERIAIS PARA ESCRITORIO LTDA,108.90,0,108.90,1.31,108.90
19,Fundo Municipal de Saúde,7,Assistência Farmacêutica,260070002100, Prog. de Farmácia Básica Federal (Transf. do SUS/União - Blc de Manut.),41.365.113/0001-78,NOVA MEDICAMENTOS LTDA,0.00,1272.00,0,0,0
19,Fundo Municipal de Saúde,7,Assistência Farmacêutica,260070002100, Prog. de Farmácia Básica Federal (Transf. do SUS/União - Blc de Manut.),42.496.258/0001-70,METTA  FARMACEUTICA LTDA,129.60,0,129.60,1.56,129.60
19,Fundo Municipal de Saúde,7,Assistência Farmacêutica,260070002100, Prog. de Farmácia Básica Federal (Transf. do SUS/União - Blc de Manut.),44.734.671/0022-86,CRISTALIA PRODUTOS QUIMICOS FARMACEUTICOS LTDA,10350.00,0,5700.00,68.41,5700.00
19,Fundo Municipal de Saúde,7,Assistência Farmacêutica,260070002100, Prog. de Farmácia Básica Federal (Transf. do SUS/União - Blc de Manut.),51.892.897/0001-46,JT MEDICAMENTOS LTDA,5519.72,0,5519.72,66.23,5519.72
19,Fundo Municipal de Saúde,7,Assistência Farmacêutica,260070002100, Prog. de Farmácia Básica Federal (Transf. do SUS/União - Blc de Manut.),67.729.178/0005-72,COMERCIAL CIRURGICA RIOCLARENSE LTDA,640.00,0,640.00,7.68,640.00
19,Fundo Municipal de Saúde,7,Assistência Farmacêutica,260070002100, Prog. de Farmácia Básica Federal (Transf. do SUS/União - Blc de Manut.),73.856.593/0001-66,"PRATI, DONADUZZI E CIA LTDA",1764.00,0,1764.00,21.17,1764.00
19,Fundo Municipal de Saúde,7,Assistência Farmacêutica,260070002100, Prog. de Farmácia Básica Federal (Transf. do SUS/União - Blc de Manut.),81.706.251/0001-98,PROMEFARMA MEDICAMENTOS E PRODUTOS HOSPITALARES LTDA,660.00,12517.14,660.00,7.92,660.00
19,Fundo Municipal de Saúde,7,Assistência Farmacêutica,260070002100, Prog. de Farmácia Básica Federal (Transf. do SUS/União - Blc de Manut.),94.516.671/0002-34,CIRÚRGICA SANTA CRUZ COM. DE PRODUTOS HOSPITALARES LTDA,2800.00,0,2800.00,33.60,2800.00
19,Fundo Municipal de Saúde,7,Assistência Farmacêutica,262170000800,Prog. de Farmácia Básica Estadual (Transf. Fundo a Fundo de Recursos do SUS Governo Estadual),81.243.735/0009-03,POSITIVO TECNOLOGIA S.A.,6120.96,0,6120.96,73.45,6120.96
31,"Secretaria de Transparência, Controle e Integridade Pública",1,"Transparência, Controle e Integridade Pública",150070000000,Rec. Livres (Imp. e Transf. Const.),04.533.821/0001-44,FUNDO DE APOSENTADORIA E PENSOES,21819.57,0,21819.57,0,18675.38
31,"Secretaria de Transparência, Controle e Integridade Pública",1,"Transparência, Controle e Integridade Pública",150070000000,Rec. Livres (Imp. e Transf. Const.),047.672.063-08,VINICIUS DA SILVA ROLIM,506.23,78.97,506.23,0,506.23
31,"Secretaria de Transparência, Controle e Integridade Pública",1,"Transparência, Controle e Integridade Pública",150070000000,Rec. Livres (Imp. e Transf. Const.),075.873.077-29,ALINE DE MELLO ALVES VIANNA PRASSER,314.17,521.03,314.17,0,314.17
31,"Secretaria de Transparência, Controle e Integridade Pública",1,"Transparência, Controle e Integridade Pública",150070000000,Rec. Livres (Imp. e Transf. Const.),111.912.309-70,KAIKY DIONEI KRUEGER,10152.08,0,10152.08,0,10152.08
31,"Secretaria de Transparência, Controle e Integridade Pública",1,"Transparência, Controle e Integridade Pública",150070000000,Rec. Livres (Imp. e Transf. Const.),133.376.629-78,ELOÍSE ESTEVES,7793.40,0,7793.40,0,7793.40
31,"Secretaria de Transparência, Controle e Integridade Pública",1,"Transparência, Controle e Integridade Pública",150070000000,Rec. Livres (Imp. e Transf. Const.),18.780.623/0001-90,NOAR TURISMO LTDA,1692.15,0,1692.15,0,1692.15
31,"Secretaria de Transparência, Controle e Integridade Pública",1,"Transparência, Controle e Integridade Pública",150070000000,Rec. Livres (Imp. e Transf. Const.),28.474.582/0001-67,IGAM SC CURSOS E CONSULTORIA LTDA,1790.00,0,1790.00,85.92,1790.00
31,"Secretaria de Transparência, Controle e Integridade Pública",1,"Transparência, Controle e Integridade Pública",150070000000,Rec. Livres (Imp. e Transf. Const.),29.979.036/0001-40,INSS- INSTITUTO NACIONAL DO SEGURO SOCIAL,21621.98,0,21621.98,0,18143.73
31,"Secretaria de Transparência, Controle e Integridade Pública",1,"Transparência, Controle e Integridade Pública",150070000000,Rec. Livres (Imp. e Transf. Const.),35.679.305/0001-56,POMMERNZUG TRANSPORTE RECREATIVO LTDA,143.16,0,0,0,0
31,"Secretaria de Transparência, Controle e Integridade Pública",1,"Transparência, Controle e Integridade Pública",150070000000,Rec. Livres (Imp. e Transf. Const.),36.225.268/0001-79,INSTALAR INSTALAÇÃO E MANUTENÇÃO LTDA,653.70,0,653.70,0,653.70
31,"Secretaria de Transparência, Controle e Integridade Pública",1,"Transparência, Controle e Integridade Pública",150070000000,Rec. Livres (Imp. e Transf. Const.),82.895.970/0001-67,FEDERACAO DAS CAMARAS DE DIRIGENTES LOJISTAS DE SC,292.00,36.00,292.00,14.01,292.00
31,"Secretaria de Transparência, Controle e Integridade Pública",1,"Transparência, Controle e Integridade Pública",150070000000,Rec. Livres (Imp. e Transf. Const.),83.102.251/0001-04,MUNICÍPIO DE POMERODE,308560.33,0,308560.33,60425.93,308560.33
31,"Secretaria de Transparência, Controle e Integridade Pública",2,Ouvidoria,150070000000,Rec. Livres (Imp. e Transf. Const.),02.323.274/0001-47,KRUEGER COMÉRCIO DE MATERIAIS ELÉTRICOS E HIDRÁULICOS LTDA,153.25,0,153.25,1.83,153.25
31,"Secretaria de Transparência, Controle e Integridade Pública",2,Ouvidoria,150070000000,Rec. Livres (Imp. e Transf. Const.),047.154.499-00,JAQUELINE PATRICIA DREGER,55.87,0,55.87,0,55.87
31,"Secretaria de Transparência, Controle e Integridade Pública",2,Ouvidoria,150070000000,Rec. Livres (Imp. e Transf. Const.),07.448.130/0001-30,SELL MADEIRAS E GUINDASTES LTDA,13425.00,0,1790.00,0,1790.00
31,"Secretaria de Transparência, Controle e Integridade Pública",2,Ouvidoria,150070000000,Rec. Livres (Imp. e Transf. Const.),13.716.552/0001-42,MEGA COMÉRCIO DE DEPARTAMENTOS LTDA,236.35,0.01,236.35,0,236.35
31,"Secretaria de Transparência, Controle e Integridade Pública",2,Ouvidoria,150070000000,Rec. Livres (Imp. e Transf. Const.),13.761.520/0001-69,ALEXANDRE ANDREIS BAUER 03225964913,264.00,0,264.00,0,264.00
31,"Secretaria de Transparência, Controle e Integridade Pública",2,Ouvidoria,150070000000,Rec. Livres (Imp. e Transf. Const.),18.404.728/0001-44,CEM POR CENTO CADEIRAS  LTDA - ME,95.00,0,95.00,0,95.00
31,"Secretaria de Transparência, Controle e Integridade Pública",2,Ouvidoria,150070000000,Rec. Livres (Imp. e Transf. Const.),53.385.011/0001-01,CORREA COMERCIO E REPRESENTACOES LTDA,285.86,0,0,0,0
31,"Secretaria de Transparência, Controle e Integridade Pública",2,Ouvidoria,150070000000,Rec. Livres (Imp. e Transf. Const.),667.955.409-87,MARA RUBIA JANSEN,55.87,0,55.87,0,55.87
31,"Secretaria de Transparência, Controle e Integridade Pública",2,Ouvidoria,150070000000,Rec. Livres (Imp. e Transf. Const.),81.004.988/0001-69,JOCA COMERCIO DE MATERIAIS DE CONSTRUCAO LTDA,692.70,0,692.70,8.30,692.70
31,"Secretaria de Transparência, Controle e Integridade Pública",2,Ouvidoria,150070000000,Rec. Livres (Imp. e Transf. Const.),86.375.359/0001-69,ESPERIO CLAUDINO BEBER,312.20,0,312.20,0,312.20
31,"Secretaria de Transparência, Controle e Integridade Pública",2,Ouvidoria,150070000000,Rec. Livres (Imp. e Transf. Const.),95.855.078/0001-02,PANIFICADORA E CONFEITARIA DONA ELLA LTDA,303.00,0,303.00,0,303.00
32,"Secretaria de Eventos, Esporte e Lazer",1,"Secretaria de Eventos, Esporte e Lazer",150070000000,Rec. Livres (Imp. e Transf. Const.),004.879.429-57,MARCIO MENESTRINA,64109.43,0,18316.98,2141.54,13830.84
32,"Secretaria de Eventos, Esporte e Lazer",1,"Secretaria de Eventos, Esporte e Lazer",150070000000,Rec. Livres (Imp. e Transf. Const.),00.632.825/0001-29,FEDERAÇÃO CATARINENSE DE VOLEIBOL,35300.00,2250.00,8650.00,0,8650.00
32,"Secretaria de Eventos, Esporte e Lazer",1,"Secretaria de Eventos, Esporte e Lazer",150070000000,Rec. Livres (Imp. e Transf. Const.),00.752.862/0001-70,METALÚRGICA MASKE LTDA,8535.00,0,0,0,0
32,"Secretaria de Eventos, Esporte e Lazer",1,"Secretaria de Eventos, Esporte e Lazer",150070000000,Rec. Livres (Imp. e Transf. Const.),014.811.676-00,ALEDSON ANANIAS MARTINS,251.40,0,251.40,0,251.40
32,"Secretaria de Eventos, Esporte e Lazer",1,"Secretaria de Eventos, Esporte e Lazer",150070000000,Rec. Livres (Imp. e Transf. Const.),02.082.180/0001-23,JEEP CLUBE DE POMERODE,15000.00,0,15000.00,0,15000.00
32,"Secretaria de Eventos, Esporte e Lazer",1,"Secretaria de Eventos, Esporte e Lazer",150070000000,Rec. Livres (Imp. e Transf. Const.),02.085.045/0001-31,MARIO RAHN,5220.00,0,5220.00,0,5220.00
32,"Secretaria de Eventos, Esporte e Lazer",1,"Secretaria de Eventos, Esporte e Lazer",150070000000,Rec. Livres (Imp. e Transf. Const.),02.255.187/0001-08,UNIFIQUE TELECOMUNICAÇÕES S/A,20277.60,965.60,8690.40,417.12,8690.40
32,"Secretaria de Eventos, Esporte e Lazer",1,"Secretaria de Eventos, Esporte e Lazer",150070000000,Rec. Livres (Imp. e Transf. Const.),02.323.274/0001-47,KRUEGER COMÉRCIO DE MATERIAIS ELÉTRICOS E HIDRÁULICOS LTDA,78.10,0,78.10,0.93,78.10
32,"Secretaria de Eventos, Esporte e Lazer",1,"Secretaria de Eventos, Esporte e Lazer",150070000000,Rec. Livres (Imp. e Transf. Const.),030.053.739-59,RAFAEL ESTEVAM MOSTAÇO DA FONSECA,143.69,23.91,143.69,0,143.69
32,"Secretaria de Eventos, Esporte e Lazer",1,"Secretaria de Eventos, Esporte e Lazer",150070000000,Rec. Livres (Imp. e Transf. Const.),030.314.729-69,JEAN BRANDT KAULING,82561.69,22132.98,28560.72,3310.57,24074.58
32,"Secretaria de Eventos, Esporte e Lazer",1,"Secretaria de Eventos, Esporte e Lazer",150070000000,Rec. Livres (Imp. e Transf. Const.),03.148.398/0001-04,JORNAL DE POMERODE EDITORA LTDA,6180.00,0,3090.00,0,3090.00
32,"Secretaria de Eventos, Esporte e Lazer",1,"Secretaria de Eventos, Esporte e Lazer",150070000000,Rec. Livres (Imp. e Transf. Const.),03.361.175/0002-01,COMÉRCIO ROCAMEL LTDA,4576.50,0,4576.50,0,4576.50
32,"Secretaria de Eventos, Esporte e Lazer",1,"Secretaria de Eventos, Esporte e Lazer",150070000000,Rec. Livres (Imp. e Transf. Const.),03.868.731/0001-41,DISK GRAMA COMERCIAL LTDA,10248.00,0,10248.00,0,10248.00
32,"Secretaria de Eventos, Esporte e Lazer",1,"Secretaria de Eventos, Esporte e Lazer",150070000000,Rec. Livres (Imp. e Transf. Const.),04.196.645/0001-00,IMPRENSA NACIONAL,2647.92,0,2647.92,0,2647.92
32,"Secretaria de Eventos, Esporte e Lazer",1,"Secretaria de Eventos, Esporte e Lazer",150070000000,Rec. Livres (Imp. e Transf. Const.),042.974.925-20,KLAUBSON SANTOS,6000.00,0,6000.00,0,6000.00
32,"Secretaria de Eventos, Esporte e Lazer",1,"Secretaria de Eventos, Esporte e Lazer",150070000000,Rec. Livres (Imp. e Transf. Const.),045.088.209-80,BRAULINO LUIZ PONTES NETO,20451.41,6347.21,10323.16,0,10323.16
32,"Secretaria de Eventos, Esporte e Lazer",1,"Secretaria de Eventos, Esporte e Lazer",150070000000,Rec. Livres (Imp. e Transf. Const.),04.533.821/0001-44,FUNDO DE APOSENTADORIA E PENSOES,55758.71,0,55758.71,0,46948.76
32,"Secretaria de Eventos, Esporte e Lazer",1,"Secretaria de Eventos, Esporte e Lazer",150070000000,Rec. Livres (Imp. e Transf. Const.),046.005.199-73,GABRIEL LAURINDO MARTINS,3000.00,0,3000.00,0,3000.00
32,"Secretaria de Eventos, Esporte e Lazer",1,"Secretaria de Eventos, Esporte e Lazer",150070000000,Rec. Livres (Imp. e Transf. Const.),04.724.655/0001-63,COPY LINE COMÉRCIO E SERVIÇOS LTDA,2592.00,0,864.00,6.91,864.00
32,"Secretaria de Eventos, Esporte e Lazer",1,"Secretaria de Eventos, Esporte e Lazer",150070000000,Rec. Livres (Imp. e Transf. Const.),05.024.783/0001-67,CLUBE DE ATIRADORES JARAGUA,800.00,100.00,800.00,0,800.00
32,"Secretaria de Eventos, Esporte e Lazer",1,"Secretaria de Eventos, Esporte e Lazer",150070000000,Rec. Livres (Imp. e Transf. Const.),054.801.639-90,HEIDY JOSE MOREIRA DE ALMEIDA,3189.89,1810.11,3189.89,0,3189.89
32,"Secretaria de Eventos, Esporte e Lazer",1,"Secretaria de Eventos, Esporte e Lazer",150070000000,Rec. Livres (Imp. e Transf. Const.),057.191.699-62,FABIANA CRISTINA BANDOCH,10866.66,2866.67,2933.33,0,1933.33
32,"Secretaria de Eventos, Esporte e Lazer",1,"Secretaria de Eventos, Esporte e Lazer",150070000000,Rec. Livres (Imp. e Transf. Const.),064.765.337-03,AGATHA VICTóRIA EVANGELISTA PEREIRA,9620.00,0,3620.00,0,3020.00
32,"Secretaria de Eventos, Esporte e Lazer",1,"Secretaria de Eventos, Esporte e Lazer",150070000000,Rec. Livres (Imp. e Transf. Const.),066.124.629-90,YASMIN JANDRE PISKE,16050.00,0,6050.00,0,5050.00
32,"Secretaria de Eventos, Esporte e Lazer",1,"Secretaria de Eventos, Esporte e Lazer",150070000000,Rec. Livres (Imp. e Transf. Const.),066.591.949-24,JONAS HORNBURG,15000.00,0,5000.00,0,4000.00
32,"Secretaria de Eventos, Esporte e Lazer",1,"Secretaria de Eventos, Esporte e Lazer",150070000000,Rec. Livres (Imp. e Transf. Const.),071.448.709-04,ODAIR LUIZ DOS SANTOS,115111.18,0,42291.44,7600.23,37277.35
32,"Secretaria de Eventos, Esporte e Lazer",1,"Secretaria de Eventos, Esporte e Lazer",150070000000,Rec. Livres (Imp. e Transf. Const.),073.608.209-36,ANDRE PAULI CORREA,49944.90,2218.00,19603.40,1938.34,17339.22
32,"Secretaria de Eventos, Esporte e Lazer",1,"Secretaria de Eventos, Esporte e Lazer",150070000000,Rec. Livres (Imp. e Transf. Const.),07.448.130/0001-30,SELL MADEIRAS E GUINDASTES LTDA,3181.12,0.13,2031.12,0,2031.12
32,"Secretaria de Eventos, Esporte e Lazer",1,"Secretaria de Eventos, Esporte e Lazer",150070000000,Rec. Livres (Imp. e Transf. Const.),07.453.253/0001-60,ASSOCIACAO DOS MUSICOS PROFISSIONAIS DE POMERODE - AMUSPE,4211.00,0,4211.00,0,4211.00
32,"Secretaria de Eventos, Esporte e Lazer",1,"Secretaria de Eventos, Esporte e Lazer",150070000000,Rec. Livres (Imp. e Transf. Const.),076.267.929-80,MATEUS WELLIAM MORAIS DE ALMEIDA,43424.19,0,20528.01,2017.74,18263.83
32,"Secretaria de Eventos, Esporte e Lazer",1,"Secretaria de Eventos, Esporte e Lazer",150070000000,Rec. Livres (Imp. e Transf. Const.),076.414.629-79,EDUARDA CRISTINA BARTH VIDOLIN,16050.00,0,6050.00,0,5050.00
32,"Secretaria de Eventos, Esporte e Lazer",1,"Secretaria de Eventos, Esporte e Lazer",150070000000,Rec. Livres (Imp. e Transf. Const.),08.144.793/0001-24,I L I G METALURGICA LTDA,2269.11,0,2269.11,0,2269.11
32,"Secretaria de Eventos, Esporte e Lazer",1,"Secretaria de Eventos, Esporte e Lazer",150070000000,Rec. Livres (Imp. e Transf. Const.),08.336.783/0001-90,CELESC DISTRIBUICAO S.A,33155.02,0,8155.02,97.90,8155.02
32,"Secretaria de Eventos, Esporte e Lazer",1,"Secretaria de Eventos, Esporte e Lazer",150070000000,Rec. Livres (Imp. e Transf. Const.),08.345.205/0001-10,ASSOCIAÇÃO POMERODENSE PARA CULTURA ESPORTE E LAZER,8345.00,0,8345.00,0,0
32,"Secretaria de Eventos, Esporte e Lazer",1,"Secretaria de Eventos, Esporte e Lazer",150070000000,Rec. Livres (Imp. e Transf. Const.),085.747.199-60,WILLIAN DE LARA THEODORO DA LUZ,4602.93,0,4602.93,178.01,4602.93
32,"Secretaria de Eventos, Esporte e Lazer",1,"Secretaria de Eventos, Esporte e Lazer",150070000000,Rec. Livres (Imp. e Transf. Const.),087.668.419-33,BRUNA DANDOLINI,47962.90,0,17621.40,1938.34,15357.22
32,"Secretaria de Eventos, Esporte e Lazer",1,"Secretaria de Eventos, Esporte e Lazer",150070000000,Rec. Livres (Imp. e Transf. Const.),090.102.239-06,ARLEI RICARDO HOEFT,15000.00,0,5000.00,0,4000.00
32,"Secretaria de Eventos, Esporte e Lazer",1,"Secretaria de Eventos, Esporte e Lazer",150070000000,Rec. Livres (Imp. e Transf. Const.),09.035.383/0001-08,ARTEMAT INDUSTRIA E COMERCIO DE ARTEFATOS DE CIMENTO LTDA,457.00,0,0,0,0
32,"Secretaria de Eventos, Esporte e Lazer",1,"Secretaria de Eventos, Esporte e Lazer",150070000000,Rec. Livres (Imp. e Transf. Const.),090.676.169-74,LAISA BACKES GUEDES,9620.00,0,3620.00,0,3020.00
32,"Secretaria de Eventos, Esporte e Lazer",1,"Secretaria de Eventos, Esporte e Lazer",150070000000,Rec. Livres (Imp. e Transf. Const.),093.913.959-61,GABRIEL BAEHR,15000.00,0,5000.00,0,4000.00
32,"Secretaria de Eventos, Esporte e Lazer",1,"Secretaria de Eventos, Esporte e Lazer",150070000000,Rec. Livres (Imp. e Transf. Const.),094.279.039-10,PIERRE FELIPE GAULKE,15000.00,0,5000.00,0,4000.00
32,"Secretaria de Eventos, Esporte e Lazer",1,"Secretaria de Eventos, Esporte e Lazer",150070000000,Rec. Livres (Imp. e Transf. Const.),096.256.089-82,RICARDO KONELL,82561.69,22132.98,28560.72,3310.57,24074.58
32,"Secretaria de Eventos, Esporte e Lazer",1,"Secretaria de Eventos, Esporte e Lazer",150070000000,Rec. Livres (Imp. e Transf. Const.),098.908.179-69,RENAN FELLIPE GLATZ,12534.45,0,12534.45,0,12534.45
32,"Secretaria de Eventos, Esporte e Lazer",1,"Secretaria de Eventos, Esporte e Lazer",150070000000,Rec. Livres (Imp. e Transf. Const.),099.598.229-58,ANDRE LUIZ DA SILVA,9000.00,0,3000.00,0,2400.00
32,"Secretaria de Eventos, Esporte e Lazer",1,"Secretaria de Eventos, Esporte e Lazer",150070000000,Rec. Livres (Imp. e Transf. Const.),099.615.839-14,MIKAELA MICHELICHEN HARDT,9620.00,0,3620.00,0,3020.00
32,"Secretaria de Eventos, Esporte e Lazer",1,"Secretaria de Eventos, Esporte e Lazer",150070000000,Rec. Livres (Imp. e Transf. Const.),103.790.759-03,ISABELA BEATRIZ OESTREICH,0.00,620.00,0,0,0
32,"Secretaria de Eventos, Esporte e Lazer",1,"Secretaria de Eventos, Esporte e Lazer",150070000000,Rec. Livres (Imp. e Transf. Const.),106.958.899-74,DEREK ERDMANN DE QUADRA,241.28,0,241.28,0,0
32,"Secretaria de Eventos, Esporte e Lazer",1,"Secretaria de Eventos, Esporte e Lazer",150070000000,Rec. Livres (Imp. e Transf. Const.),10.749.284/0001-77,EZCUZÊ AGÊNCIA DE PUBLICIDADE E PROPAGANDA LTDA,965.22,772.50,965.22,46.34,965.22
32,"Secretaria de Eventos, Esporte e Lazer",1,"Secretaria de Eventos, Esporte e Lazer",150070000000,Rec. Livres (Imp. e Transf. Const.),108.048.859-66,VINICIUS GABRIEL TAMBOSI,9620.00,0,3620.00,0,3020.00
32,"Secretaria de Eventos, Esporte e Lazer",1,"Secretaria de Eventos, Esporte e Lazer",150070000000,Rec. Livres (Imp. e Transf. Const.),108.629.839-08,CARLOS HENRIQUE DIETRICH,7960.07,0,7960.07,0,7960.07
32,"Secretaria de Eventos, Esporte e Lazer",1,"Secretaria de Eventos, Esporte e Lazer",150070000000,Rec. Livres (Imp. e Transf. Const.),109.579.619-44,DOUGLAS GOLL DA SILVA,15000.00,0,5000.00,0,4000.00
32,"Secretaria de Eventos, Esporte e Lazer",1,"Secretaria de Eventos, Esporte e Lazer",150070000000,Rec. Livres (Imp. e Transf. Const.),112.169.779-84,GABRIEL VITOR GOMES,1562.99,0,1562.99,0,1562.99
32,"Secretaria de Eventos, Esporte e Lazer",1,"Secretaria de Eventos, Esporte e Lazer",150070000000,Rec. Livres (Imp. e Transf. Const.),113.904.589-03,JUAN PABLO PASSOS DO ROSARIO,396.61,0,396.61,0,396.61
32,"Secretaria de Eventos, Esporte e Lazer",1,"Secretaria de Eventos, Esporte e Lazer",150070000000,Rec. Livres (Imp. e Transf. Const.),114.001.069-74,FELIPE EDUARDO SCHORK,16050.00,0,6050.00,0,5050.00
32,"Secretaria de Eventos, Esporte e Lazer",1,"Secretaria de Eventos, Esporte e Lazer",150070000000,Rec. Livres (Imp. e Transf. Const.),115.084.959-20,MAITÊ AMANDA PROTZKY DOS SANTOS,9000.00,0,3000.00,0,2400.00
32,"Secretaria de Eventos, Esporte e Lazer",1,"Secretaria de Eventos, Esporte e Lazer",150070000000,Rec. Livres (Imp. e Transf. Const.),116.541.359-09,ENZO WACHHOLZ DE ARAÚJO,9620.00,0,3620.00,0,3020.00
32,"Secretaria de Eventos, Esporte e Lazer",1,"Secretaria de Eventos, Esporte e Lazer",150070000000,Rec. Livres (Imp. e Transf. Const.),11.669.001/0001-40,ATTLAS SPORTS LTDA,740.00,0,740.00,8.88,740.00
32,"Secretaria de Eventos, Esporte e Lazer",1,"Secretaria de Eventos, Esporte e Lazer",150070000000,Rec. Livres (Imp. e Transf. Const.),117.514.269-71,JEFERSON HILDEBRANDT GONÇALVES,620.00,0,620.00,0,620.00
32,"Secretaria de Eventos, Esporte e Lazer",1,"Secretaria de Eventos, Esporte e Lazer",150070000000,Rec. Livres (Imp. e Transf. Const.),119.569.069-08,ARTHUR SCHOERDER HAFFENSTEIN,9000.00,0,3000.00,0,2400.00
32,"Secretaria de Eventos, Esporte e Lazer",1,"Secretaria de Eventos, Esporte e Lazer",150070000000,Rec. Livres (Imp. e Transf. Const.),12.132.459/0001-28,ALBERI EQUIPAMENTOS LTDA,5200.00,0,2600.00,215.80,2600.00
32,"Secretaria de Eventos, Esporte e Lazer",1,"Secretaria de Eventos, Esporte e Lazer",150070000000,Rec. Livres (Imp. e Transf. Const.),124.686.189-55,ADRIAN DOS SANTOS MEDEIROS,15000.00,0,5000.00,0,4000.00
32,"Secretaria de Eventos, Esporte e Lazer",1,"Secretaria de Eventos, Esporte e Lazer",150070000000,Rec. Livres (Imp. e Transf. Const.),125.133.389-36,TIFANE LEANDRA KÖNIG,620.00,0,620.00,0,620.00
32,"Secretaria de Eventos, Esporte e Lazer",1,"Secretaria de Eventos, Esporte e Lazer",150070000000,Rec. Livres (Imp. e Transf. Const.),126.310.819-94,CAMILLY CARNEIRO,9620.00,0,3620.00,0,3020.00
32,"Secretaria de Eventos, Esporte e Lazer",1,"Secretaria de Eventos, Esporte e Lazer",150070000000,Rec. Livres (Imp. e Transf. Const.),126.405.339-83,ALICE EDUARDA EHRHARDT,12534.45,0,12534.45,0,12534.45
32,"Secretaria de Eventos, Esporte e Lazer",1,"Secretaria de Eventos, Esporte e Lazer",150070000000,Rec. Livres (Imp. e Transf. Const.),127.178.449-10,EMANUEL RODRIGO BEDIM DE SOUZA,12534.45,0,12534.45,0,12534.45
32,"Secretaria de Eventos, Esporte e Lazer",1,"Secretaria de Eventos, Esporte e Lazer",150070000000,Rec. Livres (Imp. e Transf. Const.),13.348.127/0001-48,ESB INDÚSTRIA E COMÉRCIO DE ELETRO ELETRÔNICOS LTDA,13539.36,0,13539.36,162.47,4655.26
32,"Secretaria de Eventos, Esporte e Lazer",1,"Secretaria de Eventos, Esporte e Lazer",150070000000,Rec. Livres (Imp. e Transf. Const.),138.358.149-58,RADIJA NICOLE SEVERINO,620.00,0,620.00,0,620.00
32,"Secretaria de Eventos, Esporte e Lazer",1,"Secretaria de Eventos, Esporte e Lazer",150070000000,Rec. Livres (Imp. e Transf. Const.),13.965.228/0001-68,JLM DISTRIBUIDORA BR LTDA,5350.00,0,5350.00,64.20,5350.00
32,"Secretaria de Eventos, Esporte e Lazer",1,"Secretaria de Eventos, Esporte e Lazer",150070000000,Rec. Livres (Imp. e Transf. Const.),139.652.659-54,LETÍCIA TOMAZ,9000.00,0,3000.00,0,2400.00
32,"Secretaria de Eventos, Esporte e Lazer",1,"Secretaria de Eventos, Esporte e Lazer",150070000000,Rec. Livres (Imp. e Transf. Const.),14.284.430/0001-97,"FUNDO DE MATERIAIS, PUBLICAÇÕES E IMPRESSOS OFICIAIS SC",2066.18,0,1509.61,0,1509.61
32,"Secretaria de Eventos, Esporte e Lazer",1,"Secretaria de Eventos, Esporte e Lazer",150070000000,Rec. Livres (Imp. e Transf. Const.),144.220.118-55,ALEXANDRO TORRES DE OLIVEIRA,332.80,1667.20,332.80,0,332.80
32,"Secretaria de Eventos, Esporte e Lazer",1,"Secretaria de Eventos, Esporte e Lazer",150070000000,Rec. Livres (Imp. e Transf. Const.),145.341.239-57,KIARA SPANIOL SOUTO,4040.00,3980.00,2020.00,0,2020.00
32,"Secretaria de Eventos, Esporte e Lazer",1,"Secretaria de Eventos, Esporte e Lazer",150070000000,Rec. Livres (Imp. e Transf. Const.),147.725.479-08,MIRELA EDUARDA SCHORK,9620.00,0,3620.00,0,3020.00
32,"Secretaria de Eventos, Esporte e Lazer",1,"Secretaria de Eventos, Esporte e Lazer",150070000000,Rec. Livres (Imp. e Transf. Const.),148.186.899-39,GUSTAVO MICHEL,9620.00,0,3620.00,0,3020.00
32,"Secretaria de Eventos, Esporte e Lazer",1,"Secretaria de Eventos, Esporte e Lazer",150070000000,Rec. Livres (Imp. e Transf. Const.),163.870.439-21,KAUA JUNIOR ZANATTA,8563.66,0,8563.66,0,8563.66
32,"Secretaria de Eventos, Esporte e Lazer",1,"Secretaria de Eventos, Esporte e Lazer",150070000000,Rec. Livres (Imp. e Transf. Const.),17.018.601/0001-24,FEDERAÇÃO ESPORTIVA DE TIRO E CAÇA DE SANTA CATARINA,24920.00,1500.00,8320.00,0,8320.00
32,"Secretaria de Eventos, Esporte e Lazer",1,"Secretaria de Eventos, Esporte e Lazer",150070000000,Rec. Livres (Imp. e Transf. Const.),17.372.674/0001-10,ACRIBLU ACRILICOS LTDA-ME,1748.00,0,1748.00,0,1748.00
32,"Secretaria de Eventos, Esporte e Lazer",1,"Secretaria de Eventos, Esporte e Lazer",150070000000,Rec. Livres (Imp. e Transf. Const.),17.886.949/0001-33,H.F. SOLUÇÕES LTDA,27545.99,0,27296.37,327.52,27296.37
32,"Secretaria de Eventos, Esporte e Lazer",1,"Secretaria de Eventos, Esporte e Lazer",150070000000,Rec. Livres (Imp. e Transf. Const.),18.138.763/0001-69,COMERCIAL VITÓRIA LTDA,2080.60,0,2080.60,0,2080.60
32,"Secretaria de Eventos, Esporte e Lazer",1,"Secretaria de Eventos, Esporte e Lazer",150070000000,Rec. Livres (Imp. e Transf. Const.),18.780.623/0001-90,NOAR TURISMO LTDA,61997.79,300.00,60368.47,0,26307.35
32,"Secretaria de Eventos, Esporte e Lazer",1,"Secretaria de Eventos, Esporte e Lazer",150070000000,Rec. Livres (Imp. e Transf. Const.),20.510.631/0001-68,BIG BALL SPORTS MATERIAL ESPORTIVO LTDA - ME,2874.40,0,2874.40,0,2874.40
32,"Secretaria de Eventos, Esporte e Lazer",1,"Secretaria de Eventos, Esporte e Lazer",150070000000,Rec. Livres (Imp. e Transf. Const.),22.637.568/0001-50,RDC PRESTADORA DE SERVICOS LTDA,72209.20,0,37201.20,4092.13,37201.20
32,"Secretaria de Eventos, Esporte e Lazer",1,"Secretaria de Eventos, Esporte e Lazer",150070000000,Rec. Livres (Imp. e Transf. Const.),22.873.594/0001-88,BLU PLACAS VEICULARES LTDA,140.00,0,140.00,0,140.00
32,"Secretaria de Eventos, Esporte e Lazer",1,"Secretaria de Eventos, Esporte e Lazer",150070000000,Rec. Livres (Imp. e Transf. Const.),23.380.134/0001-80,EFFORT NEGOCIOS LTDA,3441.25,0,3441.25,0,3441.25
32,"Secretaria de Eventos, Esporte e Lazer",1,"Secretaria de Eventos, Esporte e Lazer",150070000000,Rec. Livres (Imp. e Transf. Const.),23.725.801/0001-10,JVA OBRAS DE URBANIZAÇÃO LTDA,4312.10,0,0,0,0
32,"Secretaria de Eventos, Esporte e Lazer",1,"Secretaria de Eventos, Esporte e Lazer",150070000000,Rec. Livres (Imp. e Transf. Const.),24.406.395/0001-95,ASSOCIAÇÃO MULTIESPORTIVA VALE EUROPEU AMVE,100000.00,0,100000.00,0,100000.00
32,"Secretaria de Eventos, Esporte e Lazer",1,"Secretaria de Eventos, Esporte e Lazer",150070000000,Rec. Livres (Imp. e Transf. Const.),25.957.620/0001-44,LIGA CATARINENSE DE VOLEI,12640.00,40.00,4640.00,0,4640.00
32,"Secretaria de Eventos, Esporte e Lazer",1,"Secretaria de Eventos, Esporte e Lazer",150070000000,Rec. Livres (Imp. e Transf. Const.),26.290.146/0001-02,G A DA COSTA - ESPORTES LTDA,677.80,0,677.80,0,677.80
32,"Secretaria de Eventos, Esporte e Lazer",1,"Secretaria de Eventos, Esporte e Lazer",150070000000,Rec. Livres (Imp. e Transf. Const.),27.284.516/0001-61,MAXIFROTA SERVIÇOS DE MANUTENÇÃO DE FROTA LTDA,28113.39,0,3113.39,0,3113.39
32,"Secretaria de Eventos, Esporte e Lazer",1,"Secretaria de Eventos, Esporte e Lazer",150070000000,Rec. Livres (Imp. e Transf. Const.),27.649.356/0001-07,TRIBESS FESTAS E EVENTOS LTDA,618.29,0,618.29,0,618.29
32,"Secretaria de Eventos, Esporte e Lazer",1,"Secretaria de Eventos, Esporte e Lazer",150070000000,Rec. Livres (Imp. e Transf. Const.),28.474.582/0001-67,IGAM SC CURSOS E CONSULTORIA LTDA,0.00,1132.88,0,0,0
32,"Secretaria de Eventos, Esporte e Lazer",1,"Secretaria de Eventos, Esporte e Lazer",150070000000,Rec. Livres (Imp. e Transf. Const.),29.979.036/0001-40,INSS- INSTITUTO NACIONAL DO SEGURO SOCIAL,97926.01,0,97926.01,0,88701.95
32,"Secretaria de Eventos, Esporte e Lazer",1,"Secretaria de Eventos, Esporte e Lazer",150070000000,Rec. Livres (Imp. e Transf. Const.),30.482.319/0001-61,CONFEDERAÇÃO BRASILEIRA DE TENIS DE MESA,4035.00,0,4035.00,0,4035.00
32,"Secretaria de Eventos, Esporte e Lazer",1,"Secretaria de Eventos, Esporte e Lazer",150070000000,Rec. Livres (Imp. e Transf. Const.),34.029.954/0001-49,PROJETTA SCHORR ENGENHARIA & CONSULTORIA LTDA,283.00,0,283.00,0,283.00
32,"Secretaria de Eventos, Esporte e Lazer",1,"Secretaria de Eventos, Esporte e Lazer",150070000000,Rec. Livres (Imp. e Transf. Const.),35.605.748/0001-00,TRANSPORTE E TURISMO CONTINI LTDA,150321.28,0,106855.69,0,106124.53
32,"Secretaria de Eventos, Esporte e Lazer",1,"Secretaria de Eventos, Esporte e Lazer",150070000000,Rec. Livres (Imp. e Transf. Const.),36.225.268/0001-79,INSTALAR INSTALAÇÃO E MANUTENÇÃO LTDA,1505.97,0,1505.97,0,1505.97
32,"Secretaria de Eventos, Esporte e Lazer",1,"Secretaria de Eventos, Esporte e Lazer",150070000000,Rec. Livres (Imp. e Transf. Const.),36.521.392/0002-62,GO VENDAS ELETRONICAS LTDA,169.78,0,169.78,2.04,169.78
32,"Secretaria de Eventos, Esporte e Lazer",1,"Secretaria de Eventos, Esporte e Lazer",150070000000,Rec. Livres (Imp. e Transf. Const.),36.811.724/0001-62,ALESSANDRO ENGEL,130564.60,0,48664.60,5353.11,48664.60
32,"Secretaria de Eventos, Esporte e Lazer",1,"Secretaria de Eventos, Esporte e Lazer",150070000000,Rec. Livres (Imp. e Transf. Const.),37.115.367/0001-60,MINISTERIO DO TRABALHO - MTE,2951.28,0,2951.28,0,2951.27
32,"Secretaria de Eventos, Esporte e Lazer",1,"Secretaria de Eventos, Esporte e Lazer",150070000000,Rec. Livres (Imp. e Transf. Const.),37.143.430/0001-72,TSI CENTRO AUTOMOTIVO LTDA,6618.88,0,3237.08,5.20,3237.08
32,"Secretaria de Eventos, Esporte e Lazer",1,"Secretaria de Eventos, Esporte e Lazer",150070000000,Rec. Livres (Imp. e Transf. Const.),380.561.439-04,ROLF PORATH,3000.00,0,3000.00,0,3000.00
32,"Secretaria de Eventos, Esporte e Lazer",1,"Secretaria de Eventos, Esporte e Lazer",150070000000,Rec. Livres (Imp. e Transf. Const.),38.092.528/0001-00,MIDAS SEGURANÇA PRIVADA LTDA,12888.00,0,648.00,90.72,648.00
32,"Secretaria de Eventos, Esporte e Lazer",1,"Secretaria de Eventos, Esporte e Lazer",150070000000,Rec. Livres (Imp. e Transf. Const.),38.315.947/0001-64,CK RASTREAMENTO VEICULAR LTDA,4474.40,0,1614.30,0,1614.30
32,"Secretaria de Eventos, Esporte e Lazer",1,"Secretaria de Eventos, Esporte e Lazer",150070000000,Rec. Livres (Imp. e Transf. Const.),40.114.595/0001-20,LIGA LITORÂNEA DE TÊNIS DE MESA,11560.00,0,1560.00,0,1560.00
32,"Secretaria de Eventos, Esporte e Lazer",1,"Secretaria de Eventos, Esporte e Lazer",150070000000,Rec. Livres (Imp. e Transf. Const.),40.738.368/0001-76,GAMBA CONEXÕES COMÉRCIO ATACADISTA DE ALIMENTOS LTDA,705.20,0,705.20,0,0
32,"Secretaria de Eventos, Esporte e Lazer",1,"Secretaria de Eventos, Esporte e Lazer",150070000000,Rec. Livres (Imp. e Transf. Const.),421.242.209-34,LUIS CLAUDIO RAMALHO,5504.00,4496.00,5504.00,0,5504.00
32,"Secretaria de Eventos, Esporte e Lazer",1,"Secretaria de Eventos, Esporte e Lazer",150070000000,Rec. Livres (Imp. e Transf. Const.),421.420.249-04,MÁRIO RAHN,500.00,0,500.00,0,500.00
32,"Secretaria de Eventos, Esporte e Lazer",1,"Secretaria de Eventos, Esporte e Lazer",150070000000,Rec. Livres (Imp. e Transf. Const.),42.936.734/0001-27,ASSOCIAÇÃO DE PAIS E AMIGOS DO PUNHOBOL DE BLUMENAU,2610.00,0,2610.00,0,2610.00
32,"Secretaria de Eventos, Esporte e Lazer",1,"Secretaria de Eventos, Esporte e Lazer",150070000000,Rec. Livres (Imp. e Transf. Const.),43.469.346/0001-46,MARLON CRISTIANO RAHN 04432830956,1200.00,150.00,1200.00,0,1200.00
32,"Secretaria de Eventos, Esporte e Lazer",1,"Secretaria de Eventos, Esporte e Lazer",150070000000,Rec. Livres (Imp. e Transf. Const.),45.163.905/0001-10,DIDIO BRINQUEDOS E PLAYGROUND LTDA,367.75,0,367.75,0,367.75
32,"Secretaria de Eventos, Esporte e Lazer",1,"Secretaria de Eventos, Esporte e Lazer",150070000000,Rec. Livres (Imp. e Transf. Const.),453.793.609-63,VALINKA BOHMANN,33835.46,0,10939.28,1203.31,8675.10
32,"Secretaria de Eventos, Esporte e Lazer",1,"Secretaria de Eventos, Esporte e Lazer",150070000000,Rec. Livres (Imp. e Transf. Const.),48.018.735/0001-79,PLACARSOFT LTDA,15807.65,0,4944.72,237.34,4944.72
32,"Secretaria de Eventos, Esporte e Lazer",1,"Secretaria de Eventos, Esporte e Lazer",150070000000,Rec. Livres (Imp. e Transf. Const.),50.675.079/0001-29,POMERWASSER AMBIENTAL S.P.E. S.A.,94106.33,0,26606.33,1272.84,26606.33
32,"Secretaria de Eventos, Esporte e Lazer",1,"Secretaria de Eventos, Esporte e Lazer",150070000000,Rec. Livres (Imp. e Transf. Const.),51.048.868/0001-00,SIMETRIA COMERCIO LTDA,245.00,0,245.00,0,245.00
32,"Secretaria de Eventos, Esporte e Lazer",1,"Secretaria de Eventos, Esporte e Lazer",150070000000,Rec. Livres (Imp. e Transf. Const.),51.117.135/0001-72,PROSPER COMERCIO ATACADISTA IMPORTACAO E EXPORTACAO DE EQUIPAMENTOS ELETRONICOS E ILUMINACAO LTDA,5508.00,0,5508.00,66.09,5508.00
32,"Secretaria de Eventos, Esporte e Lazer",1,"Secretaria de Eventos, Esporte e Lazer",150070000000,Rec. Livres (Imp. e Transf. Const.),53.252.133/0001-11,SM SANTO ANTONIO COMERCIO DE MADEIRAS LTDA,20022.05,0,20022.05,0,20022.05
32,"Secretaria de Eventos, Esporte e Lazer",1,"Secretaria de Eventos, Esporte e Lazer",150070000000,Rec. Livres (Imp. e Transf. Const.),53.728.891/0001-63,NEXT ESPORTES LTDA,13739.80,0,13739.80,0,13739.80
32,"Secretaria de Eventos, Esporte e Lazer",1,"Secretaria de Eventos, Esporte e Lazer",150070000000,Rec. Livres (Imp. e Transf. Const.),53.795.421/0001-12,M A F VILAS BOAS SERVICOS & CIA LTDA,55489.29,0,18092.16,2802.12,18092.16
32,"Secretaria de Eventos, Esporte e Lazer",1,"Secretaria de Eventos, Esporte e Lazer",150070000000,Rec. Livres (Imp. e Transf. Const.),543.503.369-15,WILSON HARMEL,47962.90,0,17621.40,1938.34,15357.22
32,"Secretaria de Eventos, Esporte e Lazer",1,"Secretaria de Eventos, Esporte e Lazer",150070000000,Rec. Livres (Imp. e Transf. Const.),55.442.589/0001-70,SKY CLEAN COM. EQUIPAMENTOS LTDA,0.00,1005.00,0,0,0
32,"Secretaria de Eventos, Esporte e Lazer",1,"Secretaria de Eventos, Esporte e Lazer",150070000000,Rec. Livres (Imp. e Transf. Const.),579.753.619-68,EURIDES BAEHR,1000.00,0,1000.00,0,1000.00
32,"Secretaria de Eventos, Esporte e Lazer",1,"Secretaria de Eventos, Esporte e Lazer",150070000000,Rec. Livres (Imp. e Transf. Const.),584.869.769-87,ALTAIR JOSÉ BURGER,64109.43,0,18316.98,2141.54,13830.84
32,"Secretaria de Eventos, Esporte e Lazer",1,"Secretaria de Eventos, Esporte e Lazer",150070000000,Rec. Livres (Imp. e Transf. Const.),61.812.857/0001-09,ASSOCIACAO DE PAIS E AMIGOS DE ATLETAS DA FUBE - APAAF,1200.00,0,0,0,0
32,"Secretaria de Eventos, Esporte e Lazer",1,"Secretaria de Eventos, Esporte e Lazer",150070000000,Rec. Livres (Imp. e Transf. Const.),62.247.651/0001-38,HME ASSESSORIA EM GESTAO ESPORTIVA E CULTURAL LTDA,10800.00,0,10800.00,0,10800.00
32,"Secretaria de Eventos, Esporte e Lazer",1,"Secretaria de Eventos, Esporte e Lazer",150070000000,Rec. Livres (Imp. e Transf. Const.),700.398.332-08,YURI FERNANDO SANTOS DA SILVA,16050.00,0,6050.00,0,5050.00
32,"Secretaria de Eventos, Esporte e Lazer",1,"Secretaria de Eventos, Esporte e Lazer",150070000000,Rec. Livres (Imp. e Transf. Const.),75.293.126/0001-09,RÁDIO POMERODE LTDA,3776.40,3776.40,3776.40,0,3776.40
32,"Secretaria de Eventos, Esporte e Lazer",1,"Secretaria de Eventos, Esporte e Lazer",150070000000,Rec. Livres (Imp. e Transf. Const.),75.345.504/0001-42,FEDERAÇÃO CATARINENSE DE CICLISMO,71400.00,15000.00,36400.00,0,36400.00
32,"Secretaria de Eventos, Esporte e Lazer",1,"Secretaria de Eventos, Esporte e Lazer",150070000000,Rec. Livres (Imp. e Transf. Const.),75.415.075/0002-13,RUDIPEL - RUDNICK PETRÓLEO LTDA,4899.90,3376.60,650.70,1.56,650.70
32,"Secretaria de Eventos, Esporte e Lazer",1,"Secretaria de Eventos, Esporte e Lazer",150070000000,Rec. Livres (Imp. e Transf. Const.),75.886.689/0001-00,FEDERAÇÃO CATARINENSE DE ATLETISMO,10000.00,0,10000.00,0,10000.00
32,"Secretaria de Eventos, Esporte e Lazer",1,"Secretaria de Eventos, Esporte e Lazer",150070000000,Rec. Livres (Imp. e Transf. Const.),76.712.983/0001-50,CLUBE DUQUE DE CAXIAS,1290.00,0,1290.00,0,1290.00
32,"Secretaria de Eventos, Esporte e Lazer",1,"Secretaria de Eventos, Esporte e Lazer",150070000000,Rec. Livres (Imp. e Transf. Const.),79.227.963/0014-05,NC COMUNICAÇÕES S/A,385.46,0,385.46,18.50,385.46
32,"Secretaria de Eventos, Esporte e Lazer",1,"Secretaria de Eventos, Esporte e Lazer",150070000000,Rec. Livres (Imp. e Transf. Const.),79.372.702/0001-56,ASSOCIACAO DE CACA E TIRO RIO DO SUL,20028.00,0,20028.00,0,20028.00
32,"Secretaria de Eventos, Esporte e Lazer",1,"Secretaria de Eventos, Esporte e Lazer",150070000000,Rec. Livres (Imp. e Transf. Const.),80.495.625/0001-00,CONFEITARIA TORTEN PARADIES LTDA,1230.67,0,1081.88,12.98,1081.88
32,"Secretaria de Eventos, Esporte e Lazer",1,"Secretaria de Eventos, Esporte e Lazer",150070000000,Rec. Livres (Imp. e Transf. Const.),80.495.641/0001-01,KNOPF COMÉRCIO E TRANSPORTES LTDA,738.00,0,738.00,0,738.00
32,"Secretaria de Eventos, Esporte e Lazer",1,"Secretaria de Eventos, Esporte e Lazer",150070000000,Rec. Livres (Imp. e Transf. Const.),82.649.286/0001-03,CLUBE DE CACA E TIRO RIBEIRAO ITOUPAVA,800.00,100.00,800.00,0,800.00
32,"Secretaria de Eventos, Esporte e Lazer",1,"Secretaria de Eventos, Esporte e Lazer",150070000000,Rec. Livres (Imp. e Transf. Const.),82.651.381/0001-33,SOCIEDADE ESPORTIVA RECREATIVA E CULTURAL 1º DE JANEIRO,850.00,0,850.00,0,850.00
32,"Secretaria de Eventos, Esporte e Lazer",1,"Secretaria de Eventos, Esporte e Lazer",150070000000,Rec. Livres (Imp. e Transf. Const.),82.726.373/0001-09,LIGA BLUMENAUENSE DE FUTEBOL DE SALAO,650.00,0,650.00,0,650.00
32,"Secretaria de Eventos, Esporte e Lazer",1,"Secretaria de Eventos, Esporte e Lazer",150070000000,Rec. Livres (Imp. e Transf. Const.),82.828.658/0001-50,CLUBE VIDEIRENSE DE CAÇA PESCA E TIRO,8345.00,1669.00,8345.00,0,8345.00
32,"Secretaria de Eventos, Esporte e Lazer",1,"Secretaria de Eventos, Esporte e Lazer",150070000000,Rec. Livres (Imp. e Transf. Const.),82.908.336/0001-11,FEDERACAO CATARINENSE DE XADREZ,17470.00,230.00,2470.00,0,2470.00
32,"Secretaria de Eventos, Esporte e Lazer",1,"Secretaria de Eventos, Esporte e Lazer",150070000000,Rec. Livres (Imp. e Transf. Const.),82.951.310/0001-56,SECRETARIA DE ESTADO DA FAZENDA,448.11,0,448.11,0,448.11
32,"Secretaria de Eventos, Esporte e Lazer",1,"Secretaria de Eventos, Esporte e Lazer",150070000000,Rec. Livres (Imp. e Transf. Const.),82.987.538/0001-04,CLUBE DE CACA E TIRO ARAUJO BRUSQUE,850.00,50.00,850.00,0,850.00
32,"Secretaria de Eventos, Esporte e Lazer",1,"Secretaria de Eventos, Esporte e Lazer",150070000000,Rec. Livres (Imp. e Transf. Const.),82.998.147/0001-87,CLUBE DE CAÇA TIRO E PESCA JOSE SIEBERT,10014.00,0,10014.00,0,10014.00
32,"Secretaria de Eventos, Esporte e Lazer",1,"Secretaria de Eventos, Esporte e Lazer",150070000000,Rec. Livres (Imp. e Transf. Const.),83.102.251/0001-04,MUNICÍPIO DE POMERODE,834729.23,0,834729.23,209578.41,834729.23
32,"Secretaria de Eventos, Esporte e Lazer",1,"Secretaria de Eventos, Esporte e Lazer",150070000000,Rec. Livres (Imp. e Transf. Const.),83.102.814/0001-64,PREFEITURA MUNICIPAL DE RODEIO,1750.00,1750.00,1750.00,0,1750.00
32,"Secretaria de Eventos, Esporte e Lazer",1,"Secretaria de Eventos, Esporte e Lazer",150070000000,Rec. Livres (Imp. e Transf. Const.),83.169.946/0001-03,FEDERACAO CATARINENSE DE BOCHA E BOLAO,19975.00,0,4750.00,0,4750.00
32,"Secretaria de Eventos, Esporte e Lazer",1,"Secretaria de Eventos, Esporte e Lazer",150070000000,Rec. Livres (Imp. e Transf. Const.),83.457.937/0001-18,FEDERACAO CATARINENSE DE KARATE,82995.00,0,37995.00,0,37995.00
32,"Secretaria de Eventos, Esporte e Lazer",1,"Secretaria de Eventos, Esporte e Lazer",150070000000,Rec. Livres (Imp. e Transf. Const.),83.472.696/0001-86,FEDERAÇÃO CATARINENSE DE PUNHOBOL,1700.00,0,0,0,0
32,"Secretaria de Eventos, Esporte e Lazer",1,"Secretaria de Eventos, Esporte e Lazer",150070000000,Rec. Livres (Imp. e Transf. Const.),83.686.238/0001-40,ONEVIO BETTONI,6300.00,0,6300.00,0,6300.00
32,"Secretaria de Eventos, Esporte e Lazer",1,"Secretaria de Eventos, Esporte e Lazer",150070000000,Rec. Livres (Imp. e Transf. Const.),83.747.352/0001-32,FEDERACAO CATARINENSE DE TENIS DE MESA,16280.00,0,6280.00,0,6280.00
32,"Secretaria de Eventos, Esporte e Lazer",1,"Secretaria de Eventos, Esporte e Lazer",150070000000,Rec. Livres (Imp. e Transf. Const.),83.795.393/0001-02,LIGA POMERODENSE DE DESPORTOS - LPD,75722.61,0,75722.61,0,75722.61
32,"Secretaria de Eventos, Esporte e Lazer",1,"Secretaria de Eventos, Esporte e Lazer",150070000000,Rec. Livres (Imp. e Transf. Const.),84.151.257/0001-34,SOCIEDADE ATIRADORES RIO SELLIN,1700.00,100.00,1700.00,0,1700.00
32,"Secretaria de Eventos, Esporte e Lazer",1,"Secretaria de Eventos, Esporte e Lazer",150070000000,Rec. Livres (Imp. e Transf. Const.),845.832.409-10,MANOEL HENRIQUE PEIXOTO DA CUNHA,21587.49,18912.51,21587.49,0,21587.49
32,"Secretaria de Eventos, Esporte e Lazer",1,"Secretaria de Eventos, Esporte e Lazer",150070000000,Rec. Livres (Imp. e Transf. Const.),85.344.695/0001-81,JOAO HENRIQUE DEMARTINI,8850.00,0,8850.00,0,8850.00
32,"Secretaria de Eventos, Esporte e Lazer",1,"Secretaria de Eventos, Esporte e Lazer",150070000000,Rec. Livres (Imp. e Transf. Const.),866.121.239-15,NELIO CLAIR BORCHARDT,0.00,723.47,0.00,0,0.00
32,"Secretaria de Eventos, Esporte e Lazer",1,"Secretaria de Eventos, Esporte e Lazer",150070000000,Rec. Livres (Imp. e Transf. Const.),868.017.672-91,HERNANY FERNANDES RAMOS,4443.41,0,4443.41,172.31,4443.41
32,"Secretaria de Eventos, Esporte e Lazer",1,"Secretaria de Eventos, Esporte e Lazer",150070000000,Rec. Livres (Imp. e Transf. Const.),86.910.148/0001-89,DIBRAPE - DISTRIBUIDORA BRASILEIRA DE PETRÓLEO LTDA,18628.30,0,4267.85,10.21,4267.85
32,"Secretaria de Eventos, Esporte e Lazer",1,"Secretaria de Eventos, Esporte e Lazer",150070000000,Rec. Livres (Imp. e Transf. Const.),902.884.409-00,CELIO SCHLINGMANN,21534.66,18007.44,21534.66,0,21534.66
32,"Secretaria de Eventos, Esporte e Lazer",1,"Secretaria de Eventos, Esporte e Lazer",150070000000,Rec. Livres (Imp. e Transf. Const.),91.693.291/0001-04,SOCIEDADE GINASTICA DE NOVO HAMBURGO,1700.00,0,0,0,0
32,"Secretaria de Eventos, Esporte e Lazer",1,"Secretaria de Eventos, Esporte e Lazer",150070000000,Rec. Livres (Imp. e Transf. Const.),95.822.136/0001-93,3A MATERIAIS DE CONSTRUÇÃO LTDA,22093.01,0,22093.01,0,22093.01
32,"Secretaria de Eventos, Esporte e Lazer",1,"Secretaria de Eventos, Esporte e Lazer",150070000000,Rec. Livres (Imp. e Transf. Const.),95.855.078/0001-02,PANIFICADORA E CONFEITARIA DONA ELLA LTDA,265.60,0,265.60,0,265.60
32,"Secretaria de Eventos, Esporte e Lazer",1,"Secretaria de Eventos, Esporte e Lazer",150070000001,Rec. Livres (Imp. e Transf. Const.): Emenda Individual Impositiva 01,02.255.187/0001-08,UNIFIQUE TELECOMUNICAÇÕES S/A,0.00,1448.40,0,0,0
32,"Secretaria de Eventos, Esporte e Lazer",1,"Secretaria de Eventos, Esporte e Lazer",150070110032,Emenda Impositiva Municipal 32/2026,845.832.409-10,MANOEL HENRIQUE PEIXOTO DA CUNHA,0.00,3500.00,0,0,0
32,"Secretaria de Eventos, Esporte e Lazer",1,"Secretaria de Eventos, Esporte e Lazer",250070000000,Rec. Livres (Imp. e Transf. Const.),04.705.249/0001-53,PROSPECTION PRODUCOES E EVENTOS LTDA,4500.00,0,0,0,0
32,"Secretaria de Eventos, Esporte e Lazer",1,"Secretaria de Eventos, Esporte e Lazer",250070000000,Rec. Livres (Imp. e Transf. Const.),29.979.036/0001-40,INSS- INSTITUTO NACIONAL DO SEGURO SOCIAL,7835.59,0,7835.59,0,0
32,"Secretaria de Eventos, Esporte e Lazer",1,"Secretaria de Eventos, Esporte e Lazer",250070000000,Rec. Livres (Imp. e Transf. Const.),79.364.170/0001-05,ACAEN ASSOCIAÇÃO CULTURAL ASSISTENCIAL E ESPORTIVA NETZSCH,29400.00,0,4200.00,0,4200.00
32,"Secretaria de Eventos, Esporte e Lazer",1,"Secretaria de Eventos, Esporte e Lazer",250070000000,Rec. Livres (Imp. e Transf. Const.),83.795.393/0001-02,LIGA POMERODENSE DE DESPORTOS - LPD,4956.81,0,0,0,0
32,"Secretaria de Eventos, Esporte e Lazer",1,"Secretaria de Eventos, Esporte e Lazer",250070000000,Rec. Livres (Imp. e Transf. Const.),902.884.409-00,CELIO SCHLINGMANN,4588.82,4611.18,4588.82,0,4588.82
32,"Secretaria de Eventos, Esporte e Lazer",1,"Secretaria de Eventos, Esporte e Lazer",270631100019,Emenda Parlamentar nº 202539490006: Aquisição de material esportivo,19.444.651/0001-07,K.S. ARTIGOS ESPORTIVOS LTDA,55730.00,0,0,0,0
32,"Secretaria de Eventos, Esporte e Lazer",1,"Secretaria de Eventos, Esporte e Lazer",270631100019,Emenda Parlamentar nº 202539490006: Aquisição de material esportivo,46.449.285/0001-43,MYR COMÉRCIO DE ARTIGOS PEDAGÓGICOS LTDA,5995.96,0,5995.96,71.95,5995.96
32,"Secretaria de Eventos, Esporte e Lazer",1,"Secretaria de Eventos, Esporte e Lazer",270631100019,Emenda Parlamentar nº 202539490006: Aquisição de material esportivo,63.129.821/0001-42,GUIDONI DISTRIBUIDORA LTDA,42248.06,0,0,0,0
32,"Secretaria de Eventos, Esporte e Lazer",1,"Secretaria de Eventos, Esporte e Lazer",270631100019,Emenda Parlamentar nº 202539490006: Aquisição de material esportivo,79.912.788/0001-62,RÉGIS COMÉRCIO DE BRINQUEDOS LTDA,96694.44,0,0,0,0
32,"Secretaria de Eventos, Esporte e Lazer",2,Atividades Comunitárias e Lazer da Família,150070000000,Rec. Livres (Imp. e Transf. Const.),045.088.209-80,BRAULINO LUIZ PONTES NETO,1750.00,1250.00,1750.00,0,1750.00
32,"Secretaria de Eventos, Esporte e Lazer",2,Atividades Comunitárias e Lazer da Família,150070000000,Rec. Livres (Imp. e Transf. Const.),07.453.253/0001-60,ASSOCIACAO DOS MUSICOS PROFISSIONAIS DE POMERODE - AMUSPE,8450.00,0,8450.00,0,7060.00
32,"Secretaria de Eventos, Esporte e Lazer",2,Atividades Comunitárias e Lazer da Família,150070000000,Rec. Livres (Imp. e Transf. Const.),17.372.674/0001-10,ACRIBLU ACRILICOS LTDA-ME,1780.00,0,0,0,0
32,"Secretaria de Eventos, Esporte e Lazer",2,Atividades Comunitárias e Lazer da Família,150070000000,Rec. Livres (Imp. e Transf. Const.),27.649.356/0001-07,TRIBESS FESTAS E EVENTOS LTDA,32645.92,3268.46,32645.92,0,28661.88
32,"Secretaria de Eventos, Esporte e Lazer",2,Atividades Comunitárias e Lazer da Família,150070000000,Rec. Livres (Imp. e Transf. Const.),38.092.528/0001-00,MIDAS SEGURANÇA PRIVADA LTDA,576.00,0,0,0,0
32,"Secretaria de Eventos, Esporte e Lazer",2,Atividades Comunitárias e Lazer da Família,150070000000,Rec. Livres (Imp. e Transf. Const.),85.288.843/0001-98,AGUA DOCE LTDA,41015.74,0,12992.70,0,9489.82
