orgaoCodigo,orgaoDescricao,unidadeCodigo,unidadeDescricao,fonteRecurso,fonteRecursoDescricao,cpfCnpjCredor,nomeCredor,valorEmpenhado,valorProcessadoInscrito,valorProcessadoCancelado,valorNaoProcessadoInscrito,valorNaoProcessadoCancelado,valorNaoProcessadoLiquidado,valorPagar,valorPago,valorPagoProcessado,valorPagoNaoProcessado
1, Camara Municipal,1, Camara Municipal,150070000000,Recursos não vinculados de Impostos,08.221.047/0001-97,ACHEI INDUSTRIA DE MÓVEIS LTDA,6859.96,0,0,6859.96,6311.96,548.00,0.00,548.00,0,548.00
1, Camara Municipal,1, Camara Municipal,150070000000,Recursos não vinculados de Impostos,36.811.724/0001-62,ALESSANDRO ENGEL,1253.70,0.00,0,250.74,0,250.74,0.00,1253.70,0,250.74
1, Camara Municipal,1, Camara Municipal,150070000000,Recursos não vinculados de Impostos,08.336.783/0001-90,CELESC DISTRIBUICAO S.A,9389.09,1529.25,0,0.00,0,0,0.00,9389.09,1529.25,0
1, Camara Municipal,1, Camara Municipal,150070000000,Recursos não vinculados de Impostos,36.521.392/0002-62,GO VENDAS ELETRONICAS LTDA,8640.00,0,0,8640.00,0,8640.00,0.00,8640.00,0,8640.00
1, Camara Municipal,1, Camara Municipal,150070000000,Recursos não vinculados de Impostos,28.474.582/0001-67,IGAM SC CURSOS E CONSULTORIA LTDA,8890.00,0,0,8890.00,0,8890.00,0.00,8890.00,0,8890.00
1, Camara Municipal,1, Camara Municipal,150070000000,Recursos não vinculados de Impostos,30.971.967/0001-81,"INOVARE DESIGN DE MÓVEIS, CONSTRUTORA, COMÉRCIO E SERVIÇOS LTDA",4103.00,0,0,4103.00,4103.00,0,0.00,0,0,0
1, Camara Municipal,1, Camara Municipal,150070000000,Recursos não vinculados de Impostos,01.258.027/0003-03,IPM SISTEMAS LTDA,37956.67,0.00,0,6382.00,0,6382.00,0.00,37956.67,0,6382.00
1, Camara Municipal,1, Camara Municipal,150070000000,Recursos não vinculados de Impostos,03.148.398/0001-04,JORNAL DE POMERODE EDITORA LTDA,67052.25,0.00,0,6477.00,0,6477.00,0.00,67052.25,0,6477.00
1, Camara Municipal,1, Camara Municipal,150070000000,Recursos não vinculados de Impostos,18.435.617/0001-03,KRAFT COMÉRCIO E SERVIÇOS LTDA,2420.00,0.00,0,484.00,0,484.00,0.00,2420.00,0,484.00
1, Camara Municipal,1, Camara Municipal,150070000000,Recursos não vinculados de Impostos,24.148.109/0001-39,NOVARE INFOTEC LTDA,7398.57,0.00,0,870.42,0,870.42,0.00,7398.57,0,870.42
1, Camara Municipal,1, Camara Municipal,150070000000,Recursos não vinculados de Impostos,79.283.065/0001-41,ORBENK ADMINISTRAÇÃO E SERVIÇOS LTDA.,80199.28,0.00,0,13529.39,0,13529.39,0.00,80199.28,0,13529.39
1, Camara Municipal,1, Camara Municipal,150070000000,Recursos não vinculados de Impostos,14.576.552/0001-57,ORBENK SERVICOS DE SEGURANCA LTDA,54893.97,0.00,0,7881.27,0,7881.27,0.00,54893.97,0,7881.27
1, Camara Municipal,1, Camara Municipal,150070000000,Recursos não vinculados de Impostos,50.675.079/0001-29,POMERWASSER AMBIENTAL S.P.E. S.A.,1096.15,0.00,0,91.76,0,91.76,0.00,1096.15,0,91.76
1, Camara Municipal,1, Camara Municipal,150070000000,Recursos não vinculados de Impostos,18.806.639/0001-24,SLM CONSTRUÇÕES E SERVIÇOS SUSTENTÁVEIS LTDA,1636.78,0.00,0,653.51,0,653.51,0.00,1636.78,0,653.51
1, Camara Municipal,1, Camara Municipal,150070000000,Recursos não vinculados de Impostos,21.613.975/0001-65,TECNOBLU COMÉRCIO DE REFRIGERAÇÃO LTDA,21159.00,0,0,21159.00,0,21159.00,0.00,21159.00,0,21159.00
1, Camara Municipal,1, Camara Municipal,150070000000,Recursos não vinculados de Impostos,02.255.187/0001-08,UNIFIQUE TELECOMUNICAÇÕES S/A,16140.96,0.00,0,1345.08,0,1345.08,0.00,16140.96,0,1345.08
1, Camara Municipal,1, Camara Municipal,150070000000,Recursos não vinculados de Impostos,23.830.923/0002-57,VR PRINT COMERCIO E SERVICOS DE SUPRIMENTOS PARA INFORMATICA LTDA,578.40,0,0,578.40,0,578.40,0.00,578.40,0,578.40
2, Gabinete do Prefeito,1, Gabinete do Prefeito,150070000000,Recursos não vinculados de Impostos,01.820.395/0001-31,01.820.395 ILSE EICHSTAEDT,150.00,150.00,0,0.00,0,0,150.00,0.00,0,0
2, Gabinete do Prefeito,1, Gabinete do Prefeito,150070000000,Recursos não vinculados de Impostos,80.495.625/0001-00,CONFEITARIA TORTEN PARADIES LTDA,1004.46,0,0,1004.46,0,1004.46,0.00,1004.46,0,1004.46
2, Gabinete do Prefeito,1, Gabinete do Prefeito,150070000000,Recursos não vinculados de Impostos,86.910.148/0001-89,DIBRAPE - DISTRIBUIDORA BRASILEIRA DE PETRÓLEO LTDA,4312.50,0.00,0,335.79,0,335.23,0.56,4311.94,0,335.23
2, Gabinete do Prefeito,1, Gabinete do Prefeito,150070000000,Recursos não vinculados de Impostos,82.895.970/0001-67,FEDERACAO DAS CAMARAS DE DIRIGENTES LOJISTAS DE SC,209.00,0,0,209.00,0,209.00,0.00,209.00,0,209.00
2, Gabinete do Prefeito,1, Gabinete do Prefeito,150070000000,Recursos não vinculados de Impostos,29.979.036/0001-40,INSS- INSTITUTO NACIONAL DO SEGURO SOCIAL,8387.78,8387.78,0,0.00,0,0,0.00,8387.78,8387.78,0
2, Gabinete do Prefeito,1, Gabinete do Prefeito,150070000000,Recursos não vinculados de Impostos,27.284.516/0001-61,MAXIFROTA SERVIÇOS DE MANUTENÇÃO DE FROTA LTDA,1000.00,0.00,0,517.05,0,0,517.05,482.95,0,0
2, Gabinete do Prefeito,1, Gabinete do Prefeito,150070000000,Recursos não vinculados de Impostos,86.378.429/0005-66,MOCAM SUPERMERCADOS LTDA,105847.95,104577.77,0,0.00,0,0,0.00,105847.95,104577.77,0
2, Gabinete do Prefeito,1, Gabinete do Prefeito,150070000000,Recursos não vinculados de Impostos,95.855.078/0001-02,PANIFICADORA E CONFEITARIA DONA ELLA LTDA,389.16,0,0,389.16,0,0,389.16,0,0,0
2, Gabinete do Prefeito,1, Gabinete do Prefeito,150070000000,Recursos não vinculados de Impostos,83.545.632/0001-68,TABELIONATO DE NOTAS E DE PROTESTOS DA COMARCA DE POMERODE/SC,5.30,5.30,0,0.00,0,0,5.30,0,0,0
3, Procuradoria Geral do Municipio,1, Procuradoria Geral do Municipio,150070000000,Recursos não vinculados de Impostos,29.979.036/0001-40,INSS- INSTITUTO NACIONAL DO SEGURO SOCIAL,5957.82,5957.82,0,0.00,0,0,0.00,5957.82,5957.82,0
3, Procuradoria Geral do Municipio,1, Procuradoria Geral do Municipio,150070000000,Recursos não vinculados de Impostos,36.225.268/0001-79,INSTALAR INSTALAÇÃO E MANUTENÇÃO LTDA,340.00,0,0,340.00,0,0,340.00,0,0,0
3, Procuradoria Geral do Municipio,1, Procuradoria Geral do Municipio,150070000000,Recursos não vinculados de Impostos,03.725.725/0001-35,LEIS LTDA,19845.00,0.00,0,7938.00,0,0,7938.00,11907.00,0,0
3, Procuradoria Geral do Municipio,1, Procuradoria Geral do Municipio,150070000000,Recursos não vinculados de Impostos,02.255.187/0001-08,UNIFIQUE TELECOMUNICAÇÕES S/A,3862.40,0.00,0,482.80,0,482.80,0.00,3862.40,0,482.80
3, Procuradoria Geral do Municipio,2,Fundo de Reaparelhamento da Procuradoria,150170000100,Fundo de Reap. da Procuradoria (Outros Rec. Não Vinc.),71.052.559/0001-03,BEL MICRO TECNOLOGIA S/A,2323.81,0,0,2323.81,0,0,2323.81,0,0,0
3, Procuradoria Geral do Municipio,2,Fundo de Reaparelhamento da Procuradoria,250170000100,Fundo de Reap. da Procuradoria (Outros Rec. Não Vinc.),71.052.559/0001-03,BEL MICRO TECNOLOGIA S/A,874.19,0,0,874.19,0,0,874.19,0,0,0
3, Procuradoria Geral do Municipio,2,Fundo de Reaparelhamento da Procuradoria,250170000100,Fundo de Reap. da Procuradoria (Outros Rec. Não Vinc.),21.285.299/0001-48,ENGENFOX TERRAPLANAGENS E SERVICOS LTDA,55078.32,0,0,55078.32,0,0,55078.32,0,0,0
3, Procuradoria Geral do Municipio,2,Fundo de Reaparelhamento da Procuradoria,250170000100,Fundo de Reap. da Procuradoria (Outros Rec. Não Vinc.),44.211.299/0003-60,IMPORTA BRASIL LTDA,13800.00,0,0,13800.00,0,0,13800.00,0,0,0
3, Procuradoria Geral do Municipio,2,Fundo de Reaparelhamento da Procuradoria,250170000100,Fundo de Reap. da Procuradoria (Outros Rec. Não Vinc.),18.806.639/0001-24,SLM CONSTRUÇÕES E SERVIÇOS SUSTENTÁVEIS LTDA,2500.78,0,0,2500.78,0,0,2500.78,0,0,0
4, Secretaria de Governo,1, Secretaria de Governo,150070000000,Recursos não vinculados de Impostos,52.015.360/0001-60,EVANDRO DE ASSIS ASSESSORIA E CONSULTORIA LTDA,15000.00,0,0,15000.00,0,0,15000.00,0,0,0
4, Secretaria de Governo,1, Secretaria de Governo,150070000000,Recursos não vinculados de Impostos,10.749.284/0001-77,EZCUZÊ AGÊNCIA DE PUBLICIDADE E PROPAGANDA LTDA,5883.21,0,0,5883.21,750.00,3670.71,1462.50,3670.71,0,3670.71
4, Secretaria de Governo,1, Secretaria de Governo,150070000000,Recursos não vinculados de Impostos,83.566.299/0001-73,FUNDAÇÃO DE ESTUDOS E PESQUISAS SOCIOECONÔMICAS - FEPESE,299.90,0,0,299.90,0,0,299.90,0,0,0
4, Secretaria de Governo,1, Secretaria de Governo,150070000000,Recursos não vinculados de Impostos,20.365.339/0001-07,INSIGHT GESTÃO E CONSULTORIA LTDA,33897.00,0.00,0,11299.00,0,0,11299.00,22598.00,0,0
4, Secretaria de Governo,1, Secretaria de Governo,150070000000,Recursos não vinculados de Impostos,29.979.036/0001-40,INSS- INSTITUTO NACIONAL DO SEGURO SOCIAL,5802.14,5802.14,0,0.00,0,0,0.00,5802.14,5802.14,0
4, Secretaria de Governo,1, Secretaria de Governo,250070000000,Recursos não vinculados de Impostos,10.749.284/0001-77,EZCUZÊ AGÊNCIA DE PUBLICIDADE E PROPAGANDA LTDA,9746.95,2998.80,0,6596.95,0,10259.45,315.00,9431.95,2998.80,6281.95
4, Secretaria de Governo,1, Secretaria de Governo,250070000000,Recursos não vinculados de Impostos,05.248.770/0001-71,GRIAULE LTDA,1600.00,0,0,1600.00,0,0,1600.00,0,0,0
4, Secretaria de Governo,1, Secretaria de Governo,250070000000,Recursos não vinculados de Impostos,75.786.459/0001-61,IMPRESSORA MAYER LTDA,460.00,0,0,460.00,0,0,460.00,0,0,0
4, Secretaria de Governo,1, Secretaria de Governo,250070000000,Recursos não vinculados de Impostos,20.365.339/0001-07,INSIGHT GESTÃO E CONSULTORIA LTDA,35478.00,0.00,0,23652.00,0,11826.00,11826.00,23652.00,0,11826.00
4, Secretaria de Governo,1, Secretaria de Governo,250070000000,Recursos não vinculados de Impostos,36.225.268/0001-79,INSTALAR INSTALAÇÃO E MANUTENÇÃO LTDA,551.00,0,0,551.00,0,551.00,0.00,551.00,0,551.00
4, Secretaria de Governo,1, Secretaria de Governo,250070000000,Recursos não vinculados de Impostos,03.148.398/0001-04,JORNAL DE POMERODE EDITORA LTDA,15910.00,0,0,15910.00,0,15910.00,0.00,15910.00,0,15910.00
4, Secretaria de Governo,1, Secretaria de Governo,250070000000,Recursos não vinculados de Impostos,20.926.905/0001-02,R2 IMAGENS LTDA.,11089.00,0,0,11089.00,0,11089.00,0.00,11089.00,0,11089.00
4, Secretaria de Governo,1, Secretaria de Governo,250070000000,Recursos não vinculados de Impostos,75.293.126/0001-09,RÁDIO POMERODE LTDA,16736.70,0,0,16736.70,0,16736.70,0.00,16736.70,0,16736.70
4, Secretaria de Governo,1, Secretaria de Governo,250070000000,Recursos não vinculados de Impostos,04.895.816/0001-81,SOCIEDADE VALE DE COMUNICACOES LTDA,13122.30,0,0,13122.30,0,13122.30,0.00,13122.30,0,13122.30
4, Secretaria de Governo,1, Secretaria de Governo,250070000000,Recursos não vinculados de Impostos,13.340.171/0001-01,SOPRINT COMUNICACAO VISUAL LTDA,1254.00,1254.00,0,0.00,0,0,0.00,1254.00,1254.00,0
4, Secretaria de Governo,1, Secretaria de Governo,250070000000,Recursos não vinculados de Impostos,15.555.787/0001-25,TESTO EDITORA E EVENTOS LTDA,16600.00,9600.00,0,7000.00,0,7000.00,0.00,16600.00,9600.00,7000.00
4, Secretaria de Governo,1, Secretaria de Governo,250070000000,Recursos não vinculados de Impostos,02.255.187/0001-08,UNIFIQUE TELECOMUNICAÇÕES S/A,3862.40,0.00,0,482.80,0,482.80,0.00,3862.40,0,482.80
4, Secretaria de Governo,2,Fundo Municipal de Defesa Civil,150070000000,Recursos não vinculados de Impostos,86.910.148/0001-89,DIBRAPE - DISTRIBUIDORA BRASILEIRA DE PETRÓLEO LTDA,4025.00,0.00,0,3191.25,0,3186.08,5.17,4019.83,0,3186.08
4, Secretaria de Governo,2,Fundo Municipal de Defesa Civil,150070000000,Recursos não vinculados de Impostos,27.284.516/0001-61,MAXIFROTA SERVIÇOS DE MANUTENÇÃO DE FROTA LTDA,1000.00,0,0,1000.00,0,0,1000.00,0,0,0
4, Secretaria de Governo,2,Fundo Municipal de Defesa Civil,270170000016,Portaria Conjunta SGG/SEF Nº 001/2024: Programa Recupera SC (Contratação de Hora-Máquina),21.285.299/0001-48,ENGENFOX TERRAPLANAGENS E SERVICOS LTDA,100207.52,0.00,0,11771.57,11771.57,0,0.00,88435.95,0,0
4, Secretaria de Governo,2,Fundo Municipal de Defesa Civil,270170000016,Portaria Conjunta SGG/SEF Nº 001/2024: Programa Recupera SC (Contratação de Hora-Máquina),11.833.114/0001-39,SAMIL TERRAPLANAGENS E TRANSPORTES LTDA,65089.98,0.00,0,29615.29,7298.81,22316.48,0.00,57791.17,0,22316.48
5, Secretaria de Planejamento e Meio Ambiente,1,Secretaria de Planejamento e Meio Ambiente,150070000000,Recursos não vinculados de Impostos,86.910.148/0001-89,DIBRAPE - DISTRIBUIDORA BRASILEIRA DE PETRÓLEO LTDA,13800.00,0.00,0,3728.87,0,3728.87,0.00,13800.00,0,3728.87
5, Secretaria de Planejamento e Meio Ambiente,1,Secretaria de Planejamento e Meio Ambiente,150070000000,Recursos não vinculados de Impostos,035.669.759-23,EDERSON BASAGNI,4500.00,0,0,4500.00,0,0,4500.00,0,0,0
5, Secretaria de Planejamento e Meio Ambiente,1,Secretaria de Planejamento e Meio Ambiente,150070000000,Recursos não vinculados de Impostos,041.413.739-66,FELIPE GELAIN,250.00,0,0,250.00,250.00,0,0.00,0,0,0
5, Secretaria de Planejamento e Meio Ambiente,1,Secretaria de Planejamento e Meio Ambiente,150070000000,Recursos não vinculados de Impostos,20.524.233/0001-09,FISTAROL PRESTADORA DE SERVIÇOS LTDA,120.00,0,0,120.00,120.00,0,0.00,0,0,0
5, Secretaria de Planejamento e Meio Ambiente,1,Secretaria de Planejamento e Meio Ambiente,150070000000,Recursos não vinculados de Impostos,04.138.886/0001-95,"GEO BRASILIS CONSULTORIA, PLANEJAMENTO, MEIO AMBIENTE E GEOPROCESSAMENTO LTDA",33377.99,0.00,0,21695.72,0,8344.49,21295.18,12082.81,0,400.54
5, Secretaria de Planejamento e Meio Ambiente,1,Secretaria de Planejamento e Meio Ambiente,150070000000,Recursos não vinculados de Impostos,29.979.036/0001-40,INSS- INSTITUTO NACIONAL DO SEGURO SOCIAL,1095.42,1095.42,0,0.00,0,0,0.00,1095.42,1095.42,0
5, Secretaria de Planejamento e Meio Ambiente,1,Secretaria de Planejamento e Meio Ambiente,150070000000,Recursos não vinculados de Impostos,02.323.274/0001-47,KRUEGER COMÉRCIO DE MATERIAIS ELÉTRICOS E HIDRÁULICOS LTDA,21.00,0,0,21.00,21.00,0,0.00,0,0,0
5, Secretaria de Planejamento e Meio Ambiente,1,Secretaria de Planejamento e Meio Ambiente,150070000000,Recursos não vinculados de Impostos,27.284.516/0001-61,MAXIFROTA SERVIÇOS DE MANUTENÇÃO DE FROTA LTDA,3000.00,0.00,0,501.94,501.94,0,0.00,2498.06,0,0
5, Secretaria de Planejamento e Meio Ambiente,1,Secretaria de Planejamento e Meio Ambiente,150070000000,Recursos não vinculados de Impostos,34.535.053/0001-29,MVB CONSTRUTORA LTDA,27284.18,0.00,0,9101.85,0,0,9101.85,18182.33,0,0
5, Secretaria de Planejamento e Meio Ambiente,1,Secretaria de Planejamento e Meio Ambiente,150070000000,Recursos não vinculados de Impostos,45.594.755/0001-08,POMERODE PLACAS AUTOMOTIVAS LTDA,240.00,0,0,240.00,240.00,0,0.00,0,0,0
5, Secretaria de Planejamento e Meio Ambiente,1,Secretaria de Planejamento e Meio Ambiente,150070000000,Recursos não vinculados de Impostos,48.880.370/0001-97,RAYANA DAPHENER LTDA,140.00,0,0,140.00,0,0,140.00,0,0,0
5, Secretaria de Planejamento e Meio Ambiente,1,Secretaria de Planejamento e Meio Ambiente,150070000000,Recursos não vinculados de Impostos,37.143.430/0001-72,TSI CENTRO AUTOMOTIVO LTDA,66.32,0,0,66.32,0,66.32,0.00,66.32,0,66.32
5, Secretaria de Planejamento e Meio Ambiente,1,Secretaria de Planejamento e Meio Ambiente,150170001200,Conv. Radio Patrulha da Polícia Militar (Outros Rec. Não Vinc.),34.447.566/0001-88,BDT MATERIAIS ELÉTRICOS LTDA,56.70,0,0,56.70,56.70,0,0.00,0,0,0
5, Secretaria de Planejamento e Meio Ambiente,1,Secretaria de Planejamento e Meio Ambiente,150170001200,Conv. Radio Patrulha da Polícia Militar (Outros Rec. Não Vinc.),35.567.810/0001-09,COMERCIAL BAUMANN LTDA,90.00,0,0,90.00,90.00,0,0.00,0,0,0
5, Secretaria de Planejamento e Meio Ambiente,1,Secretaria de Planejamento e Meio Ambiente,150170001200,Conv. Radio Patrulha da Polícia Militar (Outros Rec. Não Vinc.),00.143.758/0002-60,DVA AUTOMOVEIS LTDA,845.27,0,0,845.27,0,0,845.27,0,0,0
5, Secretaria de Planejamento e Meio Ambiente,1,Secretaria de Planejamento e Meio Ambiente,150170001200,Conv. Radio Patrulha da Polícia Militar (Outros Rec. Não Vinc.),31.167.879/0001-94,ELF SUPRIMENTOS PARA ESCRITORIO LTDA,102.10,0,0,102.10,102.10,0,0.00,0,0,0
5, Secretaria de Planejamento e Meio Ambiente,1,Secretaria de Planejamento e Meio Ambiente,150170001200,Conv. Radio Patrulha da Polícia Militar (Outros Rec. Não Vinc.),26.716.048/0001-94,MÁXIMA ATACADISTA EIRELI,33.50,0,0,33.50,33.50,0,0.00,0,0,0
5, Secretaria de Planejamento e Meio Ambiente,1,Secretaria de Planejamento e Meio Ambiente,150170001200,Conv. Radio Patrulha da Polícia Militar (Outros Rec. Não Vinc.),05.591.590/0001-98,RIBCO DO BRASIL IMP. E EXP. LTDA - EPP,1815.17,0,0,1815.17,0,0,1815.17,0,0,0
5, Secretaria de Planejamento e Meio Ambiente,1,Secretaria de Planejamento e Meio Ambiente,150170001200,Conv. Radio Patrulha da Polícia Militar (Outros Rec. Não Vinc.),39.632.042/0001-80,SANT'ANA COMERCIO E SERVICOS LTDA,482.00,0,0,482.00,482.00,0,0.00,0,0,0
5, Secretaria de Planejamento e Meio Ambiente,1,Secretaria de Planejamento e Meio Ambiente,150170001200,Conv. Radio Patrulha da Polícia Militar (Outros Rec. Não Vinc.),82.951.310/0001-56,SECRETARIA DE ESTADO DA FAZENDA,149.37,0,0,149.37,0,149.37,0.00,149.37,0,149.37
5, Secretaria de Planejamento e Meio Ambiente,1,Secretaria de Planejamento e Meio Ambiente,150170001200,Conv. Radio Patrulha da Polícia Militar (Outros Rec. Não Vinc.),34.686.134/0001-20,SNOP CORRELATOS INDÚSTRIA E COMÉRCIO LTDA,204.95,0,0,204.95,204.95,0,0.00,0,0,0
5, Secretaria de Planejamento e Meio Ambiente,1,Secretaria de Planejamento e Meio Ambiente,150170001200,Conv. Radio Patrulha da Polícia Militar (Outros Rec. Não Vinc.),13.340.171/0001-01,SOPRINT COMUNICACAO VISUAL LTDA,180.00,0,0,180.00,0,180.00,0.00,180.00,0,180.00
5, Secretaria de Planejamento e Meio Ambiente,1,Secretaria de Planejamento e Meio Ambiente,150170001200,Conv. Radio Patrulha da Polícia Militar (Outros Rec. Não Vinc.),34.180.582/0001-57,SUPREMA MOVEIS E INFORMATICA LTDA,689.00,0,0,689.00,689.00,0,0.00,0,0,0
5, Secretaria de Planejamento e Meio Ambiente,1,Secretaria de Planejamento e Meio Ambiente,250070000000,Recursos não vinculados de Impostos,29.104.922/0001-20,M.URB ENGENHARIA E CONSULTORIA LTDA,168000.00,0.00,0,16800.00,0,0,16800.00,151200.00,0,0
5, Secretaria de Planejamento e Meio Ambiente,1,Secretaria de Planejamento e Meio Ambiente,250170000001, Recurso Concessão SAMAE,34.535.053/0001-29,MVB CONSTRUTORA LTDA,1258840.37,0.00,0,998285.96,0,0,998285.96,260554.41,0,0
5, Secretaria de Planejamento e Meio Ambiente,1,Secretaria de Planejamento e Meio Ambiente,250170001200,Conv. Radio Patrulha da Polícia Militar (Outros Rec. Não Vinc.),83.159.087/0001-71,DRJ RADIOCOMUNICACAO LTDA,770.00,0,0,770.00,770.00,0,0.00,0,0,0
5, Secretaria de Planejamento e Meio Ambiente,1,Secretaria de Planejamento e Meio Ambiente,250170001200,Conv. Radio Patrulha da Polícia Militar (Outros Rec. Não Vinc.),55.623.647/0001-61,GAMA PNEUS LTDA,210.00,0,0,210.00,0,0,210.00,0,0,0
5, Secretaria de Planejamento e Meio Ambiente,1,Secretaria de Planejamento e Meio Ambiente,250170001200,Conv. Radio Patrulha da Polícia Militar (Outros Rec. Não Vinc.),28.086.462/0001-92,L&S COMERCIO DE PRODUTOS DE LIMPEZA,118.08,0,0,118.08,118.08,0,0.00,0,0,0
5, Secretaria de Planejamento e Meio Ambiente,2,GETRAN - Gerencia de Transito de Pomerode,150070000000,Recursos não vinculados de Impostos,53.795.421/0001-12,M A F VILAS BOAS SERVICOS & CIA LTDA,8737.00,0.00,0,3290.80,1694.50,1252.00,344.30,6698.20,0,1252.00
5, Secretaria de Planejamento e Meio Ambiente,2,GETRAN - Gerencia de Transito de Pomerode,150070000000,Recursos não vinculados de Impostos,27.284.516/0001-61,MAXIFROTA SERVIÇOS DE MANUTENÇÃO DE FROTA LTDA,10000.00,0.00,0,5871.41,871.41,2996.20,2003.80,7124.79,0,2996.20
5, Secretaria de Planejamento e Meio Ambiente,2,GETRAN - Gerencia de Transito de Pomerode,150070000000,Recursos não vinculados de Impostos,95.855.078/0001-02,PANIFICADORA E CONFEITARIA DONA ELLA LTDA,462.52,0,0,462.52,0,0,462.52,0,0,0
5, Secretaria de Planejamento e Meio Ambiente,2,GETRAN - Gerencia de Transito de Pomerode,150070000000,Recursos não vinculados de Impostos,50.675.079/0001-29,POMERWASSER AMBIENTAL S.P.E. S.A.,1134.21,0.00,0,103.06,0,103.06,0.00,1134.21,0,103.06
5, Secretaria de Planejamento e Meio Ambiente,2,GETRAN - Gerencia de Transito de Pomerode,150070000000,Recursos não vinculados de Impostos,02.255.187/0001-08,UNIFIQUE TELECOMUNICAÇÕES S/A,3600.00,0.00,0,450.00,0,450.00,0.00,3600.00,0,450.00
5, Secretaria de Planejamento e Meio Ambiente,2,GETRAN - Gerencia de Transito de Pomerode,175270040000,Rec. Vinc. ao Trânsito - Policia Militar,08.336.783/0001-90,CELESC DISTRIBUICAO S.A,1293.63,0.00,0,118.21,0,118.21,0.00,1293.63,0,118.21
5, Secretaria de Planejamento e Meio Ambiente,2,GETRAN - Gerencia de Transito de Pomerode,175270040000,Rec. Vinc. ao Trânsito - Policia Militar,18.624.186/0002-04,KAYO VEÍCULOS LTDA,520.00,0,0,520.00,0,0,520.00,0,0,0
5, Secretaria de Planejamento e Meio Ambiente,2,Gerência de Trânsito de Pomerode (Getran),175270040000,Rec. Vinc. ao Trânsito - Policia Militar,890.670.961-72,MAIRA MIGUEL BILAR,9.72,0,0,9.72,9.72,0,0.00,0,0,0
5, Secretaria de Planejamento e Meio Ambiente,2,GETRAN - Gerencia de Transito de Pomerode,175270040000,Rec. Vinc. ao Trânsito - Policia Militar,33.683.111/0002-80,SERVIÇO FEDERAL DE PROCESSAMENTO DE DADOS (SERPRO),164.46,0,0,164.46,0,164.46,0.00,164.46,0,164.46
5, Secretaria de Planejamento e Meio Ambiente,2,GETRAN - Gerencia de Transito de Pomerode,175270040000,Rec. Vinc. ao Trânsito - Policia Militar,37.143.430/0001-72,TSI CENTRO AUTOMOTIVO LTDA,1982.74,0,0,1982.74,0,0,1982.74,0,0,0
5, Secretaria de Planejamento e Meio Ambiente,2,GETRAN - Gerencia de Transito de Pomerode,175270040000,Rec. Vinc. ao Trânsito - Policia Militar,02.255.187/0001-08,UNIFIQUE TELECOMUNICAÇÕES S/A,3862.40,0.00,0,482.80,0,482.80,0.00,3862.40,0,482.80
5, Secretaria de Planejamento e Meio Ambiente,2,GETRAN - Gerencia de Transito de Pomerode,175270050000,Rec. Vinc. ao Trânsito - Polícia Civil,08.336.783/0001-90,CELESC DISTRIBUICAO S.A,1293.63,0.00,0,118.21,0,118.21,0.00,1293.63,0,118.21
5, Secretaria de Planejamento e Meio Ambiente,2,GETRAN - Gerencia de Transito de Pomerode,175270050000,Rec. Vinc. ao Trânsito - Polícia Civil,86.910.148/0001-89,DIBRAPE - DISTRIBUIDORA BRASILEIRA DE PETRÓLEO LTDA,9200.00,0.00,0,3121.67,0,3121.67,0.00,9200.00,0,3121.67
5, Secretaria de Planejamento e Meio Ambiente,2,GETRAN - Gerencia de Transito de Pomerode,175270050000,Rec. Vinc. ao Trânsito - Polícia Civil,36.225.268/0001-79,INSTALAR INSTALAÇÃO E MANUTENÇÃO LTDA,147.89,0,0,147.89,0,147.89,0.00,147.89,0,147.89
5, Secretaria de Planejamento e Meio Ambiente,2,Gerência de Trânsito de Pomerode (Getran),175270050000,Rec. Vinc. ao Trânsito - Polícia Civil,890.670.961-72,MAIRA MIGUEL BILAR,9.72,0,0,9.72,9.72,0,0.00,0,0,0
5, Secretaria de Planejamento e Meio Ambiente,2,GETRAN - Gerencia de Transito de Pomerode,175270050000,Rec. Vinc. ao Trânsito - Polícia Civil,27.284.516/0001-61,MAXIFROTA SERVIÇOS DE MANUTENÇÃO DE FROTA LTDA,3000.00,0.00,0,1342.16,1342.16,0,0.00,1657.84,0,0
5, Secretaria de Planejamento e Meio Ambiente,2,GETRAN - Gerencia de Transito de Pomerode,175270050000,Rec. Vinc. ao Trânsito - Polícia Civil,83.029.587/0001-99,SANTA CLARA COMÉRCIO DE VEÍCULOS LTDA,757.08,0,0,757.08,0,757.08,0.00,757.08,0,757.08
5, Secretaria de Planejamento e Meio Ambiente,2,GETRAN - Gerencia de Transito de Pomerode,175270050000,Rec. Vinc. ao Trânsito - Polícia Civil,33.683.111/0002-80,SERVIÇO FEDERAL DE PROCESSAMENTO DE DADOS (SERPRO),164.46,0,0,164.46,0,164.46,0.00,164.46,0,164.46
5, Secretaria de Planejamento e Meio Ambiente,2,GETRAN - Gerencia de Transito de Pomerode,175270050000,Rec. Vinc. ao Trânsito - Polícia Civil,37.143.430/0001-72,TSI CENTRO AUTOMOTIVO LTDA,7.58,0,0,7.58,0,7.58,0.00,7.58,0,7.58
5, Secretaria de Planejamento e Meio Ambiente,2,GETRAN - Gerencia de Transito de Pomerode,175270050000,Rec. Vinc. ao Trânsito - Polícia Civil,02.255.187/0001-08,UNIFIQUE TELECOMUNICAÇÕES S/A,3862.40,0.00,0,482.80,0,482.80,0.00,3862.40,0,482.80
5, Secretaria de Planejamento e Meio Ambiente,2,GETRAN - Gerencia de Transito de Pomerode,175270060000,Rec. Vinc. ao Trânsito - Prefeitura,08.336.783/0001-90,CELESC DISTRIBUICAO S.A,10349.21,0.00,0,945.69,0,945.69,0.00,10349.21,0,945.69
5, Secretaria de Planejamento e Meio Ambiente,2,GETRAN - Gerencia de Transito de Pomerode,175270060000,Rec. Vinc. ao Trânsito - Prefeitura,84.584.556/0014-87,DE MARCO LTDA,2164.68,0,0,2164.68,0,2164.68,0.00,2164.68,0,2164.68
5, Secretaria de Planejamento e Meio Ambiente,2,GETRAN - Gerencia de Transito de Pomerode,175270060000,Rec. Vinc. ao Trânsito - Prefeitura,23.604.388/0001-35,E. L WESTPHAL SINALIZACOES VIARIAS LTDA,240215.00,0.00,0,76075.80,76075.80,0,0.00,164139.20,0,0
5, Secretaria de Planejamento e Meio Ambiente,2,GETRAN - Gerencia de Transito de Pomerode,175270060000,Rec. Vinc. ao Trânsito - Prefeitura,93.315.190/0001-17,ELISEU KOPP & CIA. LTDA.,799999.39,0.00,0,0.04,0,0,0.04,799999.35,0,0
5, Secretaria de Planejamento e Meio Ambiente,2,Gerência de Trânsito de Pomerode (Getran),175270060000,Rec. Vinc. ao Trânsito - Prefeitura,890.670.961-72,MAIRA MIGUEL BILAR,77.78,0,0,77.78,77.78,0,0.00,0,0,0
5, Secretaria de Planejamento e Meio Ambiente,2,GETRAN - Gerencia de Transito de Pomerode,175270060000,Rec. Vinc. ao Trânsito - Prefeitura,21.136.333/0001-12,SA ELETRICA INDUSTRIAL LTDA,2895.00,0,0,2895.00,0,0,2895.00,0,0,0
5, Secretaria de Planejamento e Meio Ambiente,2,GETRAN - Gerencia de Transito de Pomerode,175270060000,Rec. Vinc. ao Trânsito - Prefeitura,33.683.111/0002-80,SERVIÇO FEDERAL DE PROCESSAMENTO DE DADOS (SERPRO),17293.90,0.00,0,1315.72,0,1315.72,0.00,17293.90,0,1315.72
5, Secretaria de Planejamento e Meio Ambiente,2,GETRAN - Gerencia de Transito de Pomerode,175270060000,Rec. Vinc. ao Trânsito - Prefeitura,35.605.748/0001-00,TRANSPORTE E TURISMO CONTINI LTDA,644.48,0,0,644.48,0,644.48,0.00,644.48,0,644.48
5, Secretaria de Planejamento e Meio Ambiente,2,GETRAN - Gerencia de Transito de Pomerode,250070000000,Recursos não vinculados de Impostos,29.979.036/0001-40,INSS- INSTITUTO NACIONAL DO SEGURO SOCIAL,1810.55,1810.55,0,0.00,0,0,0.00,1810.55,1810.55,0
5, Secretaria de Planejamento e Meio Ambiente,2,GETRAN - Gerencia de Transito de Pomerode,275270050000,Recursos Vinculados ao Trânsito - Polícia Civil,37.143.430/0002-53,TSI CENTRO AUTOMOTIVO LTDA,10.00,0,0,10.00,10.00,0,0.00,0,0,0
5, Secretaria de Planejamento e Meio Ambiente,2,GETRAN - Gerencia de Transito de Pomerode,275270060000,Recursos Vinculados ao Trânsito - Prefeitura,80.964.216/0001-06,AUTO ELETRICA KURI LTDA,237.00,0,0,237.00,237.00,0,0.00,0,0,0
5, Secretaria de Planejamento e Meio Ambiente,2,GETRAN - Gerencia de Transito de Pomerode,275270060000,Recursos Vinculados ao Trânsito - Prefeitura,22.434.514/0001-98,C L ABREU JUNIOR LTDA,75984.00,0.00,0,2784.00,0,0,2784.00,73200.00,0,0
5, Secretaria de Planejamento e Meio Ambiente,2,GETRAN - Gerencia de Transito de Pomerode,275270060000,Recursos Vinculados ao Trânsito - Prefeitura,84.584.556/0014-87,DE MARCO LTDA,1149.72,0,0,1149.72,0,1149.72,0.00,1149.72,0,1149.72
5, Secretaria de Planejamento e Meio Ambiente,2,GETRAN - Gerencia de Transito de Pomerode,275270060000,Recursos Vinculados ao Trânsito - Prefeitura,86.910.148/0001-89,DIBRAPE - DISTRIBUIDORA BRASILEIRA DE PETRÓLEO LTDA,27025.00,0.00,0,787.75,0,787.75,0.00,27025.00,0,787.75
5, Secretaria de Planejamento e Meio Ambiente,2,GETRAN - Gerencia de Transito de Pomerode,275270060000,Recursos Vinculados ao Trânsito - Prefeitura,23.604.388/0001-35,E. L WESTPHAL SINALIZACOES VIARIAS LTDA,367533.00,0.00,0,83135.00,83135.00,0,0.00,284398.00,0,0
5, Secretaria de Planejamento e Meio Ambiente,2,GETRAN - Gerencia de Transito de Pomerode,275270060000,Recursos Vinculados ao Trânsito - Prefeitura,901.151.048-87,FRANCISCO JEFERSON LOPONI,3349.20,0.00,0,669.84,669.84,0,0.00,2679.36,0,0
5, Secretaria de Planejamento e Meio Ambiente,2,GETRAN - Gerencia de Transito de Pomerode,275270060000,Recursos Vinculados ao Trânsito - Prefeitura,29.979.036/0001-40,INSS- INSTITUTO NACIONAL DO SEGURO SOCIAL,133.96,133.96,0,0.00,0,0,0.00,133.96,133.96,0
5, Secretaria de Planejamento e Meio Ambiente,2,GETRAN - Gerencia de Transito de Pomerode,275270060000,Recursos Vinculados ao Trânsito - Prefeitura,03.287.173/0001-20,MOTOSUPER COMÉRCIO E IMPORTAÇÃO LTDA,133056.94,0,0,133056.94,0,133056.94,0.00,133056.94,0,133056.94
5, Secretaria de Planejamento e Meio Ambiente,2,GETRAN - Gerencia de Transito de Pomerode,275270060000,Recursos Vinculados ao Trânsito - Prefeitura,26.262.878/0001-99,PGO ENGENHARIA LTDA,19435.60,0,0,19435.60,0,19435.60,0.00,19435.60,0,19435.60
5, Secretaria de Planejamento e Meio Ambiente,2,GETRAN - Gerencia de Transito de Pomerode,275270060000,Recursos Vinculados ao Trânsito - Prefeitura,09.505.958/0002-90,SCHWAB COMERCIO DE PNEUS LTDA,956.00,0,0,956.00,0,956.00,0.00,956.00,0,956.00
5, Secretaria de Planejamento e Meio Ambiente,2,GETRAN - Gerencia de Transito de Pomerode,275270060000,Recursos Vinculados ao Trânsito - Prefeitura,47.024.084/0001-67,SHARK DO BRASIL LTDA,107985.00,0,0,107985.00,0,0,107985.00,0,0,0
5, Secretaria de Planejamento e Meio Ambiente,2,GETRAN - Gerencia de Transito de Pomerode,275270060000,Recursos Vinculados ao Trânsito - Prefeitura,26.044.069/0001-00,SOMA ATACADO LTDA,226.20,0,0,226.20,0,226.20,0.00,226.20,0,226.20
5, Secretaria de Planejamento e Meio Ambiente,2,GETRAN - Gerencia de Transito de Pomerode,275270060000,Recursos Vinculados ao Trânsito - Prefeitura,21.613.975/0001-65,TECNOBLU COMÉRCIO DE REFRIGERAÇÃO LTDA,1189.92,0,0,1189.92,0,1189.92,0.00,1189.92,0,1189.92
5, Secretaria de Planejamento e Meio Ambiente,2,GETRAN - Gerencia de Transito de Pomerode,275270060000,Recursos Vinculados ao Trânsito - Prefeitura,37.143.430/0001-72,TSI CENTRO AUTOMOTIVO LTDA,1211.74,0,0,1211.74,0,0,1211.74,0,0,0
5, Secretaria de Planejamento e Meio Ambiente,2,GETRAN - Gerencia de Transito de Pomerode,275270060000,Recursos Vinculados ao Trânsito - Prefeitura,455.397.589-00,YHON CESAR SILVA,3349.20,0.00,0,669.84,669.84,0,0.00,2679.36,0,0
5, Secretaria de Planejamento e Meio Ambiente,3,FMMA - Fundo Municipal do Meio Ambiente,150070000000,Recursos não vinculados de Impostos,03.939.423/0001-60,FLOHR MADEIRAS LTDA,1680.00,0.00,0,240.00,0,0,240.00,1440.00,0,0
5, Secretaria de Planejamento e Meio Ambiente,3,FMMA - Fundo Municipal do Meio Ambiente,150170000500, FMMA - Taxas de Licenças Ambientais (Outros Rec. Não Vinc.),29.935.857/0001-85,ALFAGEO CONSULTORIA E SERVIÇOS GEOLOGICOS LTDA,17642.50,0.00,0,129.75,129.75,0,0.00,17512.75,0,0
5, Secretaria de Planejamento e Meio Ambiente,3,FMMA - Fundo Municipal do Meio Ambiente,150170000500, FMMA - Taxas de Licenças Ambientais (Outros Rec. Não Vinc.),85.460.079/0001-96,EMPRESA DE TRANSPORTE COLETIVO VOLKMANN LTDA,448.25,0,0,448.25,448.25,0,0.00,0,0,0
5, Secretaria de Planejamento e Meio Ambiente,3,FMMA - Fundo Municipal do Meio Ambiente,150170000500, FMMA - Taxas de Licenças Ambientais (Outros Rec. Não Vinc.),12.496.490/0001-48,QUARK ENGENHARIA LTDA,40000.00,0,0,40000.00,0,0,40000.00,0,0,0
5, Secretaria de Planejamento e Meio Ambiente,3,FMMA - Fundo Municipal do Meio Ambiente,250170000500,FMMA - Taxas de Licenças Ambientais (Outros Rec. Não Vinc.),21.347.557/0001-73,HSENG ENGENHARIA LTDA,136080.00,0,0,136080.00,0,123647.82,12432.18,123647.82,0,123647.82
5, Secretaria de Planejamento e Meio Ambiente,3,FMMA - Fundo Municipal do Meio Ambiente,250170000500,FMMA - Taxas de Licenças Ambientais (Outros Rec. Não Vinc.),12.496.490/0001-48,QUARK ENGENHARIA LTDA,79039.92,0,0,79039.92,0,0,79039.92,0,0,0
6,Secretaria de Gestão Administrativa e Fazendária,1,Secretaria de Gestão Administrativa e Fazendária,150070000000,Recursos não vinculados de Impostos,27.192.258/0001-93,C. C. GALLO SEGURANÇA ELETRÔNICA,14000.00,0.00,0,4000.00,0,4000.00,0.00,14000.00,0,4000.00
6,Secretaria de Gestão Administrativa e Fazendária,1,Secretaria de Gestão Administrativa e Fazendária,150070000000,Recursos não vinculados de Impostos,08.336.783/0001-90,CELESC DISTRIBUICAO S.A,6999.76,0.00,0,653.79,0,653.79,0.00,6999.76,0,653.79
6,Secretaria de Gestão Administrativa e Fazendária,1,Secretaria de Gestão Administrativa e Fazendária,150070000000,Recursos não vinculados de Impostos,04.310.564/0001-81,CENTRO DE INTEGRAÇÃO EMPRESA ESCOLA DO ESTADO DE SANTA CATARINA - CIEE/SC,6263.88,0.00,0,1806.70,0,1806.70,0.00,6263.88,0,1806.70
6,Secretaria de Gestão Administrativa e Fazendária,1,Secretaria de Gestão Administrativa e Fazendária,150070000000,Recursos não vinculados de Impostos,17.250.884/0001-35,DEISE BENNERT & CIA LTDA,85486.56,0.00,0,7123.88,0,7123.88,0.00,85486.56,0,7123.88
6, Secretaria de Administração e Fazenda,1, Secretaria de Administração e Fazenda,150070000000,Recursos não vinculados de Impostos,00.750.862/0001-31,DISTRIBUIDORA NOVA ESPERANÇA LTDA EPP,395.15,359.90,0,0.00,0,0,359.90,35.25,0,0
6,Secretaria de Gestão Administrativa e Fazendária,1,Secretaria de Gestão Administrativa e Fazendária,150070000000,Recursos não vinculados de Impostos,15.644.251/0001-86,GMAES TELECOM LTDA,13650.00,0.00,0,7689.50,0,0,7689.50,5960.50,0,0
6,Secretaria de Gestão Administrativa e Fazendária,1,Secretaria de Gestão Administrativa e Fazendária,150070000000,Recursos não vinculados de Impostos,29.979.036/0001-40,INSS- INSTITUTO NACIONAL DO SEGURO SOCIAL,13760.03,13760.03,0,0.00,0,0,0.00,13760.03,13760.03,0
6,Secretaria de Gestão Administrativa e Fazendária,1,Secretaria de Gestão Administrativa e Fazendária,150070000000,Recursos não vinculados de Impostos,45.290.045/0001-86,"INSTITUTO DE ESTUDOS, PESQUISA E PROJETOS - INSTITUTO FUCAP",6361.67,0,0,6361.67,0,6361.67,0.00,6361.67,0,6361.67
6,Secretaria de Gestao Administrativa e Fazendaria,1,SEGAF - Secretaria de Gestao Administrativa e Fazendaria,150070000000,Recursos não vinculados de Impostos,01.258.027/0003-03,IPM SISTEMAS LTDA,81480.00,0.00,0,1065.24,0,0,1065.24,80414.76,0,0
6,Secretaria de Gestão Administrativa e Fazendária,1,Secretaria de Gestão Administrativa e Fazendária,150070000000,Recursos não vinculados de Impostos,01.258.027/0003-03,IPM SISTEMAS LTDA,46228.22,0.00,0,8797.73,0,0,8797.73,37430.49,0,0
6,Secretaria de Gestão Administrativa e Fazendária,1,Secretaria de Gestão Administrativa e Fazendária,150070000000,Recursos não vinculados de Impostos,38.613.730/0001-30,JM PAPELARIA LTDA,86.40,0,0,86.40,0,86.40,0.00,86.40,0,86.40
6,Secretaria de Gestão Administrativa e Fazendária,1,Secretaria de Gestão Administrativa e Fazendária,150070000000,Recursos não vinculados de Impostos,028.852.334-27,MARCELA MENDONCA SILVA,15653.49,14268.90,0,0.00,0,0,14268.90,1384.59,0,0
6,Secretaria de Gestão Administrativa e Fazendária,1,Secretaria de Gestão Administrativa e Fazendária,150070000000,Recursos não vinculados de Impostos,00.394.460/0001-41,MINISTERIO DA ECONOMIA,200000.00,0,0,200000.00,0,200000.00,0.00,200000.00,0,200000.00
6,Secretaria de Gestão Administrativa e Fazendária,1,Secretaria de Gestão Administrativa e Fazendária,150070000000,Recursos não vinculados de Impostos,37.115.367/0001-60,MINISTERIO DO TRABALHO - MTE,339.53,252.93,0,0.00,0,0,0.00,339.53,252.93,0
6,Secretaria de Gestão Administrativa e Fazendária,1,Secretaria de Gestão Administrativa e Fazendária,150070000000,Recursos não vinculados de Impostos,50.675.079/0001-29,POMERWASSER AMBIENTAL S.P.E. S.A.,1105.96,0.00,0,91.76,0,91.76,0.00,1105.96,0,91.76
6,Secretaria de Gestão Administrativa e Fazendária,1,Secretaria de Gestão Administrativa e Fazendária,150070000000,Recursos não vinculados de Impostos,82.997.446/0001-05,RS DISTRIBUIDORA E COMERCIO LTDA,695.60,0,0,695.60,0,695.60,0.00,695.60,0,695.60
6,Secretaria de Gestão Administrativa e Fazendária,1,Secretaria de Gestão Administrativa e Fazendária,150070000000,Recursos não vinculados de Impostos,023.523.660-89,TALES VIEBRANTZ FERNANDES,700.00,0,0,700.00,0,0,700.00,0,0,0
6, Secretaria de Administração e Fazenda,1, Secretaria de Administração e Fazenda,250070000000,Recursos não vinculados de Impostos,22.007.320/0001-06,22.007.320 LAURINO HOEFT,245.00,245.00,0,0.00,0,0,245.00,0,0,0
6,Secretaria de Gestão Administrativa e Fazendária,1,Secretaria de Gestão Administrativa e Fazendária,250070000000,Recursos não vinculados de Impostos,22.609.215/0001-47,ALFA LICITACOES LTDA,1698.00,0,0,1698.00,0,1698.00,0.00,1698.00,0,1698.00
6,Secretaria de Gestão Administrativa e Fazendária,1,Secretaria de Gestão Administrativa e Fazendária,250070000000,Recursos não vinculados de Impostos,58.530.679/0001-00,ALPHA GLOBAL COMERCIO LTDA,108.00,0,0,108.00,0,108.00,0.00,108.00,0,108.00
6,Secretaria de Gestão Administrativa e Fazendária,1,Secretaria de Gestão Administrativa e Fazendária,250070000000,Recursos não vinculados de Impostos,29.164.997/0001-05,BELZ IMÓVEIS LTDA,140.00,0,0,140.00,0,0,140.00,0,0,0
6,Secretaria de Gestão Administrativa e Fazendária,1,Secretaria de Gestão Administrativa e Fazendária,250070000000,Recursos não vinculados de Impostos,00.360.305/1880-73,CAIXA ECONOMICA FEDERAL,89.00,89.00,89.00,0.00,0,0,0.00,0,0,0
6,Secretaria de Gestão Administrativa e Fazendária,1,Secretaria de Gestão Administrativa e Fazendária,250070000000,Recursos não vinculados de Impostos,32.807.594/0001-33,CAMILA SYPRIANY FRARE - AVALIART,140.00,0,0,140.00,0,0,140.00,0,0,0
6,Secretaria de Gestão Administrativa e Fazendária,1,Secretaria de Gestão Administrativa e Fazendária,250070000000,Recursos não vinculados de Impostos,17.354.297/0001-96,CASP ONLINE TREINAMENTOS LTDA,1990.00,0,0,1990.00,0,1990.00,0.00,1990.00,0,1990.00
6,Secretaria de Gestão Administrativa e Fazendária,1,Secretaria de Gestão Administrativa e Fazendária,250070000000,Recursos não vinculados de Impostos,86.910.148/0001-89,DIBRAPE - DISTRIBUIDORA BRASILEIRA DE PETRÓLEO LTDA,5750.00,0.00,0,3306.25,0,3306.25,0.00,5750.00,0,3306.25
6,Secretaria de Gestão Administrativa e Fazendária,1,Secretaria de Gestão Administrativa e Fazendária,250070000000,Recursos não vinculados de Impostos,47.799.315/0001-04,ELAINE CRISTINA R C DE RESENDE SERVIÇOS DE ENGENHARIA LTDA,1680.00,0,0,1680.00,0,0,1680.00,0,0,0
6,Secretaria de Gestão Administrativa e Fazendária,1,Secretaria de Gestão Administrativa e Fazendária,250070000000,Recursos não vinculados de Impostos,10.749.284/0001-77,EZCUZÊ AGÊNCIA DE PUBLICIDADE E PROPAGANDA LTDA,96.36,0,0,96.36,0,0,96.36,0,0,0
6,Secretaria de Gestão Administrativa e Fazendária,1,Secretaria de Gestão Administrativa e Fazendária,250070000000,Recursos não vinculados de Impostos,86.445.293/0001-36,FUNDAÇÃO INOVERSASUL,570000.00,0,0,570000.00,0,274801.40,295198.60,274801.40,0,274801.40
6,Secretaria de Gestão Administrativa e Fazendária,1,Secretaria de Gestão Administrativa e Fazendária,250070000000,Recursos não vinculados de Impostos,09.391.371/0001-16,GEOMAIS GEOTECNOLOGIA LTDA,304879.55,0.00,0,92946.38,0,92946.38,0.00,304879.55,0,92946.38
6,Secretaria de Gestão Administrativa e Fazendária,1,Secretaria de Gestão Administrativa e Fazendária,250070000000,Recursos não vinculados de Impostos,28.474.582/0001-67,IGAM SC CURSOS E CONSULTORIA LTDA,16988.40,0.00,0,1887.60,0,0,1887.60,15100.80,0,0
6,Secretaria de Gestão Administrativa e Fazendária,1,Secretaria de Gestão Administrativa e Fazendária,250070000000,Recursos não vinculados de Impostos,30.971.967/0001-81,"INOVARE DESIGN DE MÓVEIS, CONSTRUTORA, COMÉRCIO E SERVIÇOS LTDA",640.00,0,0,640.00,0,0,640.00,0,0,0
6,Secretaria de Gestão Administrativa e Fazendária,1,Secretaria de Gestão Administrativa e Fazendária,250070000000,Recursos não vinculados de Impostos,36.225.268/0001-79,INSTALAR INSTALAÇÃO E MANUTENÇÃO LTDA,351.68,0,0,351.68,0,351.68,0.00,351.68,0,351.68
6,Secretaria de Gestão Administrativa e Fazendária,1,Secretaria de Gestão Administrativa e Fazendária,250070000000,Recursos não vinculados de Impostos,45.290.045/0001-86,"INSTITUTO DE ESTUDOS, PESQUISA E PROJETOS - INSTITUTO FUCAP",178138.33,0,0,178138.33,0,178138.33,0.00,178138.33,0,178138.33
6,Secretaria de Gestao Administrativa e Fazendaria,1,SEGAF - Secretaria de Gestao Administrativa e Fazendaria,250070000000,Recursos não vinculados de Impostos,01.258.027/0003-03,IPM SISTEMAS LTDA,9490.38,0.00,0,7090.38,0,0,7090.38,2400.00,0,0
6,Secretaria de Gestão Administrativa e Fazendária,1,Secretaria de Gestão Administrativa e Fazendária,250070000000,Recursos não vinculados de Impostos,01.258.027/0003-03,IPM SISTEMAS LTDA,10325.30,0,0,10325.30,0,10325.30,0.00,10325.30,0,10325.30
6,Secretaria de Gestão Administrativa e Fazendária,1,Secretaria de Gestão Administrativa e Fazendária,250070000000,Recursos não vinculados de Impostos,53.553.859/0001-94,J R MACHADO IMP. E EXP LTDA,2699.00,0,0,2699.00,2699.00,0,0.00,0,0,0
6,Secretaria de Gestão Administrativa e Fazendária,1,Secretaria de Gestão Administrativa e Fazendária,250070000000,Recursos não vinculados de Impostos,37.692.602/0001-67,LAVORO SOLUÇÕES AVANÇADAS LTDA,50000.00,0.00,0,16600.94,0,11156.04,6031.14,43968.86,0,10569.80
6,Secretaria de Gestão Administrativa e Fazendária,1,Secretaria de Gestão Administrativa e Fazendária,250070000000,Recursos não vinculados de Impostos,54.960.622/0001-90,MOBILIA URBANA COMÉRCIO E SERVIÇOS LTDA,725.00,0,0,725.00,0,725.00,0.00,725.00,0,725.00
6,Secretaria de Gestão Administrativa e Fazendária,1,Secretaria de Gestão Administrativa e Fazendária,250070000000,Recursos não vinculados de Impostos,79.227.963/0014-05,NC COMUNICAÇÕES S/A,385.46,0,0,385.46,0,0,385.46,0,0,0
6,Secretaria de Gestão Administrativa e Fazendária,1,Secretaria de Gestão Administrativa e Fazendária,250070000000,Recursos não vinculados de Impostos,44.649.812/0001-38,NOTRE DAME INTERMÉDICA SAÚDE S.A.,30381.83,26105.54,0,4276.29,0,1700.00,28704.75,1677.08,0,1677.08
6,Secretaria de Gestão Administrativa e Fazendária,1,Secretaria de Gestão Administrativa e Fazendária,250070000000,Recursos não vinculados de Impostos,21.873.370/0001-03,PERFORM TECNOLOGIA LTDA,7960.85,0,0,7960.85,0,0,7960.85,0,0,0
6,Secretaria de Gestão Administrativa e Fazendária,1,Secretaria de Gestão Administrativa e Fazendária,250070000000,Recursos não vinculados de Impostos,46.206.780/0001-21,POMERMED LTDA,87.50,0,0,87.50,0,87.50,0.00,87.50,0,87.50
6,Secretaria de Gestão Administrativa e Fazendária,1,Secretaria de Gestão Administrativa e Fazendária,250070000000,Recursos não vinculados de Impostos,50.675.079/0001-29,POMERWASSER AMBIENTAL S.P.E. S.A.,2756.89,0.00,0,1158.41,0,1158.41,0.00,2756.89,0,1158.41
6,Secretaria de Gestão Administrativa e Fazendária,1,Secretaria de Gestão Administrativa e Fazendária,250070000000,Recursos não vinculados de Impostos,00.736.251/0001-39,QUALICOPY SERVIÇOS E COMÉRCIO LTDA,4000.00,0.00,0,3042.00,0,55.50,2986.50,1013.50,0,55.50
6,Secretaria de Gestão Administrativa e Fazendária,1,Secretaria de Gestão Administrativa e Fazendária,250070000000,Recursos não vinculados de Impostos,07.448.130/0001-30,SELL MADEIRAS E GUINDASTES LTDA,537.00,0,0,537.00,0,537.00,0.00,537.00,0,537.00
6,Secretaria de Gestão Administrativa e Fazendária,1,Secretaria de Gestão Administrativa e Fazendária,250070000000,Recursos não vinculados de Impostos,02.255.187/0001-08,UNIFIQUE TELECOMUNICAÇÕES S/A,1738.08,0.00,0,482.80,0,482.80,0.00,1738.08,0,482.80
6,Secretaria de Gestão Administrativa e Fazendária,1,Secretaria de Gestão Administrativa e Fazendária,250070000000,Recursos não vinculados de Impostos,00.642.431/0001-51,VASTA TECNOLOGIA LTDA,2100.00,0,0,2100.00,0,0,2100.00,0,0,0
6,Secretaria de Gestão Administrativa e Fazendária,1,Secretaria de Gestão Administrativa e Fazendária,250170000000,Outros Recursos não Vinculados,02.255.187/0001-08,UNIFIQUE TELECOMUNICAÇÕES S/A,19164.20,0.00,0,14959.05,0,14959.05,0.00,19164.20,0,14959.05
6,Secretaria de Gestão Administrativa e Fazendária,1,Secretaria de Gestão Administrativa e Fazendária,250170000001, Recurso Concessão SAMAE,34.028.316/0028-23,EMPRESA BRASILEIRA DE CORREIOS E TELEGRAFOS,31894.84,0.00,0,12692.96,0,12692.96,0.00,31894.84,0,12692.96
6,Secretaria de Gestão Administrativa e Fazendária,1,Secretaria de Gestão Administrativa e Fazendária,250170000001, Recurso Concessão SAMAE,86.445.293/0001-36,FUNDAÇÃO INOVERSASUL,5000.00,0,0,5000.00,0,5000.00,0.00,5000.00,0,5000.00
6,Secretaria de Gestão Administrativa e Fazendária,1,Secretaria de Gestão Administrativa e Fazendária,250170000001, Recurso Concessão SAMAE,14.284.430/0001-97,"FUNDO DE MATERIAIS, PUBLICAÇÕES E IMPRESSOS OFICIAIS SC",2521.76,0,0,2521.76,0,2521.76,0.00,2521.76,0,2521.76
6,Secretaria de Gestão Administrativa e Fazendária,1,Secretaria de Gestão Administrativa e Fazendária,250170000001, Recurso Concessão SAMAE,29.979.036/0001-40,INSS- INSTITUTO NACIONAL DO SEGURO SOCIAL,28.00,28.00,0,0.00,0,0,0.00,28.00,28.00,0
6,Secretaria de Gestão Administrativa e Fazendária,1,Secretaria de Gestão Administrativa e Fazendária,250170000001, Recurso Concessão SAMAE,01.258.027/0003-03,IPM SISTEMAS LTDA,27579.95,0,0,27579.95,0,21681.89,5898.06,21681.89,0,21681.89
6,Secretaria de Gestão Administrativa e Fazendária,1,Secretaria de Gestão Administrativa e Fazendária,250170000001, Recurso Concessão SAMAE,44.649.812/0001-38,NOTRE DAME INTERMÉDICA SAÚDE S.A.,28392.05,24707.15,0,3684.90,0,0,28392.05,0,0,0
6,Secretaria de Gestão Administrativa e Fazendária,1,Secretaria de Gestão Administrativa e Fazendária,250170000001, Recurso Concessão SAMAE,95.855.078/0001-02,PANIFICADORA E CONFEITARIA DONA ELLA LTDA,556.86,0,0,556.86,0,556.86,0.00,556.86,0,556.86
6,Secretaria de Gestão Administrativa e Fazendária,1,Secretaria de Gestão Administrativa e Fazendária,250170000001, Recurso Concessão SAMAE,26.262.878/0001-99,PGO ENGENHARIA LTDA,560.00,0,0,560.00,0,560.00,0.00,560.00,0,560.00
6,Secretaria de Gestão Administrativa e Fazendária,1,Secretaria de Gestão Administrativa e Fazendária,250170000001, Recurso Concessão SAMAE,00.736.251/0001-39,QUALICOPY SERVIÇOS E COMÉRCIO LTDA,480.00,0,0,480.00,0,0,480.00,0,0,0
6,Secretaria de Gestão Administrativa e Fazendária,1,Secretaria de Gestão Administrativa e Fazendária,250170000001, Recurso Concessão SAMAE,37.143.430/0001-72,TSI CENTRO AUTOMOTIVO LTDA,56.00,0,0,56.00,0,56.00,0.00,56.00,0,56.00
6,Secretaria de Gestão Administrativa e Fazendária,2,FUNREBOM - Fundo de Reequipamento do Corpo de Bombeiros Militar,150170000900,LC Nº 370/2019 - Corpo de Bombeiros Voluntários (60%) (Outros Rec. Não Vinc.),45.594.755/0001-08,POMERODE PLACAS AUTOMOTIVAS LTDA,240.00,0,0,240.00,0,0,240.00,0,0,0
6,Secretaria de Gestão Administrativa e Fazendária,2,FUNREBOM - Fundo de Reequipamento do Corpo de Bombeiros Militar,150170001000,LC Nº 370/2019 - FUNREBOM (40%) (Outros Rec. Não Vinc.),73.597.056/0001-49,CAPOTAS UNIÃO LTDA EPP,10690.00,0,0,10690.00,0,10690.00,0.00,10690.00,0,10690.00
6,Secretaria de Gestão Administrativa e Fazendária,2,FUNREBOM - Fundo de Reequipamento do Corpo de Bombeiros Militar,150170001000,LC Nº 370/2019 - FUNREBOM (40%) (Outros Rec. Não Vinc.),86.910.148/0001-89,DIBRAPE - DISTRIBUIDORA BRASILEIRA DE PETRÓLEO LTDA,3450.00,0.00,0,517.50,0,517.50,0.00,3450.00,0,517.50
6,Secretaria de Gestão Administrativa e Fazendária,2,FUNREBOM - Fundo de Reequipamento do Corpo de Bombeiros Militar,150170001000,LC Nº 370/2019 - FUNREBOM (40%) (Outros Rec. Não Vinc.),09.316.105/0001-29,FRIOVIX COMERCIO DE REFRIGERAÇÃO LTDA,7037.80,0,0,7037.80,0,7037.80,0.00,7037.80,0,7037.80
6,Secretaria de Gestão Administrativa e Fazendária,2,FUNREBOM - Fundo de Reequipamento do Corpo de Bombeiros Militar,150170001000,LC Nº 370/2019 - FUNREBOM (40%) (Outros Rec. Não Vinc.),03.277.259/0001-72,GUMZ COMERCIO E INDUSTRIA LTDA,279.80,0.00,0,125.91,0,63.96,61.95,217.85,0,63.96
6,Secretaria de Gestão Administrativa e Fazendária,2,FUNREBOM - Fundo de Reequipamento do Corpo de Bombeiros Militar,150170001000,LC Nº 370/2019 - FUNREBOM (40%) (Outros Rec. Não Vinc.),32.129.341/0001-58,PRANA COMÉRCIO DE PNEUS E SERVIÇOS LTDA,60.00,0,0,60.00,0,0,60.00,0,0,0
6,Secretaria de Gestão Administrativa e Fazendária,2,FUNREBOM - Fundo de Reequipamento do Corpo de Bombeiros Militar,150170001000,LC Nº 370/2019 - FUNREBOM (40%) (Outros Rec. Não Vinc.),02.255.187/0001-08,UNIFIQUE TELECOMUNICAÇÕES S/A,3862.40,0.00,0,482.80,0,482.80,0.00,3862.40,0,482.80
6,Secretaria de Gestão Administrativa e Fazendária,2,FUNREBOM - Fundo de Reequipamento do Corpo de Bombeiros Militar,250170000900,LC Nº 370/2019 - Corpo de Bombeiros Voluntários (60%) (Outros Rec. Não Vinc.),53.553.859/0001-94,J R MACHADO IMP. E EXP LTDA,9378.00,0,0,9378.00,0,9378.00,0.00,9378.00,0,9378.00
7,Secretaria de Educação e Formação Empreendedora,1,Educacao Infantil,150010010000,Educação (25%): Recursos não vinculados de Impostos,19.555.146/0001-21,2B DISTRIBUIDORA LTDA,143.50,0,0,143.50,0,143.50,0.00,143.50,0,143.50
7,Secretaria de Educação e Formação Empreendedora,1,Educacao Infantil,150010010000,Educação (25%): Recursos não vinculados de Impostos,08.336.783/0001-90,CELESC DISTRIBUICAO S.A,222958.45,0.00,0,22461.48,0,22461.48,0.00,222958.45,0,22461.48
7,Secretaria de Educação e Formação Empreendedora,1,Educacao Infantil,150010010000,Educação (25%): Recursos não vinculados de Impostos,18.177.266/0001-70,CONECTA.COM TELECOMUNICAÇÕES E INFORMÁTICA LTDA,7400.00,0.00,0,828.66,828.66,0,0.00,6571.34,0,0
7,Secretaria de Educação e Formação Empreendedora,1,Educacao Infantil,150010010000,Educação (25%): Recursos não vinculados de Impostos,80.495.625/0001-00,CONFEITARIA TORTEN PARADIES LTDA,5686.53,0,0,5686.53,0,0,5686.53,0,0,0
7,Secretaria de Educação e Formação Empreendedora,1,Educacao Infantil,150010010000,Educação (25%): Recursos não vinculados de Impostos,84.935.865/0001-30,DUPAR S/A,227.40,0,0,227.40,0,0,227.40,0,0,0
7,Secretaria de Educação e Formação Empreendedora,1,Educacao Infantil,150010010000,Educação (25%): Recursos não vinculados de Impostos,72.114.903/0001-04,EXTIMBRÁS COMÉRCIO DE EXTINTORES LTDA,1338.00,0.00,0,270.00,270.00,0,0.00,1068.00,0,0
7,Secretaria de Educação e Formação Empreendedora,1,Educacao Infantil,150010010000,Educação (25%): Recursos não vinculados de Impostos,52.732.529/0001-01,FORMULA D'AGUA DISTRIBUIDORA LTDA,355.95,0,0,355.95,0,0,355.95,0,0,0
7,Secretaria de Educação e Formação Empreendedora,1,Educacao Infantil,150010010000,Educação (25%): Recursos não vinculados de Impostos,75.786.459/0001-61,IMPRESSORA MAYER LTDA,411.00,0,0,411.00,0,0,411.00,0,0,0
7, Secretaria de Educação e Formação Empreendedora,1, Secretaria de Educação e Formação Empreendedora,150010010000,Educação (25%): Recursos não vinculados de Impostos,29.979.036/0001-40,INSS- INSTITUTO NACIONAL DO SEGURO SOCIAL,129.40,129.40,0,0.00,0,0,129.40,0,0,0
7,Secretaria de Educação e Formação Empreendedora,1,Educacao Infantil,150010010000,Educação (25%): Recursos não vinculados de Impostos,29.979.036/0001-40,INSS- INSTITUTO NACIONAL DO SEGURO SOCIAL,26399.64,26399.64,0.28,0.00,0,0,0.00,26399.36,26399.36,0
7,Secretaria de Educação e Formação Empreendedora,1,Educacao Infantil,150010010000,Educação (25%): Recursos não vinculados de Impostos,36.225.268/0001-79,INSTALAR INSTALAÇÃO E MANUTENÇÃO LTDA,3239.94,0.00,0,1360.27,1349.59,0,10.68,1879.67,0,0
7,Secretaria de Educação e Formação Empreendedora,1,Educacao Infantil,150010010000,Educação (25%): Recursos não vinculados de Impostos,13.965.228/0001-68,JLM DISTRIBUIDORA BR LTDA,293.10,0,0,293.10,0,293.10,0.00,293.10,0,293.10
7,Secretaria de Educação e Formação Empreendedora,1,Educacao Infantil,150010010000,Educação (25%): Recursos não vinculados de Impostos,53.795.421/0001-12,M A F VILAS BOAS SERVICOS & CIA LTDA,27637.90,0.00,0,12426.10,438.20,11987.90,0.00,27199.70,0,11987.90
7,Secretaria de Educação e Formação Empreendedora,1,Educacao Infantil,150010010000,Educação (25%): Recursos não vinculados de Impostos,23.860.785/0001-78,MGI MASSARANDUBA COMERCIO VAREJISTA DE GÁS LTDA,41211.92,0.00,0,11491.49,5211.97,0,6279.52,29720.43,0,0
7,Secretaria de Educação e Formação Empreendedora,1,Educacao Infantil,150010010000,Educação (25%): Recursos não vinculados de Impostos,37.115.367/0001-60,MINISTERIO DO TRABALHO - MTE,24709.76,9344.95,0,0.00,0,0,64.98,24644.78,9279.97,0
7,Secretaria de Educação e Formação Empreendedora,1,Educacao Infantil,150010010000,Educação (25%): Recursos não vinculados de Impostos,45.747.626/0001-02,OTHALA COMERCIO LTDA,638.50,0,0,638.50,0,288.00,350.50,288.00,0,288.00
7,Secretaria de Educação e Formação Empreendedora,1,Educacao Infantil,150010010000,Educação (25%): Recursos não vinculados de Impostos,21.873.370/0001-03,PERFORM TECNOLOGIA LTDA,3305.55,0,0,3305.55,0,3305.55,0.00,3305.55,0,3305.55
7,Secretaria de Educação e Formação Empreendedora,1,Educacao Infantil,150010010000,Educação (25%): Recursos não vinculados de Impostos,05.460.642/0001-97,PERUZZO INDÚSTRIA GRÁFICA LTDA,17226.00,0,0,17226.00,0,17226.00,0.00,17226.00,0,17226.00
7,Secretaria de Educação e Formação Empreendedora,1,Educacao Infantil,150010010000,Educação (25%): Recursos não vinculados de Impostos,50.675.079/0001-29,POMERWASSER AMBIENTAL S.P.E. S.A.,20415.90,0.00,0,6954.02,0,6954.02,0.00,20415.90,0,6954.02
7,Secretaria de Educação e Formação Empreendedora,1,Educacao Infantil,150010010000,Educação (25%): Recursos não vinculados de Impostos,50.651.174/0001-92,PRINT ONE NEGOCIOS LTDA,48998.20,0,0,48998.20,0,48998.20,0.00,48998.20,0,48998.20
7,Secretaria de Educação e Formação Empreendedora,1,Educacao Infantil,150010010000,Educação (25%): Recursos não vinculados de Impostos,13.273.877/0001-06,SÃO BENTO ALIMENTOS E EVENTOS LTDA.,3762.00,0,0,3762.00,3762.00,0,0.00,0,0,0
7,Secretaria de Educação e Formação Empreendedora,1,Educacao Infantil,150010010000,Educação (25%): Recursos não vinculados de Impostos,39.655.478/0001-95,SEBOLD INDUSTRIA DE COSMETICOS LTDA,335.04,0,0,335.04,0,335.04,0.00,335.04,0,335.04
7,Secretaria de Educação e Formação Empreendedora,1,Educacao Infantil,150010010000,Educação (25%): Recursos não vinculados de Impostos,18.806.639/0001-24,SLM CONSTRUÇÕES E SERVIÇOS SUSTENTÁVEIS LTDA,103717.88,0.00,0,27649.68,5371.06,22278.62,0.00,98346.82,0,22278.62
7,Secretaria de Educação e Formação Empreendedora,1,Educacao Infantil,150010010000,Educação (25%): Recursos não vinculados de Impostos,11.118.645/0001-40,SPOTECH INFORMÁTICA CORAL LTDA,24.10,0,0,24.10,0,24.10,0.00,24.10,0,24.10
7,Secretaria de Educação e Formação Empreendedora,1,Educacao Infantil,150010010000,Educação (25%): Recursos não vinculados de Impostos,48.566.347/0001-22,TELES SOLUCOES EMPRESARIAIS LTDA,936.36,0,0,936.36,0,936.36,0.00,936.36,0,936.36
7,Secretaria de Educação e Formação Empreendedora,1,Educacao Infantil,150010010000,Educação (25%): Recursos não vinculados de Impostos,35.605.748/0001-00,TRANSPORTE E TURISMO CONTINI LTDA,3802.38,0.00,0,1603.80,498.96,0,1104.84,2198.58,0,0
7,Secretaria de Educação e Formação Empreendedora,1,Educacao Infantil,150010010000,Educação (25%): Recursos não vinculados de Impostos,02.255.187/0001-08,UNIFIQUE TELECOMUNICAÇÕES S/A,54288.08,0.00,0,6786.01,0,6786.01,0.00,54288.08,0,6786.01
7,Secretaria de Educação e Formação Empreendedora,1,Educacao Infantil,150070000000,Recursos não vinculados de Impostos,16.858.182/0001-76,A.V. COMÉRCIO ATACADISTA EIRELI,8579.84,0,0,8579.84,0,8579.84,0.00,8579.84,0,8579.84
7,Secretaria de Educação e Formação Empreendedora,1,Educacao Infantil,150070000000,Recursos não vinculados de Impostos,45.778.629/0001-03,B&B POLPA ORIGINAL LTDA,341.62,0,0,341.62,0,341.62,0.00,341.62,0,341.62
7,Secretaria de Educação e Formação Empreendedora,1,Educacao Infantil,150070000000,Recursos não vinculados de Impostos,80.413.479/0001-27,DISTRIBUIDORA DE ALIMENTOS OLIVEIRA LTDA,5745.41,0,0,5745.41,5745.41,0,0.00,0,0,0
7,Secretaria de Educação e Formação Empreendedora,1,Educacao Infantil,150070000000,Recursos não vinculados de Impostos,11.306.282/0001-76,D'LA COSTA COMERCIO DE PESCADOS LTDA,1840.32,0,0,1840.32,0,1840.32,0.00,1840.32,0,1840.32
7,Secretaria de Educação e Formação Empreendedora,1,Educacao Infantil,150070000000,Recursos não vinculados de Impostos,09.166.805/0001-84,JK COMERCIO DE FRUTAS E VERDURAS LTDA,13823.47,0,0,13823.47,84.73,13738.74,0.00,13738.74,0,13738.74
7,Secretaria de Educação e Formação Empreendedora,1,Educacao Infantil,150070000000,Recursos não vinculados de Impostos,32.250.669/0001-28,MANOI DISTRIBUIDORA DE ALIMENTOS LTDA,3865.72,0,0,3865.72,0,3865.72,0.00,3865.72,0,3865.72
7,Secretaria de Educação e Formação Empreendedora,1,Educacao Infantil,150070000000,Recursos não vinculados de Impostos,34.485.962/0001-08,ROMIL ALIMENTOS LTDA,3045.26,0,0,3045.26,0,3045.26,0.00,3045.26,0,3045.26
7,Secretaria de Educação e Formação Empreendedora,1,Educacao Infantil,154010700000, FUNDEB -  70% (aplic.profis),29.979.036/0001-40,INSS- INSTITUTO NACIONAL DO SEGURO SOCIAL,8536.67,8536.67,0,0.00,0,0,0.00,8536.67,8536.67,0
7,Secretaria de Educação e Formação Empreendedora,1,Educacao Infantil,154010700000, FUNDEB -  70% (aplic.profis),37.115.367/0001-60,MINISTERIO DO TRABALHO - MTE,4392.14,4392.14,0,0.00,0,0,0.00,4392.14,4392.14,0
7,Secretaria de Educação e Formação Empreendedora,2,Ensino Fundamental,150010010000,Educação (25%): Recursos não vinculados de Impostos,44.899.803/0001-03,3B COMERCIAL LTDA,2798.00,2798.00,0,0.00,0,0,0.00,2798.00,2798.00,0
7,Secretaria de Educação e Formação Empreendedora,2,Ensino Fundamental,150010010000,Educação (25%): Recursos não vinculados de Impostos,03.652.030/0003-32,CENTERMEDI-COMERCIO DE PRODUTOS HOSPITALARES LTDA,2967.00,0,0,2967.00,0,2967.00,0.00,2967.00,0,2967.00
7,Secretaria de Educação e Formação Empreendedora,2,Ensino Fundamental,150010010000,Educação (25%): Recursos não vinculados de Impostos,18.177.266/0001-70,CONECTA.COM TELECOMUNICAÇÕES E INFORMÁTICA LTDA,19500.00,0.00,0,6893.42,6893.42,0,0.00,12606.58,0,0
7,Secretaria de Educação e Formação Empreendedora,2,Ensino Fundamental,150010010000,Educação (25%): Recursos não vinculados de Impostos,05.135.881/0001-71,D.M. SYSTEM INFORMATICA LTDA,2400.00,0.00,0,720.00,720.00,0,0.00,1680.00,0,0
7,Secretaria de Educação e Formação Empreendedora,2,Ensino Fundamental,150010010000,Educação (25%): Recursos não vinculados de Impostos,85.460.079/0001-96,EMPRESA DE TRANSPORTE COLETIVO VOLKMANN LTDA,447283.60,0.00,0,59056.13,59056.13,0,0.00,388227.47,0,0
7,Secretaria de Educação e Formação Empreendedora,2,Ensino Fundamental,150010010000,Educação (25%): Recursos não vinculados de Impostos,72.114.903/0001-04,EXTIMBRÁS COMÉRCIO DE EXTINTORES LTDA,2577.00,0.00,0,442.50,442.50,0,0.00,2134.50,0,0
7,Secretaria de Educação e Formação Empreendedora,2,Ensino Fundamental,150010010000,Educação (25%): Recursos não vinculados de Impostos,40.811.541/0001-14,FACE ATTIVITA COMMERCIALE LTDA,3507.53,0,0,3507.53,0,0,3507.53,0,0,0
7,Secretaria de Educação e Formação Empreendedora,2,Ensino Fundamental,150010010000,Educação (25%): Recursos não vinculados de Impostos,28.706.488/0001-96,INOVA TECH INFORMÁTICA LTDA,3394.97,0,0,3394.97,0,3394.97,0.00,3394.97,0,3394.97
7,Secretaria de Educação e Formação Empreendedora,2,Ensino Fundamental,150010010000,Educação (25%): Recursos não vinculados de Impostos,36.225.268/0001-79,INSTALAR INSTALAÇÃO E MANUTENÇÃO LTDA,3574.10,0.00,0,2534.96,1194.96,0,1340.00,1039.14,0,0
7,Secretaria de Educação e Formação Empreendedora,2,Ensino Fundamental,150010010000,Educação (25%): Recursos não vinculados de Impostos,13.965.228/0001-68,JLM DISTRIBUIDORA BR LTDA,416.50,0,0,416.50,0,416.50,0.00,416.50,0,416.50
7,Secretaria de Educação e Formação Empreendedora,2,Ensino Fundamental,150010010000,Educação (25%): Recursos não vinculados de Impostos,38.613.730/0001-30,JM PAPELARIA LTDA,2965.30,1978.77,0,962.50,0,962.50,0.00,2965.30,1978.77,962.50
7,Secretaria de Educação e Formação Empreendedora,2,Ensino Fundamental,150010010000,Educação (25%): Recursos não vinculados de Impostos,28.086.462/0001-92,L&S COMERCIO DE PRODUTOS DE LIMPEZA,1320.00,1320.00,0,0.00,0,0,0.00,1320.00,1320.00,0
7,Secretaria de Educação e Formação Empreendedora,2,Ensino Fundamental,150010010000,Educação (25%): Recursos não vinculados de Impostos,37.673.034/0001-57,MA COMERCIO DE REFRIGERAÇÃO LTDA,3578.00,0,0,3578.00,0,0,3578.00,0,0,0
7,Secretaria de Educação e Formação Empreendedora,2,Ensino Fundamental,150010010000,Educação (25%): Recursos não vinculados de Impostos,83.157.032/0001-22,METROMED COM. DE MATERIAL MÉDICO HOSPITALAR LTDA,2148.00,2122.22,0,0.00,0,0,0.00,2148.00,2122.22,0
7,Secretaria de Educação e Formação Empreendedora,2,Ensino Fundamental,150010010000,Educação (25%): Recursos não vinculados de Impostos,18.780.623/0001-90,NOAR TURISMO LTDA,11521.52,0,0,11521.52,0,11521.52,0.00,11521.52,0,11521.52
7,Secretaria de Educação e Formação Empreendedora,2,Ensino Fundamental,150010010000,Educação (25%): Recursos não vinculados de Impostos,45.747.626/0001-02,OTHALA COMERCIO LTDA,500.80,0,0,500.80,0,500.80,0.00,500.80,0,500.80
7,Secretaria de Educação e Formação Empreendedora,2,Ensino Fundamental,150010010000,Educação (25%): Recursos não vinculados de Impostos,78.993.169/0001-87,PETROSKI CONSTRUTORA E INCORPORADORA LTDA,2497270.91,0.00,0,2033202.07,15511.69,971183.52,1116477.65,1365281.57,0,901212.73
7,Secretaria de Educação e Formação Empreendedora,2,Ensino Fundamental,150010010000,Educação (25%): Recursos não vinculados de Impostos,50.675.079/0001-29,POMERWASSER AMBIENTAL S.P.E. S.A.,220845.51,0.00,0,20669.87,0,20669.87,0.00,220845.51,0,20669.87
7,Secretaria de Educação e Formação Empreendedora,2,Ensino Fundamental,150010010000,Educação (25%): Recursos não vinculados de Impostos,22.637.568/0001-50,RDC PRESTADORA DE SERVICOS LTDA,14903.90,0,0,14903.90,0.60,14903.30,0.00,14903.30,0,14903.30
7,Secretaria de Educação e Formação Empreendedora,2,Ensino Fundamental,150010010000,Educação (25%): Recursos não vinculados de Impostos,82.997.446/0001-05,RS DISTRIBUIDORA E COMERCIO LTDA,1179.80,0,0,1179.80,0,1179.80,0.00,1179.80,0,1179.80
7,Secretaria de Educação e Formação Empreendedora,2,Ensino Fundamental,150010010000,Educação (25%): Recursos não vinculados de Impostos,39.655.478/0001-95,SEBOLD INDUSTRIA DE COSMETICOS LTDA,1563.84,0,0,1563.84,0,1563.84,0.00,1563.84,0,1563.84
7,Secretaria de Educação e Formação Empreendedora,2,Ensino Fundamental,150010010000,Educação (25%): Recursos não vinculados de Impostos,03.774.688/0029-56,SERVIÇO NACIONAL DE APRENDIZAGEM INDUSTRIAL,239377.77,0.00,0,79796.45,0,79790.66,5.79,239371.98,0,79790.66
7,Secretaria de Educação e Formação Empreendedora,2,Ensino Fundamental,150010010000,Educação (25%): Recursos não vinculados de Impostos,29.222.667/0001-10,SK MATERIAIS PARA ESCRITORIO LTDA,1360.00,0,0,1360.00,0,1360.00,0.00,1360.00,0,1360.00
7,Secretaria de Educação e Formação Empreendedora,2,Ensino Fundamental,150010010000,Educação (25%): Recursos não vinculados de Impostos,18.806.639/0001-24,SLM CONSTRUÇÕES E SERVIÇOS SUSTENTÁVEIS LTDA,79339.62,0,0,79339.62,919.14,78420.48,0.00,78420.48,0,78420.48
7,Secretaria de Educação e Formação Empreendedora,2,Ensino Fundamental,150010010000,Educação (25%): Recursos não vinculados de Impostos,48.566.347/0001-22,TELES SOLUCOES EMPRESARIAIS LTDA,2092.80,0,0,2092.80,0,2092.80,0.00,2092.80,0,2092.80
7,Secretaria de Educação e Formação Empreendedora,2,Ensino Fundamental,150010010000,Educação (25%): Recursos não vinculados de Impostos,02.255.187/0001-08,UNIFIQUE TELECOMUNICAÇÕES S/A,49352.80,0.00,0,6169.10,0,6169.10,0.00,49352.80,0,6169.10
7,Secretaria de Educação e Formação Empreendedora,2,Ensino Fundamental,154010700000, FUNDEB -  70% (aplic.profis),29.979.036/0001-40,INSS- INSTITUTO NACIONAL DO SEGURO SOCIAL,55467.51,53828.98,0,0.00,0,0,0.00,55467.51,53828.98,0
7,Secretaria de Educação e Formação Empreendedora,2,Ensino Fundamental,154010700000, FUNDEB -  70% (aplic.profis),37.115.367/0001-60,MINISTERIO DO TRABALHO - MTE,10124.38,9941.86,0,0.00,0,0,0.00,10124.38,9941.86,0
7,Secretaria de Educação e Formação Empreendedora,2,Ensino Fundamental,154070000000,FUNDEB - 30% (aplic.outras),29.979.036/0001-40,INSS- INSTITUTO NACIONAL DO SEGURO SOCIAL,3086.69,3086.69,0,0.00,0,0,0.00,3086.69,3086.69,0
7,Secretaria de Educação e Formação Empreendedora,2,Ensino Fundamental,154070000000,FUNDEB - 30% (aplic.outras),37.115.367/0001-60,MINISTERIO DO TRABALHO - MTE,1699.58,1377.67,0,0.00,0,0,0.00,1699.58,1377.67,0
7,Secretaria de Educação e Formação Empreendedora,2,Ensino Fundamental,155070000000,Salário-Educação,08.336.783/0001-90,CELESC DISTRIBUICAO S.A,393535.58,0.00,0,37929.12,0,37929.12,0.00,393535.58,0,37929.12
7,Secretaria de Educação e Formação Empreendedora,2,Ensino Fundamental,155070000000,Salário-Educação,04.724.655/0001-63,COPY LINE COMÉRCIO E SERVIÇOS LTDA,5230.80,0,0,5230.80,0,0,5230.80,0,0,0
7,Secretaria de Educação e Formação Empreendedora,2,Ensino Fundamental,155070000000,Salário-Educação,85.460.079/0001-96,EMPRESA DE TRANSPORTE COLETIVO VOLKMANN LTDA,350200.00,0.00,0,8649.60,8649.60,0,0.00,341550.40,0,0
7,Secretaria de Educação e Formação Empreendedora,2,Ensino Fundamental,155070000000,Salário-Educação,58.003.216/0001-90,FSM COMERCIAL DE PRODUTOS LTDA,1185.00,0,0,1185.00,0,0,1185.00,0,0,0
7,Secretaria de Educação e Formação Empreendedora,2,Ensino Fundamental,155070000000,Salário-Educação,38.613.730/0001-30,JM PAPELARIA LTDA,2581.20,2550.23,0,0.00,0,0,0.00,2581.20,2550.23,0
7,Secretaria de Educação e Formação Empreendedora,2,Ensino Fundamental,155070000000,Salário-Educação,28.086.462/0001-92,L&S COMERCIO DE PRODUTOS DE LIMPEZA,3300.00,0,0,3300.00,0,0,3300.00,0,0,0
7,Secretaria de Educação e Formação Empreendedora,2,Ensino Fundamental,155070000000,Salário-Educação,36.850.003/0001-61,MAGI VIAGENS E NEGOCIOS LTDA,4057.50,0.00,0,316.50,316.50,0,0.00,3741.00,0,0
7,Secretaria de Educação e Formação Empreendedora,2,Ensino Fundamental,155070000000,Salário-Educação,83.157.032/0001-22,METROMED COM. DE MATERIAL MÉDICO HOSPITALAR LTDA,5871.20,5800.75,0,0.00,0,0,0.00,5871.20,5800.75,0
7,Secretaria de Educação e Formação Empreendedora,2,Ensino Fundamental,155070000000,Salário-Educação,73.416.471/0001-59,PAPEL ECONOMIA LTDA,359.70,0,0,359.70,0,0,359.70,0,0,0
7,Secretaria de Educação e Formação Empreendedora,2,Ensino Fundamental,155070000000,Salário-Educação,29.222.667/0001-10,SK MATERIAIS PARA ESCRITORIO LTDA,792.00,0,0,792.00,0,792.00,0.00,792.00,0,792.00
7,Secretaria de Educação e Formação Empreendedora,2,Ensino Fundamental,155070000000,Salário-Educação,35.605.748/0001-00,TRANSPORTE E TURISMO CONTINI LTDA,20512.13,0.00,0,8136.68,4495.36,3641.32,0.00,16016.77,0,3641.32
7,Secretaria de Educação e Formação Empreendedora,2,Ensino Fundamental,255070000000,Transferência do Salário-Educação,18.177.266/0001-70,CONECTA.COM TELECOMUNICAÇÕES E INFORMÁTICA LTDA,5490.00,0.00,0,2301.53,2301.53,0,0.00,3188.47,0,0
7,Secretaria de Educação e Formação Empreendedora,2,Ensino Fundamental,255070000000,Transferência do Salário-Educação,36.225.268/0001-79,INSTALAR INSTALAÇÃO E MANUTENÇÃO LTDA,8435.95,0.00,0,300.50,300.50,0,0.00,8135.45,0,0
7,Secretaria de Educação e Formação Empreendedora,2,Ensino Fundamental,255070000000,Transferência do Salário-Educação,36.850.003/0001-61,MAGI VIAGENS E NEGOCIOS LTDA,2380.20,0,0,2380.20,2380.20,0,0.00,0,0,0
7,Secretaria de Educação e Formação Empreendedora,2,Ensino Fundamental,255070000000,Transferência do Salário-Educação,18.806.639/0001-24,SLM CONSTRUÇÕES E SERVIÇOS SUSTENTÁVEIS LTDA,99895.00,0.00,0,6046.12,1457.09,4589.03,0.00,98437.91,0,4589.03
7,Secretaria de Educação e Formação Empreendedora,2,Ensino Fundamental,255070000000,Transferência do Salário-Educação,35.605.748/0001-00,TRANSPORTE E TURISMO CONTINI LTDA,12322.16,0,0,12322.16,12322.16,0,0.00,0,0,0
7,Secretaria de Educação e Formação Empreendedora,3,Secretaria da Educacao,150010010000,Educação (25%): Recursos não vinculados de Impostos,13.761.520/0001-69,ALEXANDRE ANDREIS BAUER 03225964913,1840.00,0,0,1840.00,0,1840.00,0.00,1840.00,0,1840.00
7,Secretaria de Educação e Formação Empreendedora,3,Secretaria da Educacao,150010010000,Educação (25%): Recursos não vinculados de Impostos,83.794.800/0001-59,ASSOCIACAO DOS SERVIDORES PUB. MUN. DE POMERODE,1800.00,0.00,0,1080.00,1080.00,0,0.00,720.00,0,0
7,Secretaria de Educação e Formação Empreendedora,3,Secretaria da Educacao,150010010000,Educação (25%): Recursos não vinculados de Impostos,21.500.441/0001-22,BR 470 PRESTADORA DE SERVICOS LTDA,900.00,0,0,900.00,0,900.00,0.00,900.00,0,900.00
7,Secretaria de Educação e Formação Empreendedora,3,Secretaria da Educacao,150010010000,Educação (25%): Recursos não vinculados de Impostos,08.336.783/0001-90,CELESC DISTRIBUICAO S.A,15203.32,0.00,0,1424.37,0,1424.37,0.00,15203.32,0,1424.37
7,Secretaria de Educação e Formação Empreendedora,3,Secretaria da Educacao,150010010000,Educação (25%): Recursos não vinculados de Impostos,80.495.625/0001-00,CONFEITARIA TORTEN PARADIES LTDA,198.18,0,0,198.18,0,0,198.18,0,0,0
7,Secretaria de Educação e Formação Empreendedora,3,Secretaria da Educacao,150010010000,Educação (25%): Recursos não vinculados de Impostos,82.511.643/0001-64,CONSELHO REGIONAL DE ENGENHARIA E AGRONOMIA DE SANTA CATARINA - CREA-SC,103.03,0,0,103.03,0,103.03,0.00,103.03,0,103.03
7,Secretaria de Educação e Formação Empreendedora,3,Secretaria da Educacao,150010010000,Educação (25%): Recursos não vinculados de Impostos,86.910.148/0001-89,DIBRAPE - DISTRIBUIDORA BRASILEIRA DE PETRÓLEO LTDA,9775.00,0.00,0,356.50,0,356.50,0.00,9775.00,0,356.50
7,Secretaria de Educação e Formação Empreendedora,3,Secretaria da Educacao,150010010000,Educação (25%): Recursos não vinculados de Impostos,72.114.903/0001-04,EXTIMBRÁS COMÉRCIO DE EXTINTORES LTDA,211.50,0.00,0,147.00,147.00,0,0.00,64.50,0,0
7,Secretaria de Educação e Formação Empreendedora,3,Secretaria da Educacao,150010010000,Educação (25%): Recursos não vinculados de Impostos,10.749.284/0001-77,EZCUZÊ AGÊNCIA DE PUBLICIDADE E PROPAGANDA LTDA,192.72,91.73,0,96.36,0,96.36,0.00,192.72,91.73,96.36
7,Secretaria de Educação e Formação Empreendedora,3,Secretaria da Educacao,150010010000,Educação (25%): Recursos não vinculados de Impostos,29.979.036/0001-40,INSS- INSTITUTO NACIONAL DO SEGURO SOCIAL,6884.72,6884.72,0,0.00,0,0,0.00,6884.72,6884.72,0
7,Secretaria de Educação e Formação Empreendedora,3,Secretaria da Educacao,150010010000,Educação (25%): Recursos não vinculados de Impostos,36.225.268/0001-79,INSTALAR INSTALAÇÃO E MANUTENÇÃO LTDA,1302.15,0.00,0,703.81,703.81,0,0.00,598.34,0,0
7,Secretaria de Educação e Formação Empreendedora,3,Secretaria da Educacao,150010010000,Educação (25%): Recursos não vinculados de Impostos,01.258.027/0003-03,IPM SISTEMAS LTDA,4656.00,0,0,4656.00,0,4656.00,0.00,4656.00,0,4656.00
7,Secretaria de Educação e Formação Empreendedora,3,Secretaria da Educacao,150010010000,Educação (25%): Recursos não vinculados de Impostos,53.795.421/0001-12,M A F VILAS BOAS SERVICOS & CIA LTDA,1596.30,0.00,0,594.70,0,594.70,0.00,1596.30,0,594.70
7,Secretaria de Educação e Formação Empreendedora,3,Secretaria da Educacao,150010010000,Educação (25%): Recursos não vinculados de Impostos,36.850.003/0001-61,MAGI VIAGENS E NEGOCIOS LTDA,2708.28,0.00,0,348.15,348.15,0,0.00,2360.13,0,0
7,Secretaria de Educação e Formação Empreendedora,3,Secretaria da Educacao,150010010000,Educação (25%): Recursos não vinculados de Impostos,27.284.516/0001-61,MAXIFROTA SERVIÇOS DE MANUTENÇÃO DE FROTA LTDA,10000.00,0.00,0,3040.69,3040.69,0,0.00,6959.31,0,0
7,Secretaria de Educação e Formação Empreendedora,3,Secretaria da Educacao,150010010000,Educação (25%): Recursos não vinculados de Impostos,85.104.289/0001-41,M.D.M. COMÉRCIO E SERVIÇOS LTDA,1266.00,0,0,1266.00,0,1266.00,0.00,1266.00,0,1266.00
7,Secretaria de Educação e Formação Empreendedora,3,Secretaria da Educacao,150010010000,Educação (25%): Recursos não vinculados de Impostos,79.227.963/0014-05,NC COMUNICAÇÕES S/A,1349.19,366.96,0,963.73,0,385.46,578.27,770.92,366.96,385.46
7,Secretaria de Educação e Formação Empreendedora,3,Secretaria da Educacao,150010010000,Educação (25%): Recursos não vinculados de Impostos,10.928.104/0001-14,POMERODE DECALQUE PRESTADORA DE SERVICOS LTDA,344.00,0,0,344.00,0,0,344.00,0,0,0
7,Secretaria de Educação e Formação Empreendedora,3,Secretaria da Educacao,150010010000,Educação (25%): Recursos não vinculados de Impostos,50.675.079/0001-29,POMERWASSER AMBIENTAL S.P.E. S.A.,1456.79,0.00,0,171.86,0,171.86,0.00,1456.79,0,171.86
7,Secretaria de Educação e Formação Empreendedora,3,Secretaria da Educacao,150010010000,Educação (25%): Recursos não vinculados de Impostos,75.415.075/0002-13,RUDIPEL - RUDNICK PETRÓLEO LTDA,11428.00,0.00,0,2711.00,0,288.50,2422.50,9005.50,0,288.50
7,Secretaria de Educação e Formação Empreendedora,3,Secretaria da Educacao,150010010000,Educação (25%): Recursos não vinculados de Impostos,07.448.130/0001-30,SELL MADEIRAS E GUINDASTES LTDA,537.00,0,0,537.00,0,0,537.00,0,0,0
7,Secretaria de Educação e Formação Empreendedora,3,Secretaria da Educacao,150010010000,Educação (25%): Recursos não vinculados de Impostos,18.806.639/0001-24,SLM CONSTRUÇÕES E SERVIÇOS SUSTENTÁVEIS LTDA,172660.59,0,0,172660.59,35981.54,136679.05,0.00,136679.05,0,136679.05
7,Secretaria de Educação e Formação Empreendedora,3,Secretaria da Educacao,150010010000,Educação (25%): Recursos não vinculados de Impostos,02.255.187/0001-08,UNIFIQUE TELECOMUNICAÇÕES S/A,3862.40,0.00,0,482.80,0,482.80,0.00,3862.40,0,482.80
8,Secretaria de Obras,1,Secretaria de Obras,150070000000,Recursos não vinculados de Impostos,02.631.931/0001-13,ARTEFATOS DE CIMENTO ARTERIO LTDA,3990.00,0,0,3990.00,0,0,3990.00,0,0,0
8, Secretaria de Obras e Serviços Públicos,1, Secretaria de Obras e Serviços Públicos,150070000000,Recursos não vinculados de Impostos,80.964.216/0001-06,AUTO ELETRICA KURI LTDA,1300.00,150.00,0,0.00,0,0,150.00,1150.00,0,0
8,Secretaria de Obras,1,Secretaria de Obras,150070000000,Recursos não vinculados de Impostos,80.964.216/0001-06,AUTO ELETRICA KURI LTDA,879.50,0,0,879.50,0,0,879.50,0,0,0
8,Secretaria de Obras,1,Secretaria de Obras,150070000000,Recursos não vinculados de Impostos,53.521.881/0001-52,BV COMERCIO DE PREVENTIVOS DE INCENDIO LTDA,617.00,0,0,617.00,0,0,617.00,0,0,0
8,Secretaria de Obras,1,Secretaria de Obras,150070000000,Recursos não vinculados de Impostos,08.336.783/0001-90,CELESC DISTRIBUICAO S.A,204214.14,0.00,0,21008.72,0,21007.68,1.04,204213.10,0,21007.68
8,Secretaria de Obras,1,Secretaria de Obras,150070000000,Recursos não vinculados de Impostos,18.336.475/0001-19,CELETA SERVICOS LTDA,9788.00,0.00,0,4576.59,4576.59,0,0.00,5211.41,0,0
8,Secretaria de Obras,1,Secretaria de Obras,150070000000,Recursos não vinculados de Impostos,81.522.161/0001-47,COM. CEREAIS AGROPECUARIA WEILER LTDA,42.00,0,0,42.00,0,0,42.00,0,0,0
8,Secretaria de Obras,1,Secretaria de Obras,150070000000,Recursos não vinculados de Impostos,83.109.504/0001-71,COREMMA LTDA,131.10,0,0,131.10,0,0,131.10,0,0,0
8,Secretaria de Obras,1,Secretaria de Obras,150070000000,Recursos não vinculados de Impostos,26.601.792/0001-43,DCVILLE DESENTUPIDORA LTDA,18720.00,0.00,0,7342.40,7342.40,0,0.00,11377.60,0,0
8,Secretaria de Obras,1,Secretaria de Obras,150070000000,Recursos não vinculados de Impostos,10.171.966/0001-45,ECOAMA CONSULTORIA E ASSESSORIA AMBIENTAL LTDA,5760.00,0.00,0,4920.00,0,0,4920.00,840.00,0,0
8,Secretaria de Obras,1,Secretaria de Obras,150070000000,Recursos não vinculados de Impostos,21.285.299/0001-48,ENGENFOX TERRAPLANAGENS E SERVICOS LTDA,855909.24,0.00,0,292244.27,292244.27,0,0.00,563664.97,0,0
8,Secretaria de Obras,1,Secretaria de Obras,150070000000,Recursos não vinculados de Impostos,90.180.605/0001-02,GENTE SEGURADORA S.A.,283.29,0,0,283.29,0,0,283.29,0,0,0
8,Secretaria de Obras,1,Secretaria de Obras,150070000000,Recursos não vinculados de Impostos,27.406.072/0001-90,GHM SERVIÇOS E PEÇAS EIRELI,880.00,0,0,880.00,0,0,880.00,0,0,0
8,Secretaria de Obras,1,Secretaria de Obras,150070000000,Recursos não vinculados de Impostos,29.979.036/0001-40,INSS- INSTITUTO NACIONAL DO SEGURO SOCIAL,8874.59,8727.90,107.36,0.00,0,0,0.00,8767.23,8620.54,0
8,Secretaria de Obras,1,Secretaria de Obras,150070000000,Recursos não vinculados de Impostos,36.519.422/0001-15,IVG BRASIL LTDA,5000.00,5000.00,0,0.00,0,0,0.00,5000.00,5000.00,0
8,Secretaria de Obras,1,Secretaria de Obras,150070000000,Recursos não vinculados de Impostos,40.834.802/0001-11,JARDINAGEM SIEWERDT LTDA,8500.00,0.00,0,23.30,23.30,0,0.00,8476.70,0,0
8,Secretaria de Obras,1,Secretaria de Obras,150070000000,Recursos não vinculados de Impostos,13.965.228/0001-68,JLM DISTRIBUIDORA BR LTDA,350.00,0,0,350.00,0,350.00,0.00,350.00,0,350.00
8,Secretaria de Obras,1,Secretaria de Obras,150070000000,Recursos não vinculados de Impostos,27.232.335/0001-91,LÍDER OBRAS DE INFRAESTRUTURA LTDA,200000.00,0.00,0,44250.12,44250.12,0,0.00,155749.88,0,0
8,Secretaria de Obras,1,Secretaria de Obras,150070000000,Recursos não vinculados de Impostos,28.900.401/0001-17,LINKMAQ COMERCIO E ASSISTENCIA DE MAQUINAS E EQUIPAMENTOS LTDA,213.60,0,0,213.60,0,0,213.60,0,0,0
8,Secretaria de Obras,1,Secretaria de Obras,150070000000,Recursos não vinculados de Impostos,82.660.861/0011-32,MAX MOHR TECNOLOGIA EM ARGAMASSA E CONCRETO LTDA,188735.00,0,0,188735.00,188735.00,0,0.00,0,0,0
8,Secretaria de Obras,1,Secretaria de Obras,150070000000,Recursos não vinculados de Impostos,27.284.516/0001-61,MAXIFROTA SERVIÇOS DE MANUTENÇÃO DE FROTA LTDA,250000.00,0.00,0,10277.49,10277.49,0,0.00,239722.51,0,0
8,Secretaria de Obras,1,Secretaria de Obras,150070000000,Recursos não vinculados de Impostos,18.108.624/0001-92,MG COMERCIAL LTDA,30400.00,0,0,30400.00,0,0,30400.00,0,0,0
8,Secretaria de Obras,1,Secretaria de Obras,150070000000,Recursos não vinculados de Impostos,37.115.367/0001-60,MINISTERIO DO TRABALHO - MTE,518.68,518.68,0,0.00,0,0,0.00,518.68,518.68,0
8,Secretaria de Obras,1,Secretaria de Obras,150070000000,Recursos não vinculados de Impostos,83.493.973/0001-37,OURO PRETO MINERACAO LTDA,286500.00,0.00,0,32577.90,32577.90,0,0.00,253922.10,0,0
8,Secretaria de Obras,1,Secretaria de Obras,150070000000,Recursos não vinculados de Impostos,10.928.104/0001-14,POMERODE DECALQUE PRESTADORA DE SERVICOS LTDA,265.00,0,0,265.00,0,0,265.00,0,0,0
8,Secretaria de Obras,1,Secretaria de Obras,150070000000,Recursos não vinculados de Impostos,45.594.755/0001-08,POMERODE PLACAS AUTOMOTIVAS LTDA,240.00,0,0,240.00,0,0,240.00,0,0,0
8,Secretaria de Obras,1,Secretaria de Obras,150070000000,Recursos não vinculados de Impostos,50.675.079/0001-29,POMERWASSER AMBIENTAL S.P.E. S.A.,44260.89,0.00,0,3691.02,0,3691.02,0.00,44260.89,0,3691.02
8,Secretaria de Obras,1,Secretaria de Obras,150070000000,Recursos não vinculados de Impostos,09.487.221/0001-00,RM INFRAESTRUTURA LTDA,587768.29,0,0,587768.29,0,587768.29,0.00,587768.29,0,587768.29
8,Secretaria de Obras,1,Secretaria de Obras,150070000000,Recursos não vinculados de Impostos,10.417.649/0001-66,RZT COMERCIO DE COMBUSTIVEIS LTDA,3080.20,0.00,0,542.00,0,0,542.00,2538.20,0,0
8,Secretaria de Obras,1,Secretaria de Obras,150070000000,Recursos não vinculados de Impostos,11.833.114/0001-39,SAMIL TERRAPLANAGENS E TRANSPORTES LTDA,925873.50,0.00,0,177126.18,177126.18,0,0.00,748747.32,0,0
8,Secretaria de Obras,1,Secretaria de Obras,150070000000,Recursos não vinculados de Impostos,83.845.701/0001-59,SANTA CATARINA TRIBUNAL DE JUSTICA,12249.00,0.00,0,2337.88,0,0,2337.88,9911.12,0,0
8,Secretaria de Obras,1,Secretaria de Obras,150070000000,Recursos não vinculados de Impostos,07.448.130/0001-30,SELL MADEIRAS E GUINDASTES LTDA,6533.50,0,0,6533.50,0,1432.00,5101.50,1432.00,0,1432.00
8,Secretaria de Obras e Serviços Públicos,1, Secretaria de Obras e Serviços Públicos,150070000000,Recursos não vinculados de Impostos,05.605.755/0001-33,SUPERMERCADO ECONÔMICO LTDA.,1117.80,690.00,0,0.00,0,0,690.00,427.80,0,0
8,Secretaria de Obras,1,Secretaria de Obras,150070000000,Recursos não vinculados de Impostos,05.263.279/0001-10,TERRAPLANAGEM KNOPF LTDA,111895.00,48781.60,0,38201.87,38201.87,0,48781.60,24911.53,0,0
8,Secretaria de Obras,1,Secretaria de Obras,150070000000,Recursos não vinculados de Impostos,71.595.722/0001-84,UNIPROT COMÉRCIO DE EQUIPAMENTOS DE SEGURANÇA LTDA,1442.86,0,0,1442.86,0,0,1442.86,0,0,0
8,Secretaria de Obras,1,Secretaria de Obras,150170000000,Outros Recursos não Vinculados,36.811.724/0001-62,ALESSANDRO ENGEL,100000.00,0.00,0,21977.67,11159.10,10818.57,0.00,88840.90,0,10818.57
8,Secretaria de Obras,1,Secretaria de Obras,150170000000,Outros Recursos não Vinculados,13.761.520/0001-69,ALEXANDRE ANDREIS BAUER 03225964913,9057.50,0.00,0,403.80,403.80,0,0.00,8653.70,0,0
8,Secretaria de Obras,1,Secretaria de Obras,150170000000,Outros Recursos não Vinculados,86.910.148/0001-89,DIBRAPE - DISTRIBUIDORA BRASILEIRA DE PETRÓLEO LTDA,11500.00,0.00,0,2489.75,0,2489.75,0.00,11500.00,0,2489.75
8,Secretaria de Obras,1,Secretaria de Obras,150170000000,Outros Recursos não Vinculados,21.285.299/0001-48,ENGENFOX TERRAPLANAGENS E SERVICOS LTDA,445038.60,0.00,0,150999.71,150999.71,0,0.00,294038.89,0,0
8,Secretaria de Obras,1,Secretaria de Obras,150170000000,Outros Recursos não Vinculados,05.063.653/0010-24,ENGEPECAS EQUIPAMENTOS LTDA,2562.60,0,0,2562.60,0,0,2562.60,0,0,0
8,Secretaria de Obras,1,Secretaria de Obras,150170000000,Outros Recursos não Vinculados,83.493.973/0001-37,OURO PRETO MINERACAO LTDA,20000.00,0.00,0,6390.00,6390.00,0,0.00,13610.00,0,0
8,Secretaria de Obras,1,Secretaria de Obras,150170000000,Outros Recursos não Vinculados,75.415.075/0002-13,RUDIPEL - RUDNICK PETRÓLEO LTDA,536371.50,0.00,0,13006.70,0,13006.70,0.00,536371.50,0,13006.70
8,Secretaria de Obras,1,Secretaria de Obras,150170000000,Outros Recursos não Vinculados,11.833.114/0001-39,SAMIL TERRAPLANAGENS E TRANSPORTES LTDA,28806.50,0.00,0,17366.50,17366.50,0,0.00,11440.00,0,0
8,Secretaria de Obras,1,Secretaria de Obras,170070000015,Convênio nº 941718/2023/MIDR - Aquisição de Máquinas e Equipamentos para o Município de Pomerode,36.519.422/0001-15,IVG BRASIL LTDA,240423.71,235539.71,0,0.00,0,0,0.00,240423.71,235539.71,0
8,Secretaria de Obras,1,Secretaria de Obras,170170000018,Portaria Conjunta SGG/SEF Nº 022/2024: Pavimentação da Rua Atiradores - Trecho 07 (2024TE000756),03.620.927/0001-12,PAVIPLAN PAVIMENTAÇÃO LTDA,1000000.00,0.00,0,530496.56,530496.56,0,0.00,469503.44,0,0
8,Secretaria de Obras,1,Secretaria de Obras,170470000001,Royalties da ANP (Lei 7.990/89),03.868.731/0001-41,DISK GRAMA COMERCIAL LTDA,49910.00,0.00,0,1876.00,1876.00,0,0.00,48034.00,0,0
8,Secretaria de Obras,1,Secretaria de Obras,170470000001,Royalties da ANP (Lei 7.990/89),21.285.299/0001-48,ENGENFOX TERRAPLANAGENS E SERVICOS LTDA,64260.00,0.00,0,21063.00,21063.00,0,0.00,43197.00,0,0
8,Secretaria de Obras,1,Secretaria de Obras,170470000001,Royalties da ANP (Lei 7.990/89),02.319.262/0001-49,MECÂNICA ATIVA LTDA,249.00,0,0,249.00,249.00,0,0.00,0,0,0
8,Secretaria de Obras,1,Secretaria de Obras,170470000001,Royalties da ANP (Lei 7.990/89),83.493.973/0001-37,OURO PRETO MINERACAO LTDA,150046.00,0.00,0,86322.56,86322.56,0,0.00,63723.44,0,0
8,Secretaria de Obras,1,Secretaria de Obras,170470000001,Royalties da ANP (Lei 7.990/89),45.594.755/0001-08,POMERODE PLACAS AUTOMOTIVAS LTDA,240.00,0,0,240.00,240.00,0,0.00,0,0,0
8,Secretaria de Obras,1,Secretaria de Obras,170470000001,Royalties da ANP (Lei 7.990/89),11.833.114/0001-39,SAMIL TERRAPLANAGENS E TRANSPORTES LTDA,63216.00,0.00,0,47412.00,47412.00,0,0.00,15804.00,0,0
8,Secretaria de Obras,1,Secretaria de Obras,170470000001,Royalties da ANP (Lei 7.990/89),07.448.130/0001-30,SELL MADEIRAS E GUINDASTES LTDA,1611.00,0,0,1611.00,1611.00,0,0.00,0,0,0
8,Secretaria de Obras,1,Secretaria de Obras,170470000001,Royalties da ANP (Lei 7.990/89),13.340.171/0001-01,SOPRINT COMUNICACAO VISUAL LTDA,125.00,0,0,125.00,125.00,0,0.00,0,0,0
8,Secretaria de Obras,1,Secretaria de Obras,170470000100,FEP (Transferências da União Referentes a Compensações Financeiras pela Exploração de Recursos Naturais),13.761.520/0001-69,ALEXANDRE ANDREIS BAUER 03225964913,249.90,0,0,249.90,249.90,0,0.00,0,0,0
8,Secretaria de Obras,1,Secretaria de Obras,170470000100,FEP (Transferências da União Referentes a Compensações Financeiras pela Exploração de Recursos Naturais),21.285.299/0001-48,ENGENFOX TERRAPLANAGENS E SERVICOS LTDA,61970.40,0.00,0,12738.36,12738.36,0,0.00,49232.04,0,0
8,Secretaria de Obras,1,Secretaria de Obras,170470000100,FEP (Transferências da União Referentes a Compensações Financeiras pela Exploração de Recursos Naturais),27.232.335/0001-91,LÍDER OBRAS DE INFRAESTRUTURA LTDA,200000.00,0.00,0,1.20,1.20,0,0.00,199998.80,0,0
8,Secretaria de Obras,1,Secretaria de Obras,170470000100,FEP (Transferências da União Referentes a Compensações Financeiras pela Exploração de Recursos Naturais),07.448.130/0001-30,SELL MADEIRAS E GUINDASTES LTDA,6100.50,0.00,0,4316.00,4316.00,0,0.00,1784.50,0,0
8,Secretaria de Obras,1,Secretaria de Obras,170870000000,CFEM (Transferência da União Referente à Compensação Financeira de Recursos Minerais ),21.285.299/0001-48,ENGENFOX TERRAPLANAGENS E SERVICOS LTDA,40908.24,0.00,0,631.30,631.30,0,0.00,40276.94,0,0
8,Secretaria de Obras,1,Secretaria de Obras,172070000000, Transferências da União Referentes às participações na exploração de Petróleo e Gás Natural destinadas ao FEP - Lei 9.478/1997,36.811.724/0001-62,ALESSANDRO ENGEL,60000.00,0.00,0,816.15,816.15,0,0.00,59183.85,0,0
8,Secretaria de Obras,1,Secretaria de Obras,172070000000, Transferências da União Referentes às participações na exploração de Petróleo e Gás Natural destinadas ao FEP - Lei 9.478/1997,03.868.731/0001-41,DISK GRAMA COMERCIAL LTDA,176250.00,0.00,0,21702.29,21702.29,0,0.00,154547.71,0,0
8,Secretaria de Obras,1,Secretaria de Obras,172070000000, Transferências da União Referentes às participações na exploração de Petróleo e Gás Natural destinadas ao FEP - Lei 9.478/1997,27.284.516/0001-61,MAXIFROTA SERVIÇOS DE MANUTENÇÃO DE FROTA LTDA,70000.00,0.00,0,20454.96,20454.96,0,0.00,49545.04,0,0
8,Secretaria de Obras,1,Secretaria de Obras,175170000000,COSIP (Rec. da Contrib. p/ o Custeio do Serviço de Iluminação Pública),08.336.783/0001-90,CELESC DISTRIBUICAO S.A,391070.70,206082.01,0,18036.01,0,18036.01,0.00,391070.70,206082.01,18036.01
8,Secretaria de Obras,1,Secretaria de Obras,175170000000,COSIP (Rec. da Contrib. p/ o Custeio do Serviço de Iluminação Pública),20.365.339/0001-07,INSIGHT GESTÃO E CONSULTORIA LTDA,314500.00,0.00,0,23587.50,23587.50,0,0.00,290912.50,0,0
8,Secretaria de Obras,1,Secretaria de Obras,175170000000,COSIP (Rec. da Contrib. p/ o Custeio do Serviço de Iluminação Pública),12.496.490/0001-48,QUARK ENGENHARIA LTDA,275706.47,0.00,0,45417.00,45417.00,0,0.00,230289.47,0,0
8,Secretaria de Obras,1,Secretaria de Obras,175170070000,COSIP (DRM: Art. 76-B do ADCT da CF/88),42.768.221/0001-54,42.468.221 AUGUSTINHO QUIODELLI,21118.69,0,0,21118.69,0,21118.69,0.00,21118.69,0,21118.69
8,Secretaria de Obras,1,Secretaria de Obras,175170070000,COSIP (DRM: Art. 76-B do ADCT da CF/88),42.741.289/0001-40,EG SERVIÇOS DE URBANIZAÇÃO LTDA,120120.00,0.00,0,13964.60,0,13964.60,0.00,120120.00,0,13964.60
8,Secretaria de Obras,1,Secretaria de Obras,175170070000,COSIP (DRM: Art. 76-B do ADCT da CF/88),53.795.421/0001-12,M A F VILAS BOAS SERVICOS & CIA LTDA,75000.00,0.00,0,20362.40,0,20362.40,0.00,75000.00,0,20362.40
8,Secretaria de Obras,1,Secretaria de Obras,175170070000,COSIP (DRM: Art. 76-B do ADCT da CF/88),27.284.516/0001-61,MAXIFROTA SERVIÇOS DE MANUTENÇÃO DE FROTA LTDA,100000.00,0.00,0,66139.35,51928.22,14211.13,0.00,48071.78,0,14211.13
8,Secretaria de Obras,1,Secretaria de Obras,175170070000,COSIP (DRM: Art. 76-B do ADCT da CF/88),85.104.289/0001-41,M.D.M. COMÉRCIO E SERVIÇOS LTDA,4323.50,0,0,4323.50,0,4323.50,0.00,4323.50,0,4323.50
8,Secretaria de Obras,1,Secretaria de Obras,175170070000,COSIP (DRM: Art. 76-B do ADCT da CF/88),57.402.445/0001-15,URBAN SERVIÇOS LTDA,7970.40,0,0,7970.40,0,0,7970.40,0,0,0
8,Secretaria de Obras,1,Secretaria de Obras,250070000000,Recursos não vinculados de Impostos,44.899.803/0001-03,3B COMERCIAL LTDA,1140.00,0,0,1140.00,0,1140.00,0.00,1140.00,0,1140.00
8,Secretaria de Obras,1,Secretaria de Obras,250070000000,Recursos não vinculados de Impostos,86.910.148/0001-89,DIBRAPE - DISTRIBUIDORA BRASILEIRA DE PETRÓLEO LTDA,8625.00,0.00,0,3795.00,0,3795.00,0.00,8625.00,0,3795.00
8,Secretaria de Obras,1,Secretaria de Obras,250070000000,Recursos não vinculados de Impostos,21.285.299/0001-48,ENGENFOX TERRAPLANAGENS E SERVICOS LTDA,7656.04,0,0,7656.04,0,7656.04,0.00,7656.04,0,7656.04
8,Secretaria de Obras,1,Secretaria de Obras,250070000000,Recursos não vinculados de Impostos,41.114.022/0001-60,HANDELMAQ COMÉRCIO E SERVIÇOS DE EQUIPAMENTOS LTDA,15920.00,0,0,15920.00,0,15920.00,0.00,15920.00,0,15920.00
8,Secretaria de Obras,1,Secretaria de Obras,250070000000,Recursos não vinculados de Impostos,28.086.462/0001-92,L&S COMERCIO DE PRODUTOS DE LIMPEZA,363.20,363.20,0,0.00,0,0,0.00,363.20,363.20,0
8,Secretaria de Obras,1,Secretaria de Obras,250070000000,Recursos não vinculados de Impostos,27.284.516/0001-61,MAXIFROTA SERVIÇOS DE MANUTENÇÃO DE FROTA LTDA,15000.00,0,0,15000.00,15000.00,0,0.00,0,0,0
8,Secretaria de Obras,1,Secretaria de Obras,250070000000,Recursos não vinculados de Impostos,62.273.882/0001-16,PAS TIRE COMERCIO DE PNEUS LTDA,21096.00,0,0,21096.00,0,21096.00,0.00,21096.00,0,21096.00
8,Secretaria de Obras,1,Secretaria de Obras,250070000000,Recursos não vinculados de Impostos,10.417.649/0001-66,RZT COMERCIO DE COMBUSTIVEIS LTDA,722.53,0.00,0,537.10,0,349.62,187.48,535.05,0,349.62
8,Secretaria de Obras,1,Secretaria de Obras,250070000000,Recursos não vinculados de Impostos,48.566.347/0001-22,TELES SOLUCOES EMPRESARIAIS LTDA,563.20,0,0,563.20,0,563.20,0.00,563.20,0,563.20
8,Secretaria de Obras,1,Secretaria de Obras,250070000000,Recursos não vinculados de Impostos,37.143.430/0001-72,TSI CENTRO AUTOMOTIVO LTDA,1123.08,0,0,1123.08,0,513.08,610.00,513.08,0,513.08
8,Secretaria de Obras,1,Secretaria de Obras,250170000000,Outros Recursos não Vinculados,81.004.988/0001-69,JOCA COMERCIO DE MATERIAIS DE CONSTRUCAO LTDA,75.66,0,0,75.66,0,0,75.66,0,0,0
8,Secretaria de Obras,1,Secretaria de Obras,250170000000,Outros Recursos não Vinculados,82.951.310/0001-56,SECRETARIA DE ESTADO DA FAZENDA,183.12,0,0,183.12,0,0,183.12,0,0,0
8,Secretaria de Obras,1,Secretaria de Obras,250170000000,Outros Recursos não Vinculados,07.448.130/0001-30,SELL MADEIRAS E GUINDASTES LTDA,26850.00,0.00,0,2416.50,1611.00,805.50,0.00,25239.00,0,805.50
8,Secretaria de Obras,1,Secretaria de Obras,250170000000,Outros Recursos não Vinculados,05.263.279/0001-10,TERRAPLANAGEM KNOPF LTDA,37240.00,0.00,0,2688.99,2688.99,0,0.00,34551.01,0,0
8,Secretaria de Obras,1,Secretaria de Obras,250170000001, Recurso Concessão SAMAE,02.631.931/0001-13,ARTEFATOS DE CIMENTO ARTERIO LTDA,23620.80,0,0,23620.80,23620.80,0,0.00,0,0,0
8,Secretaria de Obras,1,Secretaria de Obras,250170000001, Recurso Concessão SAMAE,21.285.299/0001-48,ENGENFOX TERRAPLANAGENS E SERVICOS LTDA,3659415.62,0.00,0,1948178.45,1055077.67,129739.99,763360.79,1840977.16,0,129739.99
8,Secretaria de Obras,1,Secretaria de Obras,250170000001, Recurso Concessão SAMAE,82.144.338/0001-81,ESTEL ENGENHARIA LTDA,276104.81,0.00,0,3688.65,3688.65,0,0.00,272416.16,0,0
8,Secretaria de Obras,1,Secretaria de Obras,250170000001, Recurso Concessão SAMAE,36.519.422/0001-15,IVG BRASIL LTDA,100000.00,100000.00,0,0.00,0,0,0.00,100000.00,100000.00,0
8,Secretaria de Obras,1,Secretaria de Obras,250170000001, Recurso Concessão SAMAE,82.660.861/0011-32,MAX MOHR TECNOLOGIA EM ARGAMASSA E CONCRETO LTDA,6831.20,0,0,6831.20,0,0,6831.20,0,0,0
8,Secretaria de Obras,1,Secretaria de Obras,250170000001, Recurso Concessão SAMAE,83.493.973/0001-37,OURO PRETO MINERACAO LTDA,1406361.36,0.00,0,57622.98,57622.98,0,0.00,1348738.38,0,0
8,Secretaria de Obras,1,Secretaria de Obras,250170000001, Recurso Concessão SAMAE,79.485.892/0001-18,PACOPEDRA PAVIMENTADORA E COMÉRCIO DE PEDRAS LTDA,10060471.94,0.00,0,3014175.21,349203.38,2312399.71,395681.21,9315587.35,0,2269290.62
8,Secretaria de Obras,1,Secretaria de Obras,250170000001, Recurso Concessão SAMAE,03.620.927/0001-12,PAVIPLAN PAVIMENTAÇÃO LTDA,929350.39,0,0,929350.39,76062.61,530430.10,322857.68,530430.10,0,530430.10
8,Secretaria de Obras,1,Secretaria de Obras,250170000001, Recurso Concessão SAMAE,78.993.169/0001-87,PETROSKI CONSTRUTORA E INCORPORADORA LTDA,413310.57,0.00,0,332148.96,0,176751.02,155397.94,257912.63,0,176751.02
8,Secretaria de Obras,1,Secretaria de Obras,250170000001, Recurso Concessão SAMAE,00.556.052/0001-49,PREMOCON ARTEFATOS DE CONCRETO LTDA,7360.00,0,0,7360.00,0,0,7360.00,0,0,0
8,Secretaria de Obras,1,Secretaria de Obras,250170000001, Recurso Concessão SAMAE,14.574.671/0001-70,ROYER PRÉ-MOLDADOS LTDA - EPP,181903.80,0,0,181903.80,181903.80,0,0.00,0,0,0
8,Secretaria de Obras,1,Secretaria de Obras,250170000001, Recurso Concessão SAMAE,11.833.114/0001-39,SAMIL TERRAPLANAGENS E TRANSPORTES LTDA,252986.00,0.00,0,13663.41,13663.41,0,0.00,239322.59,0,0
8,Secretaria de Obras,1,Secretaria de Obras,250170000001, Recurso Concessão SAMAE,22.679.901/0001-94,TECTUBOS ARTEFATOS DE CONCRETO LTDA,9405.00,0,0,9405.00,0,0,9405.00,0,0,0
8,Secretaria de Obras,1,Secretaria de Obras,250170000001, Recurso Concessão SAMAE,31.291.504/0001-31,VALE EUROPEU CONCRETOS LTDA,1197017.51,0.00,0,327964.76,0,44224.68,283740.08,913277.43,0,44224.68
8,Secretaria de Obras,1,Secretaria de Obras,250170000400,Pavimentação (Outros Rec. Não Vinc.),09.487.221/0001-00,RM INFRAESTRUTURA LTDA,126461.71,0,0,126461.71,19493.66,106968.05,0.00,106968.05,0,106968.05
8,Secretaria de Obras,1,Secretaria de Obras,270470000100,Transferências da União Referentes a Compensações Financeiras pela Exploração de Recursos Naturais - Fundo Especial do Petróleo,20.918.047/0001-46,IMPÉRIO ENGENHARIA LTDA,194008.80,0.00,0,2468.75,2468.75,0,0.00,191540.05,0,0
8,Secretaria de Obras,1,Secretaria de Obras,270631100012,Emenda Parlamentar Nº 202318800004 - Pavimentação de Ruas e Calçadas,03.620.927/0001-12,PAVIPLAN PAVIMENTAÇÃO LTDA,242326.40,0.00,0,189109.47,0,189109.47,0.00,242326.40,0,189109.47
8,Secretaria de Obras,1,Secretaria de Obras,270631100013,Emenda Parlamentar/2024 nº  39320001 (Capital),03.620.927/0001-12,PAVIPLAN PAVIMENTAÇÃO LTDA,121201.65,0.00,0,92037.36,632.38,91404.98,0.00,120569.27,0,91404.98
8,Secretaria de Obras,1,Secretaria de Obras,271032100037,"Portaria nº 251/2024 - SEF: Emenda nº 1242/2024 (Concretar pontos críticos das Ruas Vale dos Irmãos (entre 1600m-1900m do início da via), Morro Príncipe (entre 700m-1000m do início da via) e Wilhelm Friedrich Bauer (entre 160m- 300m do início da via)",06.635.659/0020-63,MARGEM COMPANHIA DE MINERAÇÃO,138000.00,0.00,0,19825.00,0,0,19825.00,118175.00,0,0
8,Secretaria de Obras,1,Secretaria de Obras,271032100037,"Portaria nº 251/2024 - SEF: Emenda nº 1242/2024 (Concretar pontos críticos das Ruas Vale dos Irmãos (entre 1600m-1900m do início da via), Morro Príncipe (entre 700m-1000m do início da via) e Wilhelm Friedrich Bauer (entre 160m- 300m do início da via)",50.437.729/0001-06,VERT ELETROS E METAIS LTDA,1238.04,0,0,1238.04,0,1238.04,0.00,1238.04,0,1238.04
8,Secretaria de Obras,1,Secretaria de Obras,275170000000,COSIP (Rec. da Contrib. p/ o Custeio do Serviço de Iluminação Pública),12.496.490/0001-48,QUARK ENGENHARIA LTDA,233293.29,0.00,0,85250.34,26864.39,58385.93,0.02,206428.88,0,58385.93
8,Secretaria de Obras,1,Secretaria de Obras,275570000100,Recursos de Alienação de Bens/Ativos - Destinados a outros programas,36.519.422/0001-15,IVG BRASIL LTDA,61576.29,61576.29,0,0.00,0,0,0.00,61576.29,61576.29,0
9,Secretaria de Desenvolvimento Rural,1,Secretaria de Desenvolvimento Rural,150070000000,Recursos não vinculados de Impostos,79.763.884/0009-43,BARIGUI VEICULOS LTDA,742.94,0,0,742.94,0,0,742.94,0,0,0
9,Secretaria de Desenvolvimento Rural,1,Secretaria de Desenvolvimento Rural,150070000000,Recursos não vinculados de Impostos,38.315.947/0001-64,CK RASTREAMENTO VEICULAR LTDA,14699.45,0.00,0,393.30,0,0,393.30,14306.15,0,0
9,Secretaria de Desenvolvimento Rural,1,Secretaria de Desenvolvimento Rural,150070000000,Recursos não vinculados de Impostos,83.633.438/0002-15,COMÉRCIO DE PARAFUSOS E FERRAGENS BERTOLDI LTDA,186.63,0,0,186.63,0,0,186.63,0,0,0
9,Secretaria de Desenvolvimento Rural,1,Secretaria de Desenvolvimento Rural,150070000000,Recursos não vinculados de Impostos,86.910.148/0001-89,DIBRAPE - DISTRIBUIDORA BRASILEIRA DE PETRÓLEO LTDA,20700.00,0.00,0,2760.00,0,2760.00,0.00,20700.00,0,2760.00
9,Secretaria de Desenvolvimento Rural,1,Secretaria de Desenvolvimento Rural,150070000000,Recursos não vinculados de Impostos,21.285.299/0001-48,ENGENFOX TERRAPLANAGENS E SERVICOS LTDA,3862.61,0,0,3862.61,0,0,3862.61,0,0,0
9,Secretaria de Desenvolvimento Rural,1,Secretaria de Desenvolvimento Rural,150070000000,Recursos não vinculados de Impostos,10.749.284/0001-77,EZCUZÊ AGÊNCIA DE PUBLICIDADE E PROPAGANDA LTDA,96.36,0,0,96.36,0,96.36,0.00,96.36,0,96.36
9,Secretaria de Desenvolvimento Rural,1,Secretaria de Desenvolvimento Rural,150070000000,Recursos não vinculados de Impostos,29.979.036/0001-40,INSS- INSTITUTO NACIONAL DO SEGURO SOCIAL,2849.37,2849.37,0,0.00,0,0,0.00,2849.37,2849.37,0
9,Secretaria de Desenvolvimento Rural,1,Secretaria de Desenvolvimento Rural,150070000000,Recursos não vinculados de Impostos,81.004.988/0001-69,JOCA COMERCIO DE MATERIAIS DE CONSTRUCAO LTDA,103.40,0,0,103.40,0,0,103.40,0,0,0
9,Secretaria de Desenvolvimento Rural,1,Secretaria de Desenvolvimento Rural,150070000000,Recursos não vinculados de Impostos,27.284.516/0001-61,MAXIFROTA SERVIÇOS DE MANUTENÇÃO DE FROTA LTDA,70280.00,0.00,0,20859.94,0,0,20859.94,49420.06,0,0
9,Secretaria de Desenvolvimento Rural,1,Secretaria de Desenvolvimento Rural,150070000000,Recursos não vinculados de Impostos,00.752.862/0001-70,METALÚRGICA MASKE LTDA,7050.75,0,0,7050.75,0,5834.53,1216.22,5834.53,0,5834.53
9,Secretaria de Desenvolvimento Rural,1,Secretaria de Desenvolvimento Rural,150070000000,Recursos não vinculados de Impostos,37.115.367/0001-60,MINISTERIO DO TRABALHO - MTE,485.93,485.93,0,0.00,0,0,0.00,485.93,485.93,0
9,Secretaria de Desenvolvimento Rural,1,Secretaria de Desenvolvimento Rural,150070000000,Recursos não vinculados de Impostos,79.227.963/0014-05,NC COMUNICAÇÕES S/A,385.46,0,0,385.46,0,385.46,0.00,385.46,0,385.46
9,Secretaria de Desenvolvimento Rural,1,Secretaria de Desenvolvimento Rural,150070000000,Recursos não vinculados de Impostos,95.855.078/0001-02,PANIFICADORA E CONFEITARIA DONA ELLA LTDA,147.08,0,0,147.08,0,147.08,0.00,147.08,0,147.08
9,Secretaria de Desenvolvimento Rural,1,Secretaria de Desenvolvimento Rural,150070000000,Recursos não vinculados de Impostos,32.129.341/0001-58,PRANA COMÉRCIO DE PNEUS E SERVIÇOS LTDA,590.00,0,0,590.00,0,0,590.00,0,0,0
9,Secretaria de Desenvolvimento Rural,1,Secretaria de Desenvolvimento Rural,150070000000,Recursos não vinculados de Impostos,75.415.075/0002-13,RUDIPEL - RUDNICK PETRÓLEO LTDA,181311.65,0.00,0,93294.75,0,93294.75,0.00,181311.65,0,93294.75
9,Secretaria de Desenvolvimento Rural,1,Secretaria de Desenvolvimento Rural,150070000000,Recursos não vinculados de Impostos,11.833.114/0001-39,SAMIL TERRAPLANAGENS E TRANSPORTES LTDA,24674.72,0.00,0,801.15,0,0,801.15,23873.57,0,0
9,Secretaria de Desenvolvimento Rural,1,Secretaria de Desenvolvimento Rural,150070000000,Recursos não vinculados de Impostos,82.951.310/0001-56,SECRETARIA DE ESTADO DA FAZENDA,298.74,0,0,298.74,0,298.74,0.00,298.74,0,298.74
9,Secretaria de Desenvolvimento Rural,1,Secretaria de Desenvolvimento Rural,150070000000,Recursos não vinculados de Impostos,07.448.130/0001-30,SELL MADEIRAS E GUINDASTES LTDA,2148.00,0,0,2148.00,0,0,2148.00,0,0,0
9,Secretaria de Desenvolvimento Rural,1,Secretaria de Desenvolvimento Rural,150070000000,Recursos não vinculados de Impostos,37.143.430/0001-72,TSI CENTRO AUTOMOTIVO LTDA,22.74,0,0,22.74,0,0,22.74,0,0,0
9,Secretaria de Desenvolvimento Rural,1,Secretaria de Desenvolvimento Rural,150070000000,Recursos não vinculados de Impostos,02.255.187/0001-08,UNIFIQUE TELECOMUNICAÇÕES S/A,3862.40,0.00,0,482.80,0,482.80,0.00,3862.40,0,482.80
9,Secretaria de Desenvolvimento Rural,1,Secretaria de Desenvolvimento Rural,271032100031,Emenda Parlamentar Estadual nº 395/2024: Castração e microchipagem de animais no município,33.654.309/0001-54,ANIMAL GOLD PET SHOP E AGROPECUÁRIA LTDA,12881.86,0.00,0,6885.58,6885.58,0,0.00,5996.28,0,0
9,Secretaria de Desenvolvimento Rural,1,Secretaria de Desenvolvimento Rural,271032100031,Emenda Parlamentar Estadual nº 395/2024: Castração e microchipagem de animais no município,06.972.402/0001-34,PROJETO CASTRAÇÃO LTDA,2208.19,0,0,2208.19,0,2208.19,0.00,2208.19,0,2208.19
11, Secretaria de Saúde,1,Secretaria de Saúde,150010020000,Saúde (15%): Recursos não vinculados de Impostos,80.964.216/0001-06,AUTO ELETRICA KURI LTDA,45.00,45.00,0,0.00,0,0,45.00,0,0,0
11, Secretaria de Saúde,1, Secretária de Saúde,260070001500,MAC - Média e Alta Complexidade - FEDERAL (Transf. do SUS/União - Blc de Manut. ),00.377.644/0001-01,JLM - CLINICA DE REABILITACAO LTDA,3385.75,3385.75,0,0.00,0,0,3385.75,0,0,0
12,"Secretaria de Turismo, Cultura e Desenvolvimento Economico",1,Turismo,150070000000,Recursos não vinculados de Impostos,44.471.985/0001-09,ADVANCE TRANSATUR TRANSP. TUR. LTDA.,3725.00,0,0,3725.00,3725.00,0,0.00,0,0,0
12,"Secretaria de Turismo, Cultura e Desenvolvimento Economico",1,Turismo,150070000000,Recursos não vinculados de Impostos,50.694.267/0001-02,CASA 21 WINE BAR LTDA,7201.20,0.00,0,718.20,0,718.20,0.00,7201.20,0,718.20
12,"Secretaria de Turismo, Cultura e Desenvolvimento Economico",1,Turismo,150070000000,Recursos não vinculados de Impostos,08.336.783/0001-90,CELESC DISTRIBUICAO S.A,158561.86,0.00,0,8407.42,0,8407.42,0.00,158561.86,0,8407.42
12,"Secretaria de Turismo, Cultura e Desenvolvimento Economico",1,Turismo,150070000000,Recursos não vinculados de Impostos,04.724.655/0001-63,COPY LINE COMÉRCIO E SERVIÇOS LTDA,1296.00,0.00,0,324.00,324.00,0,0.00,972.00,0,0
12,"Secretaria de Turismo, Cultura e Desenvolvimento Economico",1,Turismo,150070000000,Recursos não vinculados de Impostos,10.749.284/0001-77,EZCUZÊ AGÊNCIA DE PUBLICIDADE E PROPAGANDA LTDA,9316.94,0,0,9316.94,9316.94,0,0.00,0,0,0
12,"Secretaria de Turismo, Cultura e Desenvolvimento Economico",1,Turismo,150070000000,Recursos não vinculados de Impostos,14.284.430/0001-97,"FUNDO DE MATERIAIS, PUBLICAÇÕES E IMPRESSOS OFICIAIS SC",489.42,0,0,489.42,0,489.42,0.00,489.42,0,489.42
12,"Secretaria de Turismo, Cultura e Desenvolvimento Economico",1,Turismo,150070000000,Recursos não vinculados de Impostos,29.979.036/0001-40,INSS- INSTITUTO NACIONAL DO SEGURO SOCIAL,5977.05,5977.05,0,0.00,0,0,0.00,5977.05,5977.05,0
12,"Secretaria de Turismo, Cultura e Desenvolvimento Economico",1,Turismo,150070000000,Recursos não vinculados de Impostos,543.205.509-00,MARCOS CONRADO HASS,1190.07,0,0,1190.07,1190.07,0,0.00,0,0,0
12,"Secretaria de Turismo, Cultura e Desenvolvimento Economico",1,Turismo,150070000000,Recursos não vinculados de Impostos,12.470.253/0001-08,MARCOS SCHUMANN ME,120.00,0,0,120.00,120.00,0,0.00,0,0,0
12,"Secretaria de Turismo, Cultura e Desenvolvimento Economico",1,Turismo,150070000000,Recursos não vinculados de Impostos,37.115.367/0001-60,MINISTERIO DO TRABALHO - MTE,363.23,363.23,0,0.00,0,0,0.00,363.23,363.23,0
12,"Secretaria de Turismo, Cultura e Desenvolvimento Economico",1,Turismo,150070000000,Recursos não vinculados de Impostos,18.780.623/0001-90,NOAR TURISMO LTDA,3024.42,0,0,3024.42,3024.42,0,0.00,0,0,0
12,"Secretaria de Turismo, Cultura e Desenvolvimento Economico",1,Turismo,150070000000,Recursos não vinculados de Impostos,50.675.079/0001-29,POMERWASSER AMBIENTAL S.P.E. S.A.,8221.74,0.00,0,2311.26,0,2311.26,0.00,8221.74,0,2311.26
12,"Secretaria de Turismo, Cultura e Desenvolvimento Economico",1,Turismo,150070000000,Recursos não vinculados de Impostos,81.554.065/0001-80,REDE FRONTEIRA DE COMUNICACAO LTDA,2250.00,0,0,2250.00,2250.00,0,0.00,0,0,0
12,"Secretaria de Turismo, Cultura e Desenvolvimento Economico",1,Turismo,150070000000,Recursos não vinculados de Impostos,43.808.539/0001-84,ROSANDER CABELEIREIROS  LTDA,17200.00,0.00,0,12030.00,12030.00,0,0.00,5170.00,0,0
12,"Secretaria de Turismo, Cultura e Desenvolvimento Economico",1,Turismo,150070000000,Recursos não vinculados de Impostos,35.944.400/0001-30,ROTTA DO REPARO MATERIAIS DE CONSTRUÇÃO LTDA,6140.90,0,0,6140.90,6140.90,0,0.00,0,0,0
12,"Secretaria de Turismo, Cultura e Desenvolvimento Economico",1,Turismo,150070000000,Recursos não vinculados de Impostos,07.448.130/0001-30,SELL MADEIRAS E GUINDASTES LTDA,6308.00,0,0,6308.00,6308.00,0,0.00,0,0,0
12,"Secretaria de Turismo, Cultura e Desenvolvimento Economico",1,Turismo,150070000000,Recursos não vinculados de Impostos,90.615.337/0001-04,"SINDICATO DA HOTELARIA, RESTAURANTES, BARES E SIMILARES DA REGIÃO DAS HORTENSIAS / SINDTUR SERRA GAUCHA",698.00,0,0,698.00,698.00,0,0.00,0,0,0
12,"Secretaria de Turismo, Cultura e Desenvolvimento Economico",1,Turismo,250070000000,Recursos não vinculados de Impostos,50.675.079/0001-29,POMERWASSER AMBIENTAL S.P.E. S.A.,16210.65,0.00,0,7823.82,0,7823.82,0.00,16210.65,0,7823.82
12,"Secretaria de Turismo, Cultura e Desenvolvimento Economico",1,Turismo,250170000000,Outros Recursos não Vinculados,86.910.148/0001-89,DIBRAPE - DISTRIBUIDORA BRASILEIRA DE PETRÓLEO LTDA,5462.50,0.00,0,1253.50,0,1253.50,0.00,5462.50,0,1253.50
12,"Secretaria de Turismo, Cultura e Desenvolvimento Economico",1,Turismo,250170000000,Outros Recursos não Vinculados,53.795.421/0001-12,M A F VILAS BOAS SERVICOS & CIA LTDA,14085.00,0.00,0,5133.20,0,5133.20,0.00,14085.00,0,5133.20
12,"Secretaria de Turismo, Cultura e Desenvolvimento Economico",1,Turismo,250170000000,Outros Recursos não Vinculados,18.806.639/0001-24,SLM CONSTRUÇÕES E SERVIÇOS SUSTENTÁVEIS LTDA,660.91,0,0,660.91,0,660.91,0.00,660.91,0,660.91
12,"Secretaria de Turismo, Cultura e Desenvolvimento Economico",1,Turismo,250170000000,Outros Recursos não Vinculados,02.255.187/0001-08,UNIFIQUE TELECOMUNICAÇÕES S/A,12869.92,0.00,0,1608.74,0,1608.74,0.00,12869.92,0,1608.74
12,"Secretaria de Turismo, Cultura e Desenvolvimento Economico",1,Turismo,270470000100,FEP (Transferências da União Referentes a Compensações Financeiras pela Exploração de Recursos Naturais),26.549.728/0001-60,MUNCHEN TRAJES TIPICOS LTDA,7260.00,0.00,0,3843.00,1803.00,2040.00,0.00,5457.00,0,2040.00
12,"Secretaria de Turismo, Cultura e Desenvolvimento Economico",1,Turismo,270470000100,FEP (Transferências da União Referentes a Compensações Financeiras pela Exploração de Recursos Naturais),07.448.130/0001-30,SELL MADEIRAS E GUINDASTES LTDA,358.00,0,0,358.00,179.00,179.00,0.00,179.00,0,179.00
12,"Secretaria de Turismo, Cultura e Desenvolvimento Economico",2,Cultura,150070000000,Recursos não vinculados de Impostos,08.202.415/0001-50,AHARDS SISTEMAS S/A,538.01,0,0,538.01,538.01,0,0.00,0,0,0
12,"Secretaria de Turismo, Cultura e Desenvolvimento Economico",2,Cultura,150070000000,Recursos não vinculados de Impostos,13.761.520/0001-69,ALEXANDRE ANDREIS BAUER 03225964913,460.00,0,0,460.00,0,460.00,0.00,460.00,0,460.00
12,"Secretaria de Turismo, Cultura e Desenvolvimento Economico",2,Cultura,150070000000,Recursos não vinculados de Impostos,34.054.368/0001-54,BOM RETIRO COMERCIO ATACADISTA DE PRODUTOS DE HIGIENE LTDA,4320.00,0,0,4320.00,0,4320.00,0.00,4320.00,0,4320.00
12,"Secretaria de Turismo, Cultura e Desenvolvimento Economico",2,Cultura,150070000000,Recursos não vinculados de Impostos,21.392.417/0001-17,BRGX ENGENHARIA LTDA,35362.17,0,0,35362.17,0,35362.17,0.00,35362.17,0,35362.17
12,Secretaria de Turismo e Cultura,2,Cultura,150070000000,Recursos não vinculados de Impostos,009.269.099-83,CARLOS EDUARDO GERSCH,1100.70,0.00,0,338.68,338.68,0,0.00,762.02,0,0
12,"Secretaria de Turismo, Cultura e Desenvolvimento Economico",2,Cultura,150070000000,Recursos não vinculados de Impostos,08.336.783/0001-90,CELESC DISTRIBUICAO S.A,245986.86,0.00,0,22874.50,0,22874.50,0.00,245986.86,0,22874.50
12,"Secretaria de Turismo, Cultura e Desenvolvimento Economico",2,Cultura,150070000000,Recursos não vinculados de Impostos,014.239.969-84,CHRISTIAN BOLLER,5887.20,0.00,0,5314.80,5314.80,0,0.00,572.40,0,0
12,"Secretaria de Turismo, Cultura e Desenvolvimento Economico",2,Cultura,150070000000,Recursos não vinculados de Impostos,80.495.625/0001-00,CONFEITARIA TORTEN PARADIES LTDA,446.74,0,0,446.74,0,446.74,0.00,446.74,0,446.74
12,"Secretaria de Turismo, Cultura e Desenvolvimento Economico",2,Cultura,150070000000,Recursos não vinculados de Impostos,03.868.731/0001-41,DISK GRAMA COMERCIAL LTDA,660.00,0,0,660.00,0,660.00,0.00,660.00,0,660.00
12,"Secretaria de Turismo, Cultura e Desenvolvimento Economico",2,Cultura,150070000000,Recursos não vinculados de Impostos,57.325.351/0001-90,GOLUZ INDUSTRIA E COMERCIO DE MATERIAIS ELETRICOS LTDA,2096.00,0,0,2096.00,2096.00,0,0.00,0,0,0
12,"Secretaria de Turismo, Cultura e Desenvolvimento Economico",2,Cultura,150070000000,Recursos não vinculados de Impostos,29.979.036/0001-40,INSS- INSTITUTO NACIONAL DO SEGURO SOCIAL,1095.42,1095.42,0,0.00,0,0,0.00,1095.42,1095.42,0
12,"Secretaria de Turismo, Cultura e Desenvolvimento Economico",2,Cultura,150070000000,Recursos não vinculados de Impostos,36.225.268/0001-79,INSTALAR INSTALAÇÃO E MANUTENÇÃO LTDA,139.04,106.94,0,32.10,32.10,0,0.00,106.94,106.94,0
12,"Secretaria de Turismo, Cultura e Desenvolvimento Economico",2,Cultura,150070000000,Recursos não vinculados de Impostos,13.965.228/0001-68,JLM DISTRIBUIDORA BR LTDA,1366.35,0,0,1366.35,0,1366.35,0.00,1366.35,0,1366.35
12,"Secretaria de Turismo, Cultura e Desenvolvimento Economico",2,Cultura,150070000000,Recursos não vinculados de Impostos,02.323.274/0001-47,KRUEGER COMÉRCIO DE MATERIAIS ELÉTRICOS E HIDRÁULICOS LTDA,10.50,0,0,10.50,0,0,10.50,0,0,0
12,"Secretaria de Turismo, Cultura e Desenvolvimento Economico",2,Cultura,150070000000,Recursos não vinculados de Impostos,53.795.421/0001-12,M A F VILAS BOAS SERVICOS & CIA LTDA,9438.37,0,0,9438.37,9438.37,0,0.00,0,0,0
12,"Secretaria de Turismo, Cultura e Desenvolvimento Economico",2,Cultura,150070000000,Recursos não vinculados de Impostos,030.526.939-99,RAFAEL LIANDRO PINTO NEMEZIO,5887.20,0.00,0,2551.12,2551.12,0,0.00,3336.08,0,0
12,"Secretaria de Turismo, Cultura e Desenvolvimento Economico",2,Cultura,150070000000,Recursos não vinculados de Impostos,22.637.568/0001-50,RDC PRESTADORA DE SERVICOS LTDA,9540.00,0.00,0,3920.00,3920.00,0,0.00,5620.00,0,0
12,"Secretaria de Turismo, Cultura e Desenvolvimento Economico",2,Cultura,150070000000,Recursos não vinculados de Impostos,760.559.069-53,ROBERTO CARLOS MASKE,5887.20,0.00,0,3502.32,3502.32,0,0.00,2384.88,0,0
12,"Secretaria de Turismo, Cultura e Desenvolvimento Economico",2,Cultura,150070000000,Recursos não vinculados de Impostos,07.448.130/0001-30,SELL MADEIRAS E GUINDASTES LTDA,2739.00,0.00,0,1494.00,1494.00,0,0.00,1245.00,0,0
12,"Secretaria de Turismo, Cultura e Desenvolvimento Economico",2,Cultura,150070000000,Recursos não vinculados de Impostos,02.255.187/0001-08,UNIFIQUE TELECOMUNICAÇÕES S/A,2574.96,0.00,0,321.87,0,321.87,0.00,2574.96,0,321.87
12,"Secretaria de Turismo, Cultura e Desenvolvimento Economico",2,Cultura,250070000000,Recursos não vinculados de Impostos,10.894.908/0001-40,10.894.908 FERNANDA IDA BUTZKE,1500.03,0,0,1500.03,0,0,1500.03,0,0,0
12,"Secretaria de Turismo, Cultura e Desenvolvimento Economico",2,Cultura,250070000000,Recursos não vinculados de Impostos,11.079.451/0001-82,EMPREITEIRA DE MAO DE OBRA TRIBESS LTDA,20842.70,0.00,0,1460.30,1460.30,0,0.00,19382.40,0,0
12,Secretaria de Turismo e Cultura,2,Cultura,250070000000,Recursos não vinculados de Impostos,00.474.973/0001-62,ESCRITORIO CENTRAL DE ARRECADACAO E DISTRIBUICAO - ECAD,38000.00,0.00,0,23401.26,23401.26,0,0.00,14598.74,0,0
12,"Secretaria de Turismo, Cultura e Desenvolvimento Economico",2,Cultura,250070000000,Recursos não vinculados de Impostos,53.795.421/0001-12,M A F VILAS BOAS SERVICOS & CIA LTDA,1752.80,0.00,0,751.20,0,751.20,0.00,1752.80,0,751.20
12,"Secretaria de Turismo, Cultura e Desenvolvimento Economico",2,Cultura,250070000000,Recursos não vinculados de Impostos,22.637.568/0001-50,RDC PRESTADORA DE SERVICOS LTDA,12862.38,0,0,12862.38,0,12862.38,0.00,12862.38,0,12862.38
12,"Secretaria de Turismo, Cultura e Desenvolvimento Economico",2,Cultura,250070000000,Recursos não vinculados de Impostos,07.448.130/0001-30,SELL MADEIRAS E GUINDASTES LTDA,21480.00,0,0,21480.00,0,21480.00,0.00,21480.00,0,21480.00
12,"Secretaria de Turismo, Cultura e Desenvolvimento Economico",2,Cultura,250170000000,Outros Recursos não Vinculados,02.255.187/0001-08,UNIFIQUE TELECOMUNICAÇÕES S/A,9012.32,0.00,0,1126.54,0,1126.54,0.00,9012.32,0,1126.54
12,"Secretaria de Turismo, Cultura e Desenvolvimento Economico",5,Desenvolvimento Economico,150070000000,Recursos não vinculados de Impostos,30.971.967/0001-81,"INOVARE DESIGN DE MÓVEIS, CONSTRUTORA, COMÉRCIO E SERVIÇOS LTDA",429.00,0,0,429.00,429.00,0,0.00,0,0,0
12,"Secretaria de Turismo, Cultura e Desenvolvimento Economico",5,Desenvolvimento Economico,150070000000,Recursos não vinculados de Impostos,29.979.036/0001-40,INSS- INSTITUTO NACIONAL DO SEGURO SOCIAL,1920.65,1920.65,0,0.00,0,0,0.00,1920.65,1920.65,0
12,"Secretaria de Turismo, Cultura e Desenvolvimento Economico",5,Desenvolvimento Economico,150070000000,Recursos não vinculados de Impostos,03.603.739/0001-86,SERVIÇO NACIONAL DE APRENDIZAGEM COMERCIAL - SENAC,67124.00,0.00,0,4529.00,4529.00,0,0.00,62595.00,0,0
12,"Secretaria de Turismo, Cultura e Desenvolvimento Economico",5,Desenvolvimento Economico,150070000000,Recursos não vinculados de Impostos,03.774.688/0029-56,SERVIÇO NACIONAL DE APRENDIZAGEM INDUSTRIAL,63590.10,0.00,0,22512.14,22512.14,0,0.00,41077.96,0,0
12,"Secretaria de Turismo, Cultura e Desenvolvimento Economico",5,Desenvolvimento Economico,250070000000,Recursos não vinculados de Impostos,29.979.036/0001-40,INSS- INSTITUTO NACIONAL DO SEGURO SOCIAL,298.75,298.75,0,0.00,0,0,0.00,298.75,298.75,0
12,"Secretaria de Turismo, Cultura e Desenvolvimento Economico",5,Desenvolvimento Economico,250170000000,Outros Recursos não Vinculados,08.336.783/0001-90,CELESC DISTRIBUICAO S.A,920.86,0.00,0,619.79,0,619.79,0.00,920.86,0,619.79
13,Secretaria de Desenvolvimento Social e Habitacao,1,Secretaria de Desenvolvimento Social e Habitacao,150070000000,Recursos não vinculados de Impostos,08.202.415/0001-50,AHARDS SISTEMAS S/A,966.64,0,0,966.64,0,0,966.64,0,0,0
13,Secretaria de Desenvolvimento Social e Habitacao,1,Secretaria de Desenvolvimento Social e Habitacao,150070000000,Recursos não vinculados de Impostos,38.315.947/0001-64,CK RASTREAMENTO VEICULAR LTDA,810.00,0.00,0,108.00,0,0,108.00,702.00,0,0
13,Secretaria de Desenvolvimento Social e Habitacao,1,Secretaria de Desenvolvimento Social e Habitacao,150070000000,Recursos não vinculados de Impostos,29.979.036/0001-40,INSS- INSTITUTO NACIONAL DO SEGURO SOCIAL,5887.37,5887.37,0,0.00,0,0,0.00,5887.37,5887.37,0
13,Secretaria de Desenvolvimento Social e Habitacao,1,Secretaria de Desenvolvimento Social e Habitacao,150070000000,Recursos não vinculados de Impostos,00.736.251/0001-39,QUALICOPY SERVIÇOS E COMÉRCIO LTDA,700.00,0.00,0,688.00,0,0,688.00,12.00,0,0
13,Secretaria de Desenvolvimento Social e Habitacao,1,Secretaria de Desenvolvimento Social e Habitacao,150070000000,Recursos não vinculados de Impostos,37.143.430/0001-72,TSI CENTRO AUTOMOTIVO LTDA,211.58,0,0,211.58,0,84.00,127.58,84.00,0,84.00
13,Secretaria de Desenvolvimento Social e Habitacao,1,Secretaria de Desenvolvimento Social e Habitacao,150070000000,Recursos não vinculados de Impostos,02.255.187/0001-08,UNIFIQUE TELECOMUNICAÇÕES S/A,3862.40,0.00,0,482.80,0,482.80,0.00,3862.40,0,482.80
13,Secretaria de Desenvolvimento Social e Habitacao,2,Fundo Municipal da Assistencia Social,150070000000,Recursos não vinculados de Impostos,19.354.317/0001-54,CAGERE CASA ASSISTÊNCIAL LTDA,173180.64,0.00,0,6327.42,0,6327.42,0.00,173180.64,0,6327.42
13,Secretaria de Desenvolvimento Social e Habitacao,2,Fundo Municipal da Assistencia Social,150070000000,Recursos não vinculados de Impostos,08.336.783/0001-90,CELESC DISTRIBUICAO S.A,21467.79,0.00,0,1947.19,0,1947.19,0.00,21467.79,0,1947.19
13,Secretaria de Desenvolvimento Social e Habitacao,2,Fundo Municipal da Assistencia Social,150070000000,Recursos não vinculados de Impostos,089.202.019-94,CLARISSE DE LIMA TAMBOSI,273.85,273.85,0,0.00,0,0,0.00,273.85,273.85,0
13,Secretaria de Desenvolvimento Social e Habitacao,2,Fundo Municipal da Assistencia Social,150070000000,Recursos não vinculados de Impostos,80.495.625/0001-00,CONFEITARIA TORTEN PARADIES LTDA,83.00,0,0,83.00,83.00,0,0.00,0,0,0
13,Secretaria de Desenvolvimento Social e Habitacao,2,Fundo Municipal da Assistencia Social,150070000000,Recursos não vinculados de Impostos,86.910.148/0001-89,DIBRAPE - DISTRIBUIDORA BRASILEIRA DE PETRÓLEO LTDA,11500.00,0.00,0,1437.50,0,1437.50,0.00,11500.00,0,1437.50
13,Secretaria de Desenvolvimento Social e Habitacao,2,Fundo Municipal da Assistencia Social,150070000000,Recursos não vinculados de Impostos,23.860.785/0001-78,MGI MASSARANDUBA COMERCIO VAREJISTA DE GÁS LTDA,5409.90,0.00,0,601.10,0,0,601.10,4808.80,0,0
13,Secretaria de Desenvolvimento Social e Habitacao,2,Fundo Municipal da Assistencia Social,150070000000,Recursos não vinculados de Impostos,95.855.078/0001-02,PANIFICADORA E CONFEITARIA DONA ELLA LTDA,346.95,0.00,0,185.10,0,0,185.10,161.85,0,0
13,Secretaria de Desenvolvimento Social e Habitacao,2,Fundo Municipal da Assistencia Social,150070000000,Recursos não vinculados de Impostos,35.679.305/0001-56,POMMERNZUG TRANSPORTE RECREATIVO LTDA,12.82,0,0,12.82,0,12.82,0.00,12.82,0,12.82
13,Secretaria de Desenvolvimento Social e Habitacao,2,Fundo Municipal da Assistencia Social,166031100002,Emenda Parlamentar nº 202490550010: CRAS (Veículo tipo Van),05.035.532/0018-26,METRONORTE COMERCIAL DE VEÍCULOS LTDA,137800.00,0,0,137800.00,0,137800.00,0.00,137800.00,0,137800.00
13,Secretaria de Desenvolvimento Social e Habitacao,2,Fundo Municipal da Assistencia Social,166070000200,Piso de Transição de Média Complexidade - PTMC,36.811.724/0001-62,ALESSANDRO ENGEL,546.00,0,0,546.00,546.00,0,0.00,0,0,0
13,Secretaria de Desenvolvimento Social e Habitacao,2,Fundo Municipal da Assistencia Social,166170000016,FEAS - Proteção Social Especial,02.255.187/0001-08,UNIFIQUE TELECOMUNICAÇÕES S/A,1448.40,0.00,0,482.80,0,482.80,0.00,1448.40,0,482.80
13,Secretaria de Desenvolvimento Social e Habitacao,2,Fundo Municipal da Assistencia Social,166170000017,FEAS - Proteção Social Básica,36.811.724/0001-62,ALESSANDRO ENGEL,178.50,0,0,178.50,178.50,0,0.00,0,0,0
13,Secretaria de Desenvolvimento Social e Habitacao,2,Fundo Municipal da Assistencia Social,166170000017,FEAS - Proteção Social Básica,22.637.568/0001-50,RDC PRESTADORA DE SERVICOS LTDA,1447.16,0,0,1447.16,0,1447.16,0.00,1447.16,0,1447.16
13,Secretaria de Desenvolvimento Social e Habitacao,2,Fundo Municipal da Assistencia Social,166170000300,FEAS - Benefícios Eventuais,16.814.330/0001-50,BK INSTITUICAO DE PAGAMENTO LTDA,5594.80,5594.80,0,0.00,0,0,5594.80,0,0,0
13,Secretaria de Desenvolvimento Social e Habitacao,2,Fundo Municipal da Assistencia Social,166170000300,FEAS - Benefícios Eventuais,065.103.679-80,VANESSA VIEBRANTZ,1518.00,1518.00,1518.00,0.00,0,0,0.00,0.00,0,0
13,Secretaria de Desenvolvimento Social e Habitacao,2,Fundo Municipal da Assistencia Social,250070000000,Recursos não vinculados de Impostos,19.354.317/0001-54,CAGERE CASA ASSISTÊNCIAL LTDA,8750.22,0,0,8750.22,0,8750.22,0.00,8750.22,0,8750.22
13,Secretaria de Desenvolvimento Social e Habitacao,2,Fundo Municipal da Assistencia Social,250070000000,Recursos não vinculados de Impostos,02.667.539/0001-24,CENTRO DE CONVIVENCIA POMMERN HEIM,139327.61,0.00,0,30314.28,0,29200.00,1114.28,138213.33,0,29200.00
13,Secretaria de Desenvolvimento Social e Habitacao,2,Fundo Municipal da Assistencia Social,250070000000,Recursos não vinculados de Impostos,80.495.625/0001-00,CONFEITARIA TORTEN PARADIES LTDA,24.90,0,0,24.90,0,24.90,0.00,24.90,0,24.90
13,Secretaria de Desenvolvimento Social e Habitacao,2,Fundo Municipal da Assistencia Social,250070000000,Recursos não vinculados de Impostos,29.979.036/0001-40,INSS- INSTITUTO NACIONAL DO SEGURO SOCIAL,2197.96,2197.96,0,0.00,0,0,0.00,2197.96,2197.96,0
13,Secretaria de Desenvolvimento Social e Habitacao,2,Fundo Municipal da Assistencia Social,250070000000,Recursos não vinculados de Impostos,23.860.785/0001-78,MGI MASSARANDUBA COMERCIO VAREJISTA DE GÁS LTDA,1892.25,0.00,0,630.75,0,0,630.75,1261.50,0,0
13,Secretaria de Desenvolvimento Social e Habitacao,2,Fundo Municipal da Assistencia Social,250070000000,Recursos não vinculados de Impostos,37.115.367/0001-60,MINISTERIO DO TRABALHO - MTE,1130.84,1130.84,0,0.00,0,0,0.00,1130.84,1130.84,0
13,Secretaria de Desenvolvimento Social e Habitacao,2,Fundo Municipal da Assistencia Social,250070000000,Recursos não vinculados de Impostos,18.780.623/0001-90,NOAR TURISMO LTDA,386.12,0,0,386.12,386.12,0,0.00,0,0,0
13,Secretaria de Desenvolvimento Social e Habitacao,2,Fundo Municipal da Assistencia Social,250070000000,Recursos não vinculados de Impostos,95.855.078/0001-02,PANIFICADORA E CONFEITARIA DONA ELLA LTDA,200.70,0,0,200.70,0,200.70,0.00,200.70,0,200.70
13,Secretaria de Desenvolvimento Social e Habitacao,2,Fundo Municipal da Assistencia Social,250070000000,Recursos não vinculados de Impostos,45.594.755/0001-08,POMERODE PLACAS AUTOMOTIVAS LTDA,250.00,0,0,250.00,0,0,250.00,0,0,0
13,Secretaria de Desenvolvimento Social e Habitacao,2,Fundo Municipal da Assistencia Social,250070000000,Recursos não vinculados de Impostos,50.675.079/0001-29,POMERWASSER AMBIENTAL S.P.E. S.A.,12359.14,0.00,0,2043.26,0,2043.26,0.00,12359.14,0,2043.26
13,Secretaria de Desenvolvimento Social e Habitacao,2,Fundo Municipal da Assistencia Social,266070000700,Bolsa Família (Transferência do FNAS),80.495.625/0001-00,CONFEITARIA TORTEN PARADIES LTDA,459.50,453.99,0,0.00,0,0,0.00,459.50,453.99,0
13,Secretaria de Desenvolvimento Social e Habitacao,2,Fundo Municipal da Assistencia Social,266070000700,Bolsa Família (Transferência do FNAS),01.258.027/0003-03,IPM SISTEMAS LTDA,480.00,0,0,480.00,0,0,480.00,0,0,0
13,Secretaria de Desenvolvimento Social e Habitacao,2,Fundo Municipal da Assistencia Social,266170000017,FEAS - Proteção Social Básica,02.255.187/0001-08,UNIFIQUE TELECOMUNICAÇÕES S/A,3862.40,0.00,0,482.80,0,482.80,0.00,3862.40,0,482.80
13,Secretaria de Desenvolvimento Social e Habitacao,3,Fundo Municipal p/ Crianca e o Adolescente,175970030100,FIA Imposto de Renda,08.889.308/0005-75,PEAL ASSOCIACAO DOS PROGRAMAS EDUCACIONAIS E ASSISTENCIAIS,51882.31,0.00,0,35500.00,0,35500.00,0.00,51882.31,0,35500.00
13,Secretaria de Desenvolvimento Social e Habitacao,3,Fundo Municipal p/ Crianca e o Adolescente,275970030100,FIA Imposto de Renda,20.909.754/0001-76,APAAC - ASSOCIAÇÃO POMERODENSE DE APOIO A ARTE E A CULTURA DA CAPOEIRA,39440.00,0.00,0,37120.00,0,27840.00,14320.00,25120.00,0,22800.00
15, Serviço Autônomo Municipal de Agua e Esgoto de Pomerode,1, Servico Autonomo Municipal de Agua e Esgoto,150070000000,Recursos não vinculados de Impostos,03.111.139/0001-09,CONSORCIO INTERMUNICIPAL DO MEDIO VALE DO ITAJAI,100153.17,0,0,100153.17,0,100153.17,0.00,100153.17,0,100153.17
15, Serviço Autônomo Municipal de Agua e Esgoto de Pomerode,1, Servico Autonomo Municipal de Agua e Esgoto,150070000000,Recursos não vinculados de Impostos,86.910.148/0001-89,DIBRAPE - DISTRIBUIDORA BRASILEIRA DE PETRÓLEO LTDA,2070.00,803.07,0,1265.00,0,1265.00,0.00,2070.00,803.07,1265.00
15, Serviço Autônomo Municipal de Agua e Esgoto de Pomerode,1, Servico Autonomo Municipal de Agua e Esgoto,150070000000,Recursos não vinculados de Impostos,29.979.036/0001-40,INSS- INSTITUTO NACIONAL DO SEGURO SOCIAL,13472.78,13342.78,0,0.00,0,0,0.00,13472.78,13342.78,0
15, Serviço Autônomo Municipal de Agua e Esgoto de Pomerode,1, Servico Autonomo Municipal de Agua e Esgoto,150070000000,Recursos não vinculados de Impostos,23.725.801/0001-10,JVA OBRAS DE URBANIZAÇÃO LTDA,48996.19,47109.83,0,0.00,0,0,0.00,48996.19,47109.83,0
15, Serviço Autônomo Municipal de Agua e Esgoto de Pomerode,1, Servico Autonomo Municipal de Agua e Esgoto,150070000000,Recursos não vinculados de Impostos,37.115.367/0001-60,MINISTERIO DO TRABALHO - MTE,6340.03,6340.03,0,0.00,0,0,0.00,6340.03,6340.03,0
15, Serviço Autônomo Municipal de Agua e Esgoto de Pomerode,1, Servico Autonomo Municipal de Agua e Esgoto,150070000000,Recursos não vinculados de Impostos,75.415.075/0002-13,RUDIPEL - RUDNICK PETRÓLEO LTDA,24718.68,11166.93,0,13524.88,0,13524.88,0.00,24718.68,11166.93,13524.88
15, Serviço Autônomo Municipal de Agua e Esgoto de Pomerode,1, Servico Autonomo Municipal de Agua e Esgoto,150070000000,Recursos não vinculados de Impostos,10.417.649/0001-66,RZT COMERCIO DE COMBUSTIVEIS LTDA,97.90,0,0,97.90,97.90,0,0.00,0,0,0
15, Serviço Autônomo Municipal de Agua e Esgoto de Pomerode,1, Servico Autonomo Municipal de Agua e Esgoto,175370000000,"SAMAE (Rec. Prov. de Taxas, Contrib. e Preços Públicos)",11.762.843/0001-41,"AGÊNCIA INTERMUNICIPAL DE REGULACÃO, CONTROLE E FISCALIZAÇÃO DE SERVIÇOS PÚBLICOS MUNICIPAIS DO MÉDIO VALE DO ITAJAÍ - AGIR",30665.28,2555.44,0,0.00,0,0,0.00,30665.28,2555.44,0
15, Serviço Autônomo Municipal de Agua e Esgoto de Pomerode,1, Servico Autonomo Municipal de Agua e Esgoto,175370000000,"SAMAE (Rec. Prov. de Taxas, Contrib. e Preços Públicos)",41.043.956/0001-58,ALLES SAUBER MATERIAIS DE LIMPEZA LTDA,353.20,0,0,353.20,0,353.20,0.00,353.20,0,353.20
15, Serviço Autonomo Municipal de Agua e Esgoto,1, Serviço Autonomo Municipal de Agua e Esgoto,175370000000,"SAMAE (Rec. Prov. de Taxas, Contrib. e Preços Públicos)",42.262.411/0001-03,ARGOS LTDA,4528.01,0.00,0,2428.01,2428.01,0,0.00,2100.00,0,0
15, Serviço Autônomo Municipal de Agua e Esgoto de Pomerode,1, Servico Autonomo Municipal de Agua e Esgoto,175370000000,"SAMAE (Rec. Prov. de Taxas, Contrib. e Preços Públicos)",83.636.399/0001-29,ASSOCIACAO EMPRESARIAL DE POMERODE - ACIP,50.00,0,0,50.00,0,50.00,0.00,50.00,0,50.00
15, Serviço Autonomo Municipal de Agua e Esgoto,1, Serviço Autonomo Municipal de Agua e Esgoto,175370000000,"SAMAE (Rec. Prov. de Taxas, Contrib. e Preços Públicos)",36.948.186/0001-52,AUTO POSTO LIGIER LTDA,13817.47,0.00,0,330.54,330.54,0,0.00,13486.93,0,0
15, Serviço Autônomo Municipal de Agua e Esgoto de Pomerode,1, Servico Autonomo Municipal de Agua e Esgoto,175370000000,"SAMAE (Rec. Prov. de Taxas, Contrib. e Preços Públicos)",02.038.232/0001-64,BANCO COOPERATIVO DO BRASIL S.A.,865.18,0.00,0,74.21,0,74.21,0.00,865.18,0,74.21
15, Serviço Autonomo Municipal de Agua e Esgoto,1, Serviço Autonomo Municipal de Agua e Esgoto,175370000000,"SAMAE (Rec. Prov. de Taxas, Contrib. e Preços Públicos)",03.111.139/0001-09,CONSORCIO INTERMUNICIPAL DO MEDIO VALE DO ITAJAI,65820.81,65820.81,0,0.00,0,0,65820.81,0,0,0
15, Serviço Autônomo Municipal de Agua e Esgoto de Pomerode,1, Servico Autonomo Municipal de Agua e Esgoto,175370000000,"SAMAE (Rec. Prov. de Taxas, Contrib. e Preços Públicos)",03.111.139/0001-09,CONSORCIO INTERMUNICIPAL DO MEDIO VALE DO ITAJAI,191382.67,0,0,191382.67,0,191382.67,0.00,191382.67,0,191382.67
15, Serviço Autônomo Municipal de Agua e Esgoto de Pomerode,1, Servico Autonomo Municipal de Agua e Esgoto,175370000000,"SAMAE (Rec. Prov. de Taxas, Contrib. e Preços Públicos)",05.463.212/0001-29,COOPERATIVA CENTRAL DE CREDITO - AILOS,13273.61,0.00,0,1221.75,0,1221.75,0.00,13273.61,0,1221.75
15, Serviço Autônomo Municipal de Agua e Esgoto de Pomerode,1, Servico Autonomo Municipal de Agua e Esgoto,175370000000,"SAMAE (Rec. Prov. de Taxas, Contrib. e Preços Públicos)",04.724.655/0001-63,COPY LINE COMÉRCIO E SERVIÇOS LTDA,15655.18,0.00,0,2460.00,80.00,0,2380.00,13195.18,0,0
15, Serviço Autônomo Municipal de Agua e Esgoto de Pomerode,1, Servico Autonomo Municipal de Agua e Esgoto,175370000000,"SAMAE (Rec. Prov. de Taxas, Contrib. e Preços Públicos)",82.895.970/0001-67,FEDERACAO DAS CAMARAS DE DIRIGENTES LOJISTAS DE SC,189.00,0,0,189.00,0,189.00,0.00,189.00,0,189.00
15, Serviço Autonomo Municipal de Agua e Esgoto,1, Serviço Autonomo Municipal de Agua e Esgoto,175370000000,"SAMAE (Rec. Prov. de Taxas, Contrib. e Preços Públicos)",43.731.740/0001-00,FRONT COMERCIAL LTDA,2290.30,0,0,2290.30,2290.30,0,0.00,0,0,0
15, Serviço Autônomo Municipal de Agua e Esgoto de Pomerode,1, Servico Autonomo Municipal de Agua e Esgoto,175370000000,"SAMAE (Rec. Prov. de Taxas, Contrib. e Preços Públicos)",40.738.368/0001-76,GAMBA CONEXÕES COMÉRCIO ATACADISTA DE ALIMENTOS LTDA,386.22,0,0,386.22,386.22,0,0.00,0,0,0
15, Serviço Autônomo Municipal de Agua e Esgoto de Pomerode,1, Servico Autonomo Municipal de Agua e Esgoto,175370000000,"SAMAE (Rec. Prov. de Taxas, Contrib. e Preços Públicos)",03.277.259/0001-72,GUMZ COMERCIO E INDUSTRIA LTDA,144.30,0,0,144.30,0,144.30,0.00,144.30,0,144.30
15, Serviço Autonomo Municipal de Agua e Esgoto,1, Serviço Autonomo Municipal de Agua e Esgoto,175370000000,"SAMAE (Rec. Prov. de Taxas, Contrib. e Preços Públicos)",13.914.027/0001-31,HIDROLUX INDUSTRIA E COMERCIO DE MATERIAIS HIDRAULICOS EIRELI - ME,206.60,0,0,206.60,206.60,0,0.00,0,0,0
15, Serviço Autônomo Municipal de Agua e Esgoto de Pomerode,1, Servico Autonomo Municipal de Agua e Esgoto,175370000000,"SAMAE (Rec. Prov. de Taxas, Contrib. e Preços Públicos)",75.786.459/0001-61,IMPRESSORA MAYER LTDA,620.00,0,0,620.00,0,620.00,0.00,620.00,0,620.00
15, Serviço Autônomo Municipal de Agua e Esgoto de Pomerode,1, Servico Autonomo Municipal de Agua e Esgoto,175370000000,"SAMAE (Rec. Prov. de Taxas, Contrib. e Preços Públicos)",14.631.753/0001-00,INDUSTRIA E COMERCIO DE EMBALAGENS 21 LTDA,70560.00,0,0,70560.00,0,70560.00,0.00,70560.00,0,70560.00
15, Serviço Autônomo Municipal de Agua e Esgoto de Pomerode,1, Servico Autonomo Municipal de Agua e Esgoto,175370000000,"SAMAE (Rec. Prov. de Taxas, Contrib. e Preços Públicos)",29.979.036/0001-40,INSS- INSTITUTO NACIONAL DO SEGURO SOCIAL,1185.43,1185.43,0,0.00,0,0,0.00,1185.43,1185.43,0
15, Serviço Autônomo Municipal de Agua e Esgoto de Pomerode,1, Servico Autonomo Municipal de Agua e Esgoto,175370000000,"SAMAE (Rec. Prov. de Taxas, Contrib. e Preços Públicos)",36.225.268/0001-79,INSTALAR INSTALAÇÃO E MANUTENÇÃO LTDA,2800.00,2800.00,0,0.00,0,0,0.00,2800.00,2800.00,0
15, Serviço Autônomo Municipal de Agua e Esgoto de Pomerode,1, Servico Autonomo Municipal de Agua e Esgoto,175370000000,"SAMAE (Rec. Prov. de Taxas, Contrib. e Preços Públicos)",01.258.027/0003-03,IPM SISTEMAS LTDA,23599.90,0,0,23599.90,0,21373.20,2226.70,21373.20,0,21373.20
15, Serviço Autônomo Municipal de Agua e Esgoto de Pomerode,1, Servico Autonomo Municipal de Agua e Esgoto,175370000000,"SAMAE (Rec. Prov. de Taxas, Contrib. e Preços Públicos)",05.766.304/0001-88,J-TECH SOLUÇÕES EM INFORMÁTICA LTDA,5465.10,0,0,5465.10,0,5465.10,0.00,5465.10,0,5465.10
15, Serviço Autônomo Municipal de Agua e Esgoto de Pomerode,1, Servico Autonomo Municipal de Agua e Esgoto,175370000000,"SAMAE (Rec. Prov. de Taxas, Contrib. e Preços Públicos)",18.435.617/0001-03,KRAFT COMÉRCIO E SERVIÇOS LTDA,3007.51,0,0,3007.51,0,3007.51,0.00,3007.51,0,3007.51
15, Serviço Autonomo Municipal de Agua e Esgoto,1, Serviço Autonomo Municipal de Agua e Esgoto,175370000000,"SAMAE (Rec. Prov. de Taxas, Contrib. e Preços Públicos)",02.323.274/0001-47,KRUEGER COMÉRCIO DE MATERIAIS ELÉTRICOS E HIDRÁULICOS LTDA,307.00,307.00,0,0.00,0,0,307.00,0,0,0
15, Serviço Autônomo Municipal de Agua e Esgoto de Pomerode,1, Servico Autonomo Municipal de Agua e Esgoto,175370000000,"SAMAE (Rec. Prov. de Taxas, Contrib. e Preços Públicos)",02.323.274/0001-47,KRUEGER COMÉRCIO DE MATERIAIS ELÉTRICOS E HIDRÁULICOS LTDA,138.75,0,0,138.75,0,138.75,0.00,138.75,0,138.75
15, Serviço Autônomo Municipal de Agua e Esgoto de Pomerode,1, Servico Autonomo Municipal de Agua e Esgoto,175370000000,"SAMAE (Rec. Prov. de Taxas, Contrib. e Preços Públicos)",46.743.542/0001-55,LA MAISON DISTRIBUIDORA LTDA,150.06,0,0,150.06,150.06,0,0.00,0,0,0
15, Serviço Autônomo Municipal de Agua e Esgoto de Pomerode,1, Servico Autonomo Municipal de Agua e Esgoto,175370000000,"SAMAE (Rec. Prov. de Taxas, Contrib. e Preços Públicos)",44.398.032/0001-62,LG COMERCIO DE EMBALAGENS LTDA,3200.00,0,0,3200.00,0,3200.00,0.00,3200.00,0,3200.00
15, Serviço Autônomo Municipal de Agua e Esgoto de Pomerode,1, Servico Autonomo Municipal de Agua e Esgoto,175370000000,"SAMAE (Rec. Prov. de Taxas, Contrib. e Preços Públicos)",00.394.460/0001-41,MINISTERIO DA ECONOMIA,3442.40,3442.40,0,0.00,0,0,0.00,3442.40,3442.40,0
15, Serviço Autônomo Municipal de Agua e Esgoto de Pomerode,1, Servico Autonomo Municipal de Agua e Esgoto,175370000000,"SAMAE (Rec. Prov. de Taxas, Contrib. e Preços Públicos)",04.043.695/0001-40,MOTORAMA MOTOS LTDA,510.00,0,0,510.00,190.00,320.00,0.00,320.00,0,320.00
15, Serviço Autonomo Municipal de Agua e Esgoto,1, Serviço Autonomo Municipal de Agua e Esgoto,175370000000,"SAMAE (Rec. Prov. de Taxas, Contrib. e Preços Públicos)",82.749.987/0001-06,NETZSCH DO BRASIL INDUSTRIA E COMERCIO LTDA,379.81,0.00,0,4.63,4.63,0,0.00,375.18,0,0
15, Serviço Autônomo Municipal de Agua e Esgoto de Pomerode,1, Servico Autonomo Municipal de Agua e Esgoto,175370000000,"SAMAE (Rec. Prov. de Taxas, Contrib. e Preços Públicos)",85.143.105/0001-52,ORTUS SOLUÇÕES AMBIENTAIS LTDA,610.00,610.00,0,0.00,0,0,0.00,610.00,610.00,0
15, Serviço Autônomo Municipal de Agua e Esgoto de Pomerode,1, Servico Autonomo Municipal de Agua e Esgoto,175370000000,"SAMAE (Rec. Prov. de Taxas, Contrib. e Preços Públicos)",06.108.206/0001-16,PERFIL WEB INFORMATICA LTDA,345.00,0,0,345.00,0,345.00,0.00,345.00,0,345.00
15, Serviço Autonomo Municipal de Agua e Esgoto,1, Serviço Autonomo Municipal de Agua e Esgoto,175370000000,"SAMAE (Rec. Prov. de Taxas, Contrib. e Preços Públicos)",17.092.175/0001-79,PNEULOG COMÉRCIO DE PNEUMÁTICOS EIRELI,3270.00,0,0,3270.00,3270.00,0,0.00,0,0,0
15, Serviço Autônomo Municipal de Agua e Esgoto de Pomerode,1, Servico Autonomo Municipal de Agua e Esgoto,175370000000,"SAMAE (Rec. Prov. de Taxas, Contrib. e Preços Públicos)",45.594.755/0001-08,POMERODE PLACAS AUTOMOTIVAS LTDA,240.00,0,0,240.00,240.00,0,0.00,0,0,0
15, Serviço Autônomo Municipal de Agua e Esgoto de Pomerode,1, Servico Autonomo Municipal de Agua e Esgoto,175370000000,"SAMAE (Rec. Prov. de Taxas, Contrib. e Preços Públicos)",50.675.079/0001-29,POMERWASSER AMBIENTAL S.P.E. S.A.,47.10,44.84,0,0.00,0,0,0.00,47.10,44.84,0
15, Serviço Autônomo Municipal de Agua e Esgoto de Pomerode,1, Servico Autonomo Municipal de Agua e Esgoto,175370000000,"SAMAE (Rec. Prov. de Taxas, Contrib. e Preços Públicos)",09.209.146/0001-16,PONTOGOV SISTEMAS LTDA,495.45,471.68,0,0.00,0,0,0.00,495.45,471.68,0
15, Serviço Autônomo Municipal de Agua e Esgoto de Pomerode,1, Servico Autonomo Municipal de Agua e Esgoto,175370000000,"SAMAE (Rec. Prov. de Taxas, Contrib. e Preços Públicos)",26.093.870/0001-46,RACLI LIMPEZA URBANA LTDA,39600.00,0,0,39600.00,0,39600.00,0.00,39600.00,0,39600.00
15, Serviço Autônomo Municipal de Agua e Esgoto de Pomerode,1, Servico Autonomo Municipal de Agua e Esgoto,175370000000,"SAMAE (Rec. Prov. de Taxas, Contrib. e Preços Públicos)",75.293.126/0001-09,RÁDIO POMERODE LTDA,8259.17,4449.17,0,3810.00,0,3810.00,4449.17,3810.00,0,3810.00
15, Serviço Autonomo Municipal de Agua e Esgoto,1, Serviço Autonomo Municipal de Agua e Esgoto,175370000000,"SAMAE (Rec. Prov. de Taxas, Contrib. e Preços Públicos)",42.923.886/0001-95,SANELPLED COMERCIO DE MATERIAIS HIDRAULICOS EIRELI,2795.00,0.00,0,2200.00,2200.00,0,0.00,595.00,0,0
15, Serviço Autônomo Municipal de Agua e Esgoto de Pomerode,1, Servico Autonomo Municipal de Agua e Esgoto,175370000000,"SAMAE (Rec. Prov. de Taxas, Contrib. e Preços Públicos)",79.511.812/0001-51,SERVMED CLINICA DE MEDICINA DO TRABALHO LTDA,1103.07,0,0,1103.07,0,1103.07,0.00,1103.07,0,1103.07
15, Serviço Autônomo Municipal de Agua e Esgoto de Pomerode,1, Servico Autonomo Municipal de Agua e Esgoto,175370000000,"SAMAE (Rec. Prov. de Taxas, Contrib. e Preços Públicos)",14.027.991/0001-00,SIGASUL LTDA,494.24,0,0,494.24,0,494.24,0.00,494.24,0,494.24
15, Serviço Autônomo Municipal de Agua e Esgoto de Pomerode,1, Servico Autonomo Municipal de Agua e Esgoto,175370000000,"SAMAE (Rec. Prov. de Taxas, Contrib. e Preços Públicos)",04.895.816/0001-81,SOCIEDADE VALE DE COMUNICACOES LTDA,9686.24,6511.24,0,3175.00,0,3175.00,6511.24,3175.00,0,3175.00
15, Serviço Autônomo Municipal de Agua e Esgoto de Pomerode,1, Servico Autonomo Municipal de Agua e Esgoto,175370000000,"SAMAE (Rec. Prov. de Taxas, Contrib. e Preços Públicos)",31.124.858/0001-91,TRENNIR DESENVOLVIMENTO DE PROGRAMAS DE COMPUTADOR LTDA,250.00,0,0,250.00,0,0,250.00,0,0,0
15, Serviço Autônomo Municipal de Agua e Esgoto de Pomerode,1, Servico Autonomo Municipal de Agua e Esgoto,175370000000,"SAMAE (Rec. Prov. de Taxas, Contrib. e Preços Públicos)",37.143.430/0001-72,TSI CENTRO AUTOMOTIVO LTDA,1016.00,48.00,0,968.00,0,968.00,0.00,1016.00,48.00,968.00
15, Serviço Autônomo Municipal de Agua e Esgoto de Pomerode,1, Servico Autonomo Municipal de Agua e Esgoto,175370000000,"SAMAE (Rec. Prov. de Taxas, Contrib. e Preços Públicos)",02.255.187/0001-08,UNIFIQUE TELECOMUNICAÇÕES S/A,9262.44,0.00,0,771.87,0,771.87,0.00,9262.44,0,771.87
15, Serviço Autônomo Municipal de Agua e Esgoto de Pomerode,1, Servico Autonomo Municipal de Agua e Esgoto,175370000000,"SAMAE (Rec. Prov. de Taxas, Contrib. e Preços Públicos)",82.624.776/0001-47,UNIMED BLUMENAU - COOPERATIVA DE TRABALHO MÉDICO,22891.96,2256.72,0,0.00,0,0,0.00,22891.96,2256.72,0
15, Serviço Autonomo Municipal de Agua e Esgoto,1, Serviço Autonomo Municipal de Agua e Esgoto,175370000000,"SAMAE (Rec. Prov. de Taxas, Contrib. e Preços Públicos)",39.911.583/0001-48,UPGREEN AMBIENTAL LTDA,8000.00,0.00,0,492.00,492.00,0,0.00,7508.00,0,0
15, Serviço Autônomo Municipal de Agua e Esgoto de Pomerode,1, Servico Autonomo Municipal de Agua e Esgoto,175670000001, SAMAE (Recursos de Alienação de Bens/Ativos - Administração Indireta),23.303.577/0001-78,OH8 COMUNICAÇÃO VISUAL EIRELI,11500.00,0,0,11500.00,0,11500.00,0.00,11500.00,0,11500.00
15, Serviço Autônomo Municipal de Agua e Esgoto de Pomerode,1, Servico Autonomo Municipal de Agua e Esgoto,275370000000,"SAMAE (Rec. Prov. de Taxas, Contrib. e Preços Públicos)",12.132.459/0001-28,ALBERI EQUIPAMENTOS LTDA,1760.00,0,0,1760.00,0,1760.00,0.00,1760.00,0,1760.00
15, Serviço Autônomo Municipal de Agua e Esgoto de Pomerode,1, Servico Autonomo Municipal de Agua e Esgoto,275370000000,"SAMAE (Rec. Prov. de Taxas, Contrib. e Preços Públicos)",75.849.125/0001-90,AUTO PECAS E OFICINA TESTO CENTRAL LTDA,130.00,123.76,0,0.00,0,0,123.76,6.24,0,0
15, Serviço Autônomo Municipal de Agua e Esgoto de Pomerode,1, Servico Autonomo Municipal de Agua e Esgoto,275370000000,"SAMAE (Rec. Prov. de Taxas, Contrib. e Preços Públicos)",14.631.753/0001-00,INDUSTRIA E COMERCIO DE EMBALAGENS 21 LTDA,10079.97,9959.01,0,0.00,0,0,0.00,10079.97,9959.01,0
15, Serviço Autônomo Municipal de Agua e Esgoto de Pomerode,1, Servico Autonomo Municipal de Agua e Esgoto,275370000000,"SAMAE (Rec. Prov. de Taxas, Contrib. e Preços Públicos)",36.225.268/0001-79,INSTALAR INSTALAÇÃO E MANUTENÇÃO LTDA,97.35,0,0,97.35,97.35,0,0.00,0,0,0
15, Serviço Autônomo Municipal de Agua e Esgoto de Pomerode,1, Servico Autonomo Municipal de Agua e Esgoto,275370000000,"SAMAE (Rec. Prov. de Taxas, Contrib. e Preços Públicos)",23.725.801/0001-10,JVA OBRAS DE URBANIZAÇÃO LTDA,10636.46,10226.96,0,0.00,0,0,0.00,10636.46,10226.96,0
15, Serviço Autônomo Municipal de Agua e Esgoto de Pomerode,1, Servico Autonomo Municipal de Agua e Esgoto,275370000000,"SAMAE (Rec. Prov. de Taxas, Contrib. e Preços Públicos)",85.143.105/0001-52,ORTUS SOLUÇÕES AMBIENTAIS LTDA,1220.00,610.00,0,610.00,0,610.00,0.00,1220.00,610.00,610.00
15, Serviço Autônomo Municipal de Agua e Esgoto de Pomerode,1, Servico Autonomo Municipal de Agua e Esgoto,275370000000,"SAMAE (Rec. Prov. de Taxas, Contrib. e Preços Públicos)",50.675.079/0001-29,POMERWASSER AMBIENTAL S.P.E. S.A.,95.09,90.53,0,0.00,0,0,0.00,95.09,90.53,0
15, Serviço Autônomo Municipal de Agua e Esgoto de Pomerode,1, Servico Autonomo Municipal de Agua e Esgoto,275370000000,"SAMAE (Rec. Prov. de Taxas, Contrib. e Preços Públicos)",00.736.251/0001-39,QUALICOPY SERVIÇOS E COMÉRCIO LTDA,240.00,0,0,240.00,240.00,0,0.00,0,0,0
15, Serviço Autônomo Municipal de Agua e Esgoto de Pomerode,1, Servico Autonomo Municipal de Agua e Esgoto,275370000000,"SAMAE (Rec. Prov. de Taxas, Contrib. e Preços Públicos)",05.572.506/0002-70,RINNERT & CIA LTDA,2170.00,0,0,2170.00,0,2170.00,0.00,2170.00,0,2170.00
15, Serviço Autônomo Municipal de Agua e Esgoto de Pomerode,1, Servico Autonomo Municipal de Agua e Esgoto,275370000000,"SAMAE (Rec. Prov. de Taxas, Contrib. e Preços Públicos)",11.893.123/0001-15,SUPER PLANADOR COMERCIO DE ELETRONICOS LTDA,4500.00,0,0,4500.00,0,4500.00,0.00,4500.00,0,4500.00
15, Serviço Autônomo Municipal de Agua e Esgoto de Pomerode,1, Servico Autonomo Municipal de Agua e Esgoto,275370000000,"SAMAE (Rec. Prov. de Taxas, Contrib. e Preços Públicos)",37.143.430/0001-72,TSI CENTRO AUTOMOTIVO LTDA,13149.75,13103.00,0,46.75,46.75,0,0.00,13103.00,13103.00,0
16, Fundo de Aposentadoria e Pensao de Pomerode,1, Fundo de Aposentadoria e Pensao de Pomerode,180270000000,Rec. vinc. ao RPPS - Taxa de Administração,42.422.253/0001-01,EMPRESA DE TECNOLOGIA E INFORMAÇÕES DA PREVIDÊNCIA - DATAPREV S.A.,7200.00,0.00,0,617.25,0,300.00,317.25,6882.75,0,300.00
16,Fundo de Aposentadoria e Pensao de Pomerode,1,Fundo de Aposentadoria e Pensao de Pomerode,180270000000,Rec. vinc. ao RPPS - Taxa de Administração,42.422.253/0001-01,EMPRESA DE TECNOLOGIA E INFORMAÇÕES DA PREVIDÊNCIA - DATAPREV S.A.,3592.50,300.00,0,600.00,0,0,900.00,2692.50,0,0
16, Fundo de Aposentadoria e Pensao de Pomerode,1, Fundo de Aposentadoria e Pensao de Pomerode,180270000000,Rec. vinc. ao RPPS - Taxa de Administração,10.541.510/0001-20,I F CONSULTORIA ATUARIAL LTDA,780.00,0,0,780.00,0,0,780.00,0,0,0
16, Fundo de Aposentadoria e Pensao de Pomerode,1, Fundo de Aposentadoria e Pensao de Pomerode,180270000000,Rec. vinc. ao RPPS - Taxa de Administração,01.258.027/0003-03,IPM SISTEMAS LTDA,17650.00,0.00,0,1205.00,0,1205.00,0.00,17650.00,0,1205.00
16, Fundo de Aposentadoria e Pensao de Pomerode,1, Fundo de Aposentadoria e Pensao de Pomerode,180270000000,Rec. vinc. ao RPPS - Taxa de Administração,11.882.190/0001-34,SMI PRIME - CONSULTORIA DE INVESTIMENTOS LTDA,16316.00,308.45,0,0.00,0,0,0.00,16316.00,308.45,0
16, Fundo de Aposentadoria e Pensao de Pomerode,1, Fundo de Aposentadoria e Pensao de Pomerode,280011110000,Rec. vinc. ao RPPS - Poder Executivo,16.727.230/0001-97,"COORDENACAO GERAL  DE ORÇAMENTO, FINANÇAS E CONTABILIDADE - FRGPS",1048239.16,0.00,0,511441.05,0,0,511441.05,536798.11,0,0
16, Fundo de Aposentadoria e Pensao de Pomerode,1, Fundo de Aposentadoria e Pensao de Pomerode,280011110000,Rec. vinc. ao RPPS - Poder Executivo,14.522.175/0001-73,FUNDO MUNICIPAL DE PREVIDENCIA SOCIAL,3000.00,0.00,0,2920.08,0,8.88,2911.20,88.80,0,8.88
16, Fundo de Aposentadoria e Pensao de Pomerode,1, Fundo de Aposentadoria e Pensao de Pomerode,280011110000,Rec. vinc. ao RPPS - Poder Executivo,07.855.180/0001-32,INSTITUTO DE APOSENTADORIA E PENSÕES DOS SERVIDORES PUBLICOS MUNICIPAIS DE INDAIAL,42000.00,0.00,0,34703.97,0,115.81,34588.16,7411.84,0,115.81
19,Fundo Municipal de Saude,1,Atencao Basica,150010020000,Saúde (15%): Recursos não vinculados de Impostos,00.802.002/0001-02,ALTERMED MATERIAL MÉDICO HOSPITALAR LTDA,422.88,0,0,422.88,12.00,410.88,0.00,410.88,0,410.88
19,Fundo Municipal de Saude,1,Atencao Basica,150010020000,Saúde (15%): Recursos não vinculados de Impostos,03.249.887/0001-44,CASA DA SOLIDARIEDADE,10500.00,0.00,0,138.85,138.85,0,0.00,10361.15,0,0
19,Fundo Municipal de Saude,1,Atencao Basica,150010020000,Saúde (15%): Recursos não vinculados de Impostos,08.336.783/0001-90,CELESC DISTRIBUICAO S.A,123774.58,0.00,0,12031.26,0,12031.26,0.00,123774.58,0,12031.26
19,Fundo Municipal de Saude,1,Atencao Basica,150010020000,Saúde (15%): Recursos não vinculados de Impostos,03.652.030/0003-32,CENTERMEDI-COMERCIO DE PRODUTOS HOSPITALARES LTDA,525.00,0.00,0,150.00,0,0,150.00,375.00,0,0
19,Fundo Municipal de Saude,1,Atencao Basica,150010020000,Saúde (15%): Recursos não vinculados de Impostos,80.495.625/0001-00,CONFEITARIA TORTEN PARADIES LTDA,274.45,0,0,274.45,0,0,274.45,0,0,0
19,Fundo Municipal de Saude,1,Atencao Basica,150010020000,Saúde (15%): Recursos não vinculados de Impostos,04.724.655/0001-63,COPY LINE COMÉRCIO E SERVIÇOS LTDA,3435.20,0,0,3435.20,0,0,3435.20,0,0,0
19,Fundo Municipal de Saude,1,Atencao Basica,150010020000,Saúde (15%): Recursos não vinculados de Impostos,82.895.970/0001-67,FEDERACAO DAS CAMARAS DE DIRIGENTES LOJISTAS DE SC,318.00,0,0,318.00,0,318.00,0.00,318.00,0,318.00
19,Fundo Municipal de Saude,1,Atencao Basica,150010020000,Saúde (15%): Recursos não vinculados de Impostos,04.813.163/0001-44,GTA GESTÃO AMBIENTAL LTDA,71293.73,0.00,0,35976.76,35976.75,0,0.01,35316.97,0,0
19,Fundo Municipal de Saude,1,Atencao Basica,150010020000,Saúde (15%): Recursos não vinculados de Impostos,29.979.036/0001-40,INSS- INSTITUTO NACIONAL DO SEGURO SOCIAL,12295.68,12295.68,0,0.00,0,0,0.00,12295.68,12295.68,0
19,Fundo Municipal de Saude,1,Atencao Basica,150010020000,Saúde (15%): Recursos não vinculados de Impostos,36.225.268/0001-79,INSTALAR INSTALAÇÃO E MANUTENÇÃO LTDA,15743.82,0.00,0,9722.84,0,996.24,8726.60,7017.22,0,996.24
19,Fundo Municipal de Saude,1,Atencao Basica,150010020000,Saúde (15%): Recursos não vinculados de Impostos,38.613.730/0001-30,JM PAPELARIA LTDA,2284.80,1184.41,0,1086.00,0,1086.00,0.00,2284.80,1184.41,1086.00
19,Fundo Municipal de Saude,1,Atencao Basica,150010020000,Saúde (15%): Recursos não vinculados de Impostos,11.145.401/0001-56,L A DALLA PORTA JUNIOR LTDA,481.70,0,0,481.70,0,481.70,0.00,481.70,0,481.70
19,Fundo Municipal de Saude,1,Atencao Basica,150010020000,Saúde (15%): Recursos não vinculados de Impostos,46.743.542/0001-55,LA MAISON DISTRIBUIDORA LTDA,591.36,0,0,591.36,0,0,591.36,0,0,0
19,Fundo Municipal de Saude,1,Atencao Basica,150010020000,Saúde (15%): Recursos não vinculados de Impostos,28.086.462/0001-92,L&S COMERCIO DE PRODUTOS DE LIMPEZA,792.00,0,0,792.00,0,0,792.00,0,0,0
19,Fundo Municipal de Saude,1,Atencao Basica,150010020000,Saúde (15%): Recursos não vinculados de Impostos,27.284.516/0001-61,MAXIFROTA SERVIÇOS DE MANUTENÇÃO DE FROTA LTDA,45000.00,0.00,0,33923.65,14562.58,0,19361.07,11076.35,0,0
19,Fundo Municipal de Saude,1,Atencao Basica,150010020000,Saúde (15%): Recursos não vinculados de Impostos,07.752.236/0001-23,MEDILAR IMPORTAÇÃO E DISTRIBUIÇÃO DE PRODUTOS MÉDICO HOSPITALARES S/A,565.20,0,0,565.20,0,0,565.20,0,0,0
19,Fundo Municipal de Saude,1,Atencao Basica,150010020000,Saúde (15%): Recursos não vinculados de Impostos,37.115.367/0001-60,MINISTERIO DO TRABALHO - MTE,7566.58,7566.58,0,0.00,0,0,0.00,7566.58,7566.58,0
19,Fundo Municipal de Saude,1,Atencao Basica,150010020000,Saúde (15%): Recursos não vinculados de Impostos,79.291.878/0001-83,ODONTO BLU COMÉRCIO E ASSISTÊNCIA TÉCNICA LTDA,36966.00,0.00,0,20799.40,19847.90,951.50,0.00,17118.10,0,951.50
19,Fundo Municipal de Saude,1,Atencao Basica,150010020000,Saúde (15%): Recursos não vinculados de Impostos,36.519.741/0001-20,ODONTOSHOW PRODUTOS ODONTOLOGICOS LTDA,859.35,0,0,859.35,0,859.35,0.00,859.35,0,859.35
19,Fundo Municipal de Saude,1,Atencao Basica,150010020000,Saúde (15%): Recursos não vinculados de Impostos,50.675.079/0001-29,POMERWASSER AMBIENTAL S.P.E. S.A.,22177.55,0.00,0,1560.59,0,1560.59,0.00,22177.55,0,1560.59
19,Fundo Municipal de Saude,1,Atencao Basica,150010020000,Saúde (15%): Recursos não vinculados de Impostos,17.184.520/0001-02,PRÓ CIRÚRGICA CHAPECÓ PRODUTOS PARA SAÚDE LTDA,136.85,0,0,136.85,119.40,0,17.45,0,0,0
19,Fundo Municipal de Saude,1,Atencao Basica,150010020000,Saúde (15%): Recursos não vinculados de Impostos,40.357.151/0001-16,SAO BENTO COMERCIO DE EMBALAGENS PLASTICAS LTDA,813.60,0,0,813.60,0,813.60,0.00,813.60,0,813.60
19,Fundo Municipal de Saude,1,Atencao Basica,150010020000,Saúde (15%): Recursos não vinculados de Impostos,18.806.639/0001-24,SLM CONSTRUÇÕES E SERVIÇOS SUSTENTÁVEIS LTDA,1161.66,0,0,1161.66,0,1161.66,0.00,1161.66,0,1161.66
19,Fundo Municipal de Saude,1,Atencao Basica,150010020000,Saúde (15%): Recursos não vinculados de Impostos,41.331.812/0001-05,SMARTMED ASSISTÊNCIA TÉCNICA DE EQUIPAMENTOS MÉDICO HOSPITALAR LTDA,76.83,0,0,76.83,0,76.83,0.00,76.83,0,76.83
19,Fundo Municipal de Saude,1,Atencao Basica,150010020000,Saúde (15%): Recursos não vinculados de Impostos,48.566.347/0001-22,TELES SOLUCOES EMPRESARIAIS LTDA,627.84,0,0,627.84,0,627.84,0.00,627.84,0,627.84
19,Fundo Municipal de Saude,1,Atencao Basica,150010020000,Saúde (15%): Recursos não vinculados de Impostos,37.143.430/0001-72,TSI CENTRO AUTOMOTIVO LTDA,15.16,0,0,15.16,15.16,0,0.00,0,0,0
19,Fundo Municipal de Saude,1,Atencao Basica,150070000000,Recursos não vinculados de Impostos,80.495.625/0001-00,CONFEITARIA TORTEN PARADIES LTDA,280.20,0,0,280.20,0,280.20,0.00,280.20,0,280.20
19,Fundo Municipal de Saude,1,Atencao Basica,150070000000,Recursos não vinculados de Impostos,86.910.148/0001-89,DIBRAPE - DISTRIBUIDORA BRASILEIRA DE PETRÓLEO LTDA,4600.00,0.00,0,891.25,0,891.25,0.00,4600.00,0,891.25
19,Fundo Municipal de Saude,1,Atencao Basica,150070000000,Recursos não vinculados de Impostos,02.255.187/0001-08,UNIFIQUE TELECOMUNICAÇÕES S/A,53624.88,0.00,0,6703.11,0,6703.11,0.00,53624.88,0,6703.11
19,Fundo Municipal de Saude,1,Atencao Basica,160031101002,Portaria  GM/MS nº 6.313/2024 (Incremento temporário ao serviços de APS),38.315.947/0001-64,CK RASTREAMENTO VEICULAR LTDA,1056.60,0.00,0,117.40,0,0,117.40,939.20,0,0
19,Fundo Municipal de Saude,1,Atencao Basica,160031101002,Portaria  GM/MS nº 6.313/2024 (Incremento temporário ao serviços de APS),03.269.695/0001-08,CONSORCIO PUBLICO INTERFEDERATIVO DE SAUDE E SERVICOS DO VALE EUROPEU CISAMVE,126416.00,0.00,0,24352.52,1740.00,10961.84,11650.68,113025.32,0,10961.84
19,Fundo Municipal de Saude,1,Atencao Basica,160031101002,Portaria  GM/MS nº 6.313/2024 (Incremento temporário ao serviços de APS),15.644.251/0001-86,GMAES TELECOM LTDA,7308.00,0.00,0,1044.00,0,1044.00,0.00,7308.00,0,1044.00
19,Fundo Municipal de Saude,1,Atencao Basica,160031101002,Portaria  GM/MS nº 6.313/2024 (Incremento temporário ao serviços de APS),82.997.446/0001-05,RS DISTRIBUIDORA E COMERCIO LTDA,197.78,0,0,197.78,0,0,197.78,0,0,0
19,Fundo Municipal de Saude,1,Atencao Basica,160031101002,Portaria  GM/MS nº 6.313/2024 (Incremento temporário ao serviços de APS),18.806.639/0001-24,SLM CONSTRUÇÕES E SERVIÇOS SUSTENTÁVEIS LTDA,339.93,0,0,339.93,0,0,339.93,0,0,0
19,Fundo Municipal de Saude,1,Atencao Basica,160031200002,Portaria 8.410/2025: incremento temporário ao custeio dos serviços de Atenção Primária à Saúde.,36.811.724/0001-62,ALESSANDRO ENGEL,5600.18,0.00,0,2800.09,0,2800.09,0.00,5600.18,0,2800.09
19,Fundo Municipal de Saude,1,Atencao Basica,160031200002,Portaria 8.410/2025: incremento temporário ao custeio dos serviços de Atenção Primária à Saúde.,00.802.002/0001-02,ALTERMED MATERIAL MÉDICO HOSPITALAR LTDA,1284.00,0.00,0,486.00,0,486.00,0.00,1284.00,0,486.00
19,Fundo Municipal de Saude,1,Atencao Basica,160031200002,Portaria 8.410/2025: incremento temporário ao custeio dos serviços de Atenção Primária à Saúde.,34.412.925/0001-61,ATHENA COMÉRCIO DE PRODUTOS ODONTOLÓGICOS MÉDICOS E HOSPITALARES - EIRELI,290.52,0,0,290.52,0,290.52,0.00,290.52,0,290.52
19,Fundo Municipal de Saude,1,Atencao Basica,160031200002,Portaria 8.410/2025: incremento temporário ao custeio dos serviços de Atenção Primária à Saúde.,03.652.030/0003-32,CENTERMEDI-COMERCIO DE PRODUTOS HOSPITALARES LTDA,740.00,0,0,740.00,0,740.00,0.00,740.00,0,740.00
19,Fundo Municipal de Saude,1,Atencao Basica,160031200002,Portaria 8.410/2025: incremento temporário ao custeio dos serviços de Atenção Primária à Saúde.,03.269.695/0001-08,CONSORCIO PUBLICO INTERFEDERATIVO DE SAUDE E SERVICOS DO VALE EUROPEU CISAMVE,2000.00,0,0,2000.00,0,0,2000.00,0,0,0
19,Fundo Municipal de Saude,1,Atencao Basica,160031200002,Portaria 8.410/2025: incremento temporário ao custeio dos serviços de Atenção Primária à Saúde.,50.567.060/0001-69,DENTAL IPO LTDA,5939.40,0,0,5939.40,0,5939.40,0.00,5939.40,0,5939.40
19,Fundo Municipal de Saude,1,Atencao Basica,160031200002,Portaria 8.410/2025: incremento temporário ao custeio dos serviços de Atenção Primária à Saúde.,72.150.550/0001-06,DENTAL MED + LTDA,129.70,0,0,129.70,0,129.70,0.00,129.70,0,129.70
19,Fundo Municipal de Saude,1,Atencao Basica,160031200002,Portaria 8.410/2025: incremento temporário ao custeio dos serviços de Atenção Primária à Saúde.,71.505.564/0001-24,EMIGE MATERIAIS ODONTOLÓGICOS LTDA,2046.00,0,0,2046.00,0,2046.00,0.00,2046.00,0,2046.00
19,Fundo Municipal de Saude,1,Atencao Basica,160031200002,Portaria 8.410/2025: incremento temporário ao custeio dos serviços de Atenção Primária à Saúde.,04.415.316/0002-86,GENIAL PRODUTOS PARA LIMPEZA LTDA,1123.40,0,0,1123.40,0,1123.40,0.00,1123.40,0,1123.40
19,Fundo Municipal de Saude,1,Atencao Basica,160031200002,Portaria 8.410/2025: incremento temporário ao custeio dos serviços de Atenção Primária à Saúde.,04.813.163/0001-44,GTA GESTÃO AMBIENTAL LTDA,6000.00,0,0,6000.00,2258.47,3741.53,0.00,3741.53,0,3741.53
19,Fundo Municipal de Saude,1,Atencao Basica,160031200002,Portaria 8.410/2025: incremento temporário ao custeio dos serviços de Atenção Primária à Saúde.,57.958.327/0001-98,JJ CONTROL LTDA,6301.31,0,0,6301.31,0,6301.31,0.00,6301.31,0,6301.31
19,Fundo Municipal de Saude,1,Atencao Basica,160031200002,Portaria 8.410/2025: incremento temporário ao custeio dos serviços de Atenção Primária à Saúde.,11.145.401/0001-56,L A DALLA PORTA JUNIOR LTDA,25565.50,0.00,0,24129.40,0,24129.40,0.00,25565.50,0,24129.40
19,Fundo Municipal de Saude,1,Atencao Basica,160031200002,Portaria 8.410/2025: incremento temporário ao custeio dos serviços de Atenção Primária à Saúde.,39.840.107/0001-83,MASTERMEDIC DISTRIBUIDORA LTDA,183.60,0,0,183.60,183.60,0,0.00,0,0,0
19,Fundo Municipal de Saude,1,Atencao Basica,160031200002,Portaria 8.410/2025: incremento temporário ao custeio dos serviços de Atenção Primária à Saúde.,28.857.335/0001-40,"MAXIMA DENTAL IMPORTAÇÃO, EXPORTAÇÃO E COMERCIO DE PRODUTOS ODONTOLÓGICOS LTDA",1661.50,0.00,0,669.00,0,669.00,0.00,1661.50,0,669.00
19,Fundo Municipal de Saude,1,Atencao Basica,160031200002,Portaria 8.410/2025: incremento temporário ao custeio dos serviços de Atenção Primária à Saúde.,07.752.236/0001-23,MEDILAR IMPORTAÇÃO E DISTRIBUIÇÃO DE PRODUTOS MÉDICO HOSPITALARES S/A,323.00,0,0,323.00,0,323.00,0.00,323.00,0,323.00
19,Fundo Municipal de Saude,1,Atencao Basica,160031200002,Portaria 8.410/2025: incremento temporário ao custeio dos serviços de Atenção Primária à Saúde.,79.291.878/0001-83,ODONTO BLU COMÉRCIO E ASSISTÊNCIA TÉCNICA LTDA,5000.00,0,0,5000.00,4006.00,994.00,0.00,994.00,0,994.00
19,Fundo Municipal de Saude,1,Atencao Basica,160031200002,Portaria 8.410/2025: incremento temporário ao custeio dos serviços de Atenção Primária à Saúde.,95.855.078/0001-02,PANIFICADORA E CONFEITARIA DONA ELLA LTDA,178.62,0,0,178.62,0,178.62,0.00,178.62,0,178.62
19,Fundo Municipal de Saude,1,Atencao Basica,160031200002,Portaria 8.410/2025: incremento temporário ao custeio dos serviços de Atenção Primária à Saúde.,05.077.346/0001-01,PROHOSPITAL SUL COMÉRCIO DE MATERIAIS MÉDICOS E ODONTOLÓGICOS EIRELI,8250.00,0,0,8250.00,0,8250.00,0.00,8250.00,0,8250.00
19,Fundo Municipal de Saude,1,Atencao Basica,160031200002,Portaria 8.410/2025: incremento temporário ao custeio dos serviços de Atenção Primária à Saúde.,41.331.812/0001-05,SMARTMED ASSISTÊNCIA TÉCNICA DE EQUIPAMENTOS MÉDICO HOSPITALAR LTDA,85.00,0,0,85.00,0,85.00,0.00,85.00,0,85.00
19,Fundo Municipal de Saude,1,Atencao Basica,160031200002,Portaria 8.410/2025: incremento temporário ao custeio dos serviços de Atenção Primária à Saúde.,05.531.725/0001-20,SOMA/SC PRODUTOS HOSPITALARES LTDA,621.00,0,0,621.00,0,621.00,0.00,621.00,0,621.00
19,Fundo Municipal de Saude,1,Atencao Basica,160031200002,Portaria 8.410/2025: incremento temporário ao custeio dos serviços de Atenção Primária à Saúde.,13.340.171/0001-01,SOPRINT COMUNICACAO VISUAL LTDA,495.00,0,0,495.00,0,495.00,0.00,495.00,0,495.00
19,Fundo Municipal de Saude,1,Atencao Basica,160031200002,Portaria 8.410/2025: incremento temporário ao custeio dos serviços de Atenção Primária à Saúde.,37.882.886/0001-54,VERDE DISTRIBUIDORA DE MEDICAMENTOS LTDA,399.60,0,0,399.60,0,399.60,0.00,399.60,0,399.60
19,Fundo Municipal de Saude,1,Atencao Basica,160470000100,Transferências provenientes do Governo Federal destinadas ao vencimento dos agentes comunitários de saúde,29.979.036/0001-40,INSS- INSTITUTO NACIONAL DO SEGURO SOCIAL,23796.69,23796.69,0,0.00,0,0,0.00,23796.69,23796.69,0
19,Fundo Municipal de Saude,1,Atencao Basica,160470000100,Transferências provenientes do Governo Federal destinadas ao vencimento dos agentes comunitários de saúde,37.115.367/0001-60,MINISTERIO DO TRABALHO - MTE,14643.95,14643.95,0,0.00,0,0,0.00,14643.95,14643.95,0
19,Fundo Municipal de Saude,1,Atencao Basica,171032100040,Portaria Nº 139/2025 - SEF: Emenda nº 902/2025 (Custeio - Apoio financeiro p/ a área da Saúde),11.145.401/0001-56,L A DALLA PORTA JUNIOR LTDA,12046.00,0.00,0,0.04,0,0,0.04,12045.96,0,0
19,Fundo Municipal de Saude,1,Atencao Basica,171032100040,Portaria Nº 139/2025 - SEF: Emenda nº 902/2025 (Custeio - Apoio financeiro p/ a área da Saúde),53.795.421/0001-12,M A F VILAS BOAS SERVICOS & CIA LTDA,19793.80,0.00,0,10608.55,0,0,10608.55,9185.25,0,0
19,Fundo Municipal de Saude,1,Atencao Basica,171032100040,Portaria Nº 139/2025 - SEF: Emenda nº 902/2025 (Custeio - Apoio financeiro p/ a área da Saúde),22.637.568/0001-50,RDC PRESTADORA DE SERVICOS LTDA,8108.50,0.00,0,6568.02,0,1194.27,5373.75,2734.75,0,1194.27
19,Fundo Municipal de Saude,1,Atencao Basica,250010020000,Saúde (15%): Recursos não vinculados de Impostos,78.993.169/0001-87,PETROSKI CONSTRUTORA E INCORPORADORA LTDA,135217.37,0.00,0,1889.98,929.44,960.54,0.00,134287.93,0,960.54
19,Fundo Municipal de Saude,1,Atencao Basica,250170000001, Recurso Concessão SAMAE,08.221.047/0001-97,ACHEI INDUSTRIA DE MÓVEIS LTDA,1358.00,0,0,1358.00,0,913.00,445.00,913.00,0,913.00
19,Fundo Municipal de Saude,1,Atencao Basica,250170000001, Recurso Concessão SAMAE,03.269.695/0001-08,CONSORCIO PUBLICO INTERFEDERATIVO DE SAUDE E SERVICOS DO VALE EUROPEU CISAMVE,235000.00,0.00,0,22616.30,12316.78,10299.52,0.00,222683.22,0,10299.52
19,Fundo Municipal de Saude,1,Atencao Basica,250210020001,Lei 194/2022: ICMS Compensação (Saúde 15%),03.249.887/0001-44,CASA DA SOLIDARIEDADE,10464.85,0.00,0,3376.75,0,0,3376.75,7088.10,0,0
19,Fundo Municipal de Saude,1,Atencao Basica,260070001004,Per Capita de Base (Portaria 3.732/2024),07.752.236/0001-23,MEDILAR IMPORTAÇÃO E DISTRIBUIÇÃO DE PRODUTOS MÉDICO HOSPITALARES S/A,853.70,0.00,0,0.04,0,0,0.04,853.66,0,0
19,Fundo Municipal de Saude,1,Atencao Basica,260070001004,Per Capita de Base (Portaria 3.732/2024),22.637.568/0001-50,RDC PRESTADORA DE SERVICOS LTDA,4293.60,0.00,0,912.39,0,0,912.39,3381.21,0,0
19,Fundo Municipal de Saude,1,Atencao Basica,260070001004,Per Capita de Base (Portaria 3.732/2024),82.951.310/0001-56,SECRETARIA DE ESTADO DA FAZENDA,149.37,0,0,149.37,0,149.37,0.00,149.37,0,149.37
19,Fundo Municipal de Saude,1,Atencao Basica,260070001004,Per Capita de Base (Portaria 3.732/2024),35.309.196/0001-85,WM COMÉRCIO E SERVIÇO LTDA,560.00,0,0,560.00,0,0,560.00,0,0,0
19,Fundo Municipal de Saude,1,Atencao Basica,260070002200,Atenção Primária à Saúde - Capitação Ponderada (Transf. do SUS/União - Blc de Manut.),85.288.843/0001-98,AGUA DOCE LTDA,4011.00,0.00,0,401.60,401.60,0,0.00,3609.40,0,0
19,Fundo Municipal de Saude,1,Atencao Basica,260070002200,Atenção Primária à Saúde - Capitação Ponderada (Transf. do SUS/União - Blc de Manut.),42.169.239/0001-30,SCHMOELLER DEDETIZADORA LTDA,1410.02,0,0,1410.02,0,0,1410.02,0,0,0
19,Fundo Municipal de Saude,1,Atencao Basica,260070002300,Incentivo p/ Ações Estratégicas (Transf. do SUS/União - Blc de Manut.),18.806.639/0001-24,SLM CONSTRUÇÕES E SERVIÇOS SUSTENTÁVEIS LTDA,1372.92,0,0,1372.92,0,0,1372.92,0,0,0
19,Fundo Municipal de Saude,1,Atencao Basica,275570020001, Recursos de Alienação de Bens/Ativos - Destinados a Programas de Saúde,08.221.047/0001-97,ACHEI INDUSTRIA DE MÓVEIS LTDA,1865.00,0,0,1865.00,1865.00,0,0.00,0,0,0
19,Fundo Municipal de Saude,1,Atencao Basica,275570020001, Recursos de Alienação de Bens/Ativos - Destinados a Programas de Saúde,47.535.889/0001-75,FRANKE CADEIRAS LTDA,340.00,0,0,340.00,0,340.00,0.00,340.00,0,340.00
19,Fundo Municipal de Saude,1,Atencao Basica,275570020001, Recursos de Alienação de Bens/Ativos - Destinados a Programas de Saúde,36.521.392/0002-62,GO VENDAS ELETRONICAS LTDA,1024.00,0,0,1024.00,0,1024.00,0.00,1024.00,0,1024.00
19,Fundo Municipal de Saude,1,Atencao Basica,275570020001, Recursos de Alienação de Bens/Ativos - Destinados a Programas de Saúde,45.203.145/0001-28,LICITAMED PRIME COMERCIAL LTDA,525.00,0,0,525.00,0,525.00,0.00,525.00,0,525.00
19,Fundo Municipal de Saude,1,Atencao Basica,275570020001, Recursos de Alienação de Bens/Ativos - Destinados a Programas de Saúde,93.920.361/0001-37,REIFLEX INDUSTRIA E COMÉRCIO DE MÓVEIS LTDA,966.00,0,0,966.00,0,966.00,0.00,966.00,0,966.00
19,Fundo Municipal de Saude,2,Assistencia Hospitalar e Ambulatorial,150010020000,Saúde (15%): Recursos não vinculados de Impostos,36.811.724/0001-62,ALESSANDRO ENGEL,5503.66,0.00,0,2062.01,0,2062.00,0.01,5503.65,0,2062.00
19,Fundo Municipal de Saude,2,Assistencia Hospitalar e Ambulatorial,150010020000,Saúde (15%): Recursos não vinculados de Impostos,85.461.093/0005-38,ASSOCIACAO HOSPITALAR E EDUCACIONAL DE POMERODE,423180.00,0.00,0,21860.00,15620.00,6240.00,0.00,407560.00,0,6240.00
19,Fundo Municipal de Saude,2,Assistencia Hospitalar e Ambulatorial,150010020000,Saúde (15%): Recursos não vinculados de Impostos,08.336.783/0001-90,CELESC DISTRIBUICAO S.A,12433.52,0.00,0,2583.66,0,2583.66,0.00,12433.52,0,2583.66
19,Fundo Municipal de Saude,2,Assistencia Hospitalar e Ambulatorial,150010020000,Saúde (15%): Recursos não vinculados de Impostos,03.269.695/0001-08,CONSORCIO PUBLICO INTERFEDERATIVO DE SAUDE E SERVICOS DO VALE EUROPEU CISAMVE,700000.00,0,0,700000.00,0,305574.12,394425.88,305574.12,0,305574.12
19,Fundo Municipal de Saude,2,Assistencia Hospitalar e Ambulatorial,150010020000,Saúde (15%): Recursos não vinculados de Impostos,09.316.105/0001-29,FRIOVIX COMERCIO DE REFRIGERAÇÃO LTDA,3197.87,0,0,3197.87,0,3197.87,0.00,3197.87,0,3197.87
19,Fundo Municipal de Saude,2,Assistencia Hospitalar e Ambulatorial,150010020000,Saúde (15%): Recursos não vinculados de Impostos,29.979.036/0001-40,INSS- INSTITUTO NACIONAL DO SEGURO SOCIAL,8483.98,8483.98,0,0.00,0,0,0.00,8483.98,8483.98,0
19,Fundo Municipal de Saude,2,Assistencia Hospitalar e Ambulatorial,150010020000,Saúde (15%): Recursos não vinculados de Impostos,27.284.516/0001-61,MAXIFROTA SERVIÇOS DE MANUTENÇÃO DE FROTA LTDA,10000.00,0.00,0,9426.67,9426.67,0,0.00,573.33,0,0
19,Fundo Municipal de Saude,2,Assistencia Hospitalar e Ambulatorial,150010020000,Saúde (15%): Recursos não vinculados de Impostos,85.104.289/0001-41,M.D.M. COMÉRCIO E SERVIÇOS LTDA,52244.04,0,0,52244.04,0,28537.84,23706.20,28537.84,0,28537.84
19,Fundo Municipal de Saude,2,Assistencia Hospitalar e Ambulatorial,150010020000,Saúde (15%): Recursos não vinculados de Impostos,37.115.367/0001-60,MINISTERIO DO TRABALHO - MTE,3882.21,3867.52,0,0.00,0,0,0.00,3882.21,3867.52,0
19,Fundo Municipal de Saude,2,Assistencia Hospitalar e Ambulatorial,150010020000,Saúde (15%): Recursos não vinculados de Impostos,79.291.878/0001-83,ODONTO BLU COMÉRCIO E ASSISTÊNCIA TÉCNICA LTDA,5866.20,0.00,0,5347.20,5347.20,0,0.00,519.00,0,0
19,Fundo Municipal de Saude,2,Assistencia Hospitalar e Ambulatorial,150010020000,Saúde (15%): Recursos não vinculados de Impostos,95.855.078/0001-02,PANIFICADORA E CONFEITARIA DONA ELLA LTDA,417.74,0,0,417.74,0,417.74,0.00,417.74,0,417.74
19,Fundo Municipal de Saude,2,Assistencia Hospitalar e Ambulatorial,150010020000,Saúde (15%): Recursos não vinculados de Impostos,50.675.079/0001-29,POMERWASSER AMBIENTAL S.P.E. S.A.,655.76,0.00,0,269.15,0,269.15,0.00,655.76,0,269.15
19,Fundo Municipal de Saude,2,Assistencia Hospitalar e Ambulatorial,150010020000,Saúde (15%): Recursos não vinculados de Impostos,22.637.568/0001-50,RDC PRESTADORA DE SERVICOS LTDA,1755.00,0.00,0,1521.00,0,0,1521.00,234.00,0,0
19,Fundo Municipal de Saude,2,Assistencia Hospitalar e Ambulatorial,150010020000,Saúde (15%): Recursos não vinculados de Impostos,65.149.197/0002-51,REPREMIG REPRESENTAÇÃO COMERCIO DE MINAS GERAIS LTDA,1883.00,0,0,1883.00,0,1883.00,0.00,1883.00,0,1883.00
19,Fundo Municipal de Saude,2,Assistencia Hospitalar e Ambulatorial,150010020000,Saúde (15%): Recursos não vinculados de Impostos,10.954.780/0001-62,RIALE SERVIÇOS MEDICOS LTDA,3600.00,0,0,3600.00,1170.00,2430.00,0.00,2430.00,0,2430.00
19,Fundo Municipal de Saude,2,Assistencia Hospitalar e Ambulatorial,150010020000,Saúde (15%): Recursos não vinculados de Impostos,42.169.239/0001-30,SCHMOELLER DEDETIZADORA LTDA,466.34,0,0,466.34,0,0,466.34,0,0,0
19,Fundo Municipal de Saude,2,Assistencia Hospitalar e Ambulatorial,150010020000,Saúde (15%): Recursos não vinculados de Impostos,07.448.130/0001-30,SELL MADEIRAS E GUINDASTES LTDA,537.00,0,0,537.00,179.00,358.00,0.00,358.00,0,358.00
19,Fundo Municipal de Saude,2,Assistencia Hospitalar e Ambulatorial,150070000000,Recursos não vinculados de Impostos,54.705.679/0001-43,A.G. ODONTOLOGIA LTDA,39113.60,0.00,0,13564.30,13564.30,0,0.00,25549.30,0,0
19,Fundo Municipal de Saude,2,Assistencia Hospitalar e Ambulatorial,150070000000,Recursos não vinculados de Impostos,85.461.093/0005-38,ASSOCIACAO HOSPITALAR E EDUCACIONAL DE POMERODE,104832.80,0.00,0,83800.60,13668.60,70132.00,0.00,91164.20,0,70132.00
19,Fundo Municipal de Saude,2,Assistencia Hospitalar e Ambulatorial,150070000000,Recursos não vinculados de Impostos,31.036.714/0001-83,CLÍNICA MÉDICA CASR LTDA,60000.00,0.00,0,60.00,60.00,0,0.00,59940.00,0,0
19,Fundo Municipal de Saude,2,Assistencia Hospitalar e Ambulatorial,150070000000,Recursos não vinculados de Impostos,04.724.655/0001-63,COPY LINE COMÉRCIO E SERVIÇOS LTDA,8000.00,0.00,0,591.36,0,0,591.36,7408.64,0,0
19,Fundo Municipal de Saude,2,Assistencia Hospitalar e Ambulatorial,150070000000,Recursos não vinculados de Impostos,53.795.421/0001-12,M A F VILAS BOAS SERVICOS & CIA LTDA,15888.00,0.00,0,12627.65,12627.65,0,0.00,3260.35,0,0
19,Fundo Municipal de Saude,2,Assistencia Hospitalar e Ambulatorial,150070000000,Recursos não vinculados de Impostos,18.938.695/0001-12,ODONTO STUDIO ART LTDA,56092.80,0.00,0,315.30,315.30,0,0.00,55777.50,0,0
19,Fundo Municipal de Saude,2,Assistencia Hospitalar e Ambulatorial,150070000000,Recursos não vinculados de Impostos,22.637.568/0001-50,RDC PRESTADORA DE SERVICOS LTDA,1610.10,0,0,1610.10,0,0,1610.10,0,0,0
19,Fundo Municipal de Saude,2,Assistencia Hospitalar e Ambulatorial,150070000000,Recursos não vinculados de Impostos,75.415.075/0002-13,RUDIPEL - RUDNICK PETRÓLEO LTDA,8655.00,0.00,0,605.85,0,605.85,0.00,8655.00,0,605.85
19,Fundo Municipal de Saude,2,Assistencia Hospitalar e Ambulatorial,150070000000,Recursos não vinculados de Impostos,02.255.187/0001-08,UNIFIQUE TELECOMUNICAÇÕES S/A,6437.36,0.00,0,804.67,0,804.67,0.00,6437.36,0,804.67
19,Fundo Municipal de Saude,2,Assistencia Hospitalar e Ambulatorial,150170000000,Outros Recursos não Vinculados,27.284.516/0001-61,MAXIFROTA SERVIÇOS DE MANUTENÇÃO DE FROTA LTDA,30000.00,0.00,0,28750.13,0,0,28750.13,1249.87,0,0
19,Fundo Municipal de Saude,2,Assistencia Hospitalar e Ambulatorial,150170000000,Outros Recursos não Vinculados,02.255.187/0001-08,UNIFIQUE TELECOMUNICAÇÕES S/A,29498.00,0.00,0,4214.00,0,4214.00,0.00,29498.00,0,4214.00
19,Fundo Municipal de Saude,2,Assistencia Hospitalar e Ambulatorial,160070001500,MAC - Média e Alta Complexidade - FEDERAL (Transf. do SUS/União - Blc de Manut. ),15.707.220/0001-27,ANDREA ELIZABETE CORREA MOREIRA,119235.75,0.00,0,33408.00,25248.00,8160.00,0.00,93987.75,0,8160.00
19,Fundo Municipal de Saude,2,Assistencia Hospitalar e Ambulatorial,160070001500,MAC - Média e Alta Complexidade - FEDERAL (Transf. do SUS/União - Blc de Manut. ),79.364.030/0007-22,LABORATÓRIO DE PESQUISAS CLÍNICAS E BIOLÓGICAS SANTO ANTÔNIO LTDA,65000.00,0.00,0,34813.34,34813.34,0,0.00,30186.66,0,0
19,Fundo Municipal de Saude,2,Assistencia Hospitalar e Ambulatorial,160070001700,MAC Federal (APAE) (Transf. do SUS/União - Blc de Manut.),83.788.661/0001-50,ASSOC PAIS AMIGOS DOS EXCEPCIONAIS DE POMERODE,98609.78,0.00,0,49390.73,22082.76,25306.02,2001.95,74525.07,0,25306.02
19,Fundo Municipal de Saude,2,Assistencia Hospitalar e Ambulatorial,160070004500,Portaria 371/2023: EMAD (Equipes Multiprofissionais de Atenção Domiciliar),13.281.756/0001-06,ANJOS DA VIDA GESTÃO EM SAÚDE LTDA,100525.00,0.00,0,40505.00,40505.00,0,0.00,60020.00,0,0
19,Fundo Municipal de Saude,2,Assistencia Hospitalar e Ambulatorial,171032100044,Portaria Nº 256/2025 - SEF: Emenda nº 3451/2025 (Corrente: Custeio para a Saúde),03.269.695/0001-08,CONSORCIO PUBLICO INTERFEDERATIVO DE SAUDE E SERVICOS DO VALE EUROPEU CISAMVE,100000.00,0,0,100000.00,100000.00,0,0.00,0,0,0
19,Fundo Municipal de Saude,2,Assistencia Hospitalar e Ambulatorial,250010020000,Saúde (15%): Recursos não vinculados de Impostos,03.269.695/0001-08,CONSORCIO PUBLICO INTERFEDERATIVO DE SAUDE E SERVICOS DO VALE EUROPEU CISAMVE,725000.00,0.00,0,418271.00,134390.74,283780.26,100.00,590509.26,0,283780.26
19,Fundo Municipal de Saude,2,Assistencia Hospitalar e Ambulatorial,250010020000,Saúde (15%): Recursos não vinculados de Impostos,60.458.764/0001-57,HENKO FISIO LTDA,29637.50,0,0,29637.50,8192.50,21445.00,0.00,21445.00,0,21445.00
19,Fundo Municipal de Saude,2,Assistencia Hospitalar e Ambulatorial,250010020000,Saúde (15%): Recursos não vinculados de Impostos,36.225.268/0001-79,INSTALAR INSTALAÇÃO E MANUTENÇÃO LTDA,2056.94,0.00,0,1830.47,0,0,1830.47,226.47,0,0
19,Fundo Municipal de Saude,2,Assistencia Hospitalar e Ambulatorial,250010020000,Saúde (15%): Recursos não vinculados de Impostos,79.364.030/0007-22,LABORATÓRIO DE PESQUISAS CLÍNICAS E BIOLÓGICAS SANTO ANTÔNIO LTDA,70000.00,0.00,0,39151.20,22431.52,16719.68,0.00,47568.48,0,16719.68
19,Fundo Municipal de Saude,2,Assistencia Hospitalar e Ambulatorial,250010020000,Saúde (15%): Recursos não vinculados de Impostos,40.579.420/0001-99,RDM PSIQUIATRIA LTDA,10440.00,0.00,0,4680.00,0,0,4680.00,5760.00,0,0
19,Fundo Municipal de Saude,2,Assistencia Hospitalar e Ambulatorial,250170000000,Outros Recursos não Vinculados,54.705.679/0001-43,A.G. ODONTOLOGIA LTDA,10485.60,0.00,0,2162.40,2162.40,0,0.00,8323.20,0,0
19,Fundo Municipal de Saude,2,Assistencia Hospitalar e Ambulatorial,250170000000,Outros Recursos não Vinculados,04.724.655/0001-63,COPY LINE COMÉRCIO E SERVIÇOS LTDA,2105.44,0,0,2105.44,0,0,2105.44,0,0,0
19,Fundo Municipal de Saude,2,Assistencia Hospitalar e Ambulatorial,250170000000,Outros Recursos não Vinculados,36.225.268/0001-79,INSTALAR INSTALAÇÃO E MANUTENÇÃO LTDA,420.00,0,0,420.00,0,420.00,0.00,420.00,0,420.00
19,Fundo Municipal de Saude,2,Assistencia Hospitalar e Ambulatorial,250170000000,Outros Recursos não Vinculados,57.958.327/0001-98,JJ CONTROL LTDA,644.53,0,0,644.53,0,644.53,0.00,644.53,0,644.53
19,Fundo Municipal de Saude,2,Assistencia Hospitalar e Ambulatorial,250170000000,Outros Recursos não Vinculados,27.284.516/0001-61,MAXIFROTA SERVIÇOS DE MANUTENÇÃO DE FROTA LTDA,40000.00,0,0,40000.00,0,0,40000.00,0,0,0
19,Fundo Municipal de Saude,2,Assistencia Hospitalar e Ambulatorial,250170000000,Outros Recursos não Vinculados,18.938.695/0001-12,ODONTO STUDIO ART LTDA,16862.30,0.00,0,10089.50,10089.50,0,0.00,6772.80,0,0
19,Fundo Municipal de Saude,2,Assistencia Hospitalar e Ambulatorial,250170000000,Outros Recursos não Vinculados,42.169.239/0001-30,SCHMOELLER DEDETIZADORA LTDA,85.39,0,0,85.39,0,0,85.39,0,0,0
19,Fundo Municipal de Saude,2,Assistencia Hospitalar e Ambulatorial,250210020001,Lei 194/2022: ICMS Compensação (Saúde 15%),00.412.761/0001-50,LABORATORIO SANDRINI LTDA,108000.00,0.00,0,65593.64,17145.44,48448.20,0.00,90854.56,0,48448.20
19,Fundo Municipal de Saude,2,Assistencia Hospitalar e Ambulatorial,260031202001,Portaria GM/MS nº 3.666/2024: Emenda nº 71260002 (Incremento Custeio MAC),36.811.724/0001-62,ALESSANDRO ENGEL,919.76,0.00,0,459.88,0,459.88,0.00,919.76,0,459.88
19,Fundo Municipal de Saude,2,Assistencia Hospitalar e Ambulatorial,260070001000,CAPS - Centro de Atenção Psicossocial (Transf. do SUS/União - Blc de Manut.),36.811.724/0001-62,ALESSANDRO ENGEL,1379.67,0.00,0,0.03,0,0,0.03,1379.64,0,0
19,Fundo Municipal de Saude,2,Assistencia Hospitalar e Ambulatorial,260070001000,CAPS - Centro de Atenção Psicossocial (Transf. do SUS/União - Blc de Manut.),04.724.655/0001-63,COPY LINE COMÉRCIO E SERVIÇOS LTDA,87.04,0,0,87.04,0,0,87.04,0,0,0
19,Fundo Municipal de Saude,2,Assistencia Hospitalar e Ambulatorial,260070001000,CAPS - Centro de Atenção Psicossocial (Transf. do SUS/União - Blc de Manut.),86.910.148/0001-89,DIBRAPE - DISTRIBUIDORA BRASILEIRA DE PETRÓLEO LTDA,2012.50,0.00,0,1150.00,0,1150.00,0.00,2012.50,0,1150.00
19,Fundo Municipal de Saude,2,Assistencia Hospitalar e Ambulatorial,260070001000,CAPS - Centro de Atenção Psicossocial (Transf. do SUS/União - Blc de Manut.),27.284.516/0001-61,MAXIFROTA SERVIÇOS DE MANUTENÇÃO DE FROTA LTDA,14000.00,0.00,0,12400.17,4000.00,0,8400.17,1599.83,0,0
19,Fundo Municipal de Saude,2,Assistencia Hospitalar e Ambulatorial,260070001000,CAPS - Centro de Atenção Psicossocial (Transf. do SUS/União - Blc de Manut.),42.169.239/0001-30,SCHMOELLER DEDETIZADORA LTDA,139.12,0,0,139.12,0,139.12,0.00,139.12,0,139.12
19,Fundo Municipal de Saude,2,Assistencia Hospitalar e Ambulatorial,260070001500,MAC - Média e Alta Complexidade - FEDERAL (Transf. do SUS/União - Blc de Manut. ),41.605.496/0001-04,CLÍNICA MULTIDISCIPLINAR RENASCER LTDA,13250.00,0.00,0,7550.00,7550.00,0,0.00,5700.00,0,0
19,Fundo Municipal de Saude,2,Assistencia Hospitalar e Ambulatorial,260070001500,MAC - Média e Alta Complexidade - FEDERAL (Transf. do SUS/União - Blc de Manut. ),080.685.549-55,HEIDI HOEFT,3000.00,0.00,0,1800.00,1800.00,0,0.00,1200.00,0,0
19,Fundo Municipal de Saude,2,Assistencia Hospitalar e Ambulatorial,260070001500,MAC - Média e Alta Complexidade - FEDERAL (Transf. do SUS/União - Blc de Manut. ),79.364.030/0007-22,LABORATÓRIO DE PESQUISAS CLÍNICAS E BIOLÓGICAS SANTO ANTÔNIO LTDA,120000.00,0.00,0,32619.11,0,0,32619.11,87380.89,0,0
19,Fundo Municipal de Saude,3,Vigilancia Sanitaria,150010020000,Saúde (15%): Recursos não vinculados de Impostos,79.763.884/0009-43,BARIGUI VEICULOS LTDA,1016.63,0,0,1016.63,0,0,1016.63,0,0,0
19,Fundo Municipal de Saude,3,Vigilancia Sanitaria,150010020000,Saúde (15%): Recursos não vinculados de Impostos,86.910.148/0001-89,DIBRAPE - DISTRIBUIDORA BRASILEIRA DE PETRÓLEO LTDA,3737.50,0.00,0,1437.51,0,1437.50,0.01,3737.49,0,1437.50
19,Fundo Municipal de Saude,3,Vigilancia Sanitaria,150010020000,Saúde (15%): Recursos não vinculados de Impostos,27.284.516/0001-61,MAXIFROTA SERVIÇOS DE MANUTENÇÃO DE FROTA LTDA,5000.00,0,0,5000.00,0,0,5000.00,0,0,0
19,Fundo Municipal de Saude,3,Vigilancia Sanitaria,160070001900, Prog. Vigilancia Sanitaria - Federal (Transf. do SUS/União - Blc de Manut.),38.315.947/0001-64,CK RASTREAMENTO VEICULAR LTDA,1056.60,0.00,0,117.40,0,0,117.40,939.20,0,0
19,Fundo Municipal de Saude,3,Vigilancia Sanitaria,260070001900, Prog. Vigilancia Sanitaria - Federal (Transf. do SUS/União - Blc de Manut.),27.284.516/0001-61,MAXIFROTA SERVIÇOS DE MANUTENÇÃO DE FROTA LTDA,13000.00,0.00,0,5350.77,4000.00,0,1350.77,7649.23,0,0
19,Fundo Municipal de Saude,4,Vigilancia Epidemiologica,150010020000,Saúde (15%): Recursos não vinculados de Impostos,22.609.215/0001-47,ALFA LICITACOES LTDA,1698.00,0,0,1698.00,0,1698.00,0.00,1698.00,0,1698.00
19,Fundo Municipal de Saude,4,Vigilancia Epidemiologica,150010020000,Saúde (15%): Recursos não vinculados de Impostos,38.315.947/0001-64,CK RASTREAMENTO VEICULAR LTDA,1056.60,117.40,0,117.40,0,0,117.40,939.20,117.40,0
19,Fundo Municipal de Saude,4,Vigilancia Epidemiologica,150010020000,Saúde (15%): Recursos não vinculados de Impostos,86.910.148/0001-89,DIBRAPE - DISTRIBUIDORA BRASILEIRA DE PETRÓLEO LTDA,7475.00,0.00,0,2415.00,0,2415.00,0.00,7475.00,0,2415.00
19,Fundo Municipal de Saude,4,Vigilancia Epidemiologica,150010020000,Saúde (15%): Recursos não vinculados de Impostos,29.979.036/0001-40,INSS- INSTITUTO NACIONAL DO SEGURO SOCIAL,2804.89,2804.89,0,0.00,0,0,0.00,2804.89,2804.89,0
19,Fundo Municipal de Saude,4,Vigilancia Epidemiologica,150010020000,Saúde (15%): Recursos não vinculados de Impostos,27.284.516/0001-61,MAXIFROTA SERVIÇOS DE MANUTENÇÃO DE FROTA LTDA,15000.00,0.00,0,7968.31,3911.71,178.37,3878.23,7210.06,0,178.37
19,Fundo Municipal de Saude,4,Vigilancia Epidemiologica,150010020000,Saúde (15%): Recursos não vinculados de Impostos,37.115.367/0001-60,MINISTERIO DO TRABALHO - MTE,1726.06,1726.06,0,0.00,0,0,0.00,1726.06,1726.06,0
19,Fundo Municipal de Saude,4,Vigilancia Epidemiologica,160070002000,Progr. Controle das DST/AIDS e Hepatites Virais (Transf. do SUS/União - Blc de Manut.),10.749.284/0001-77,EZCUZÊ AGÊNCIA DE PUBLICIDADE E PROPAGANDA LTDA,800.00,761.60,0,0.00,0,0,0.00,800.00,761.60,0
19,Fundo Municipal de Saude,4,Vigilancia Epidemiologica,160070002000,Progr. Controle das DST/AIDS e Hepatites Virais (Transf. do SUS/União - Blc de Manut.),75.786.459/0001-61,IMPRESSORA MAYER LTDA,290.00,0,0,290.00,0,290.00,0.00,290.00,0,290.00
19,Fundo Municipal de Saude,4,Vigilancia Epidemiologica,160070002000,Progr. Controle das DST/AIDS e Hepatites Virais (Transf. do SUS/União - Blc de Manut.),18.599.625/0001-87,INDAVIDAS COMERCIO PRODUTOS HOSPITALARES LTDA,168.00,0,0,168.00,0,0,168.00,0,0,0
19,Fundo Municipal de Saude,4,Vigilancia Epidemiologica,160070002000,Progr. Controle das DST/AIDS e Hepatites Virais (Transf. do SUS/União - Blc de Manut.),03.148.398/0001-04,JORNAL DE POMERODE EDITORA LTDA,3182.00,0,0,3182.00,0,3182.00,0.00,3182.00,0,3182.00
19,Fundo Municipal de Saude,4,Vigilancia Epidemiologica,160070002000,Progr. Controle das DST/AIDS e Hepatites Virais (Transf. do SUS/União - Blc de Manut.),09.944.371/0001-04,SULMEDIC COMÉRCIO DE MEDICAMENTOS LTDA,696.80,0,0,696.80,0,696.80,0.00,696.80,0,696.80
19,Fundo Municipal de Saude,4,Vigilancia Epidemiologica,260070001800,Progr. de Vigilância Epidemiológica (Transf. do SUS/União - Blc de Manut.),46.762.527/0001-54,SELENIUM MEDICAL LTDA,2965.00,0,0,2965.00,0,0,2965.00,0,0,0
19,Fundo Municipal de Saude,6,Gestao Saude,150010020000,Saúde (15%): Recursos não vinculados de Impostos,08.336.783/0001-90,CELESC DISTRIBUICAO S.A,67572.35,0.00,0,6366.60,0,6366.60,0.00,67572.35,0,6366.60
19,Fundo Municipal de Saude,6,Gestao Saude,150010020000,Saúde (15%): Recursos não vinculados de Impostos,29.931.106/0001-90,CLÍNICA AMI LTDA,1840.00,0.00,0,1610.00,0,0,1610.00,230.00,0,0
19,Fundo Municipal de Saude,6,Gestao Saude,150010020000,Saúde (15%): Recursos não vinculados de Impostos,86.910.148/0001-89,DIBRAPE - DISTRIBUIDORA BRASILEIRA DE PETRÓLEO LTDA,11500.00,0.00,0,3967.50,0,3967.50,0.00,11500.00,0,3967.50
19,Fundo Municipal de Saude,6,Gestao Saude,150010020000,Saúde (15%): Recursos não vinculados de Impostos,24.784.417/0001-50,ELLEN CRISTINA GUERRA DE OLIVEIRA,200.00,0,0,200.00,0,0,200.00,0,0,0
19,Fundo Municipal de Saude,6,Gestao Saude,150010020000,Saúde (15%): Recursos não vinculados de Impostos,10.749.284/0001-77,EZCUZÊ AGÊNCIA DE PUBLICIDADE E PROPAGANDA LTDA,326.58,0,0,326.58,0,326.58,0.00,326.58,0,326.58
19,Fundo Municipal de Saude,6,Gestao Saude,150010020000,Saúde (15%): Recursos não vinculados de Impostos,29.979.036/0001-40,INSS- INSTITUTO NACIONAL DO SEGURO SOCIAL,3157.42,3157.42,0,0.00,0,0,0.00,3157.42,3157.42,0
19,Fundo Municipal de Saude,6,Gestao Saude,150010020000,Saúde (15%): Recursos não vinculados de Impostos,51.496.634/0001-18,JAQUELINE HERMOGENES NUTRICAO LTDA,450.00,0,0,450.00,0,0,450.00,0,0,0
19,Fundo Municipal de Saude,6,Gestao Saude,150010020000,Saúde (15%): Recursos não vinculados de Impostos,27.284.516/0001-61,MAXIFROTA SERVIÇOS DE MANUTENÇÃO DE FROTA LTDA,23000.00,0,0,23000.00,23000.00,0,0.00,0,0,0
19,Fundo Municipal de Saude,6,Gestao Saude,150010020000,Saúde (15%): Recursos não vinculados de Impostos,85.104.289/0001-41,M.D.M. COMÉRCIO E SERVIÇOS LTDA,60000.00,0,0,60000.00,0,4357.77,55642.23,4357.77,0,4357.77
19,Fundo Municipal de Saude,6,Gestao Saude,150010020000,Saúde (15%): Recursos não vinculados de Impostos,38.092.528/0001-00,MIDAS SEGURANÇA PRIVADA LTDA,21600.00,0,0,21600.00,0,21600.00,0.00,21600.00,0,21600.00
19,Fundo Municipal de Saude,6,Gestao Saude,150010020000,Saúde (15%): Recursos não vinculados de Impostos,79.227.963/0014-05,NC COMUNICAÇÕES S/A,1156.38,0,0,1156.38,0,1156.38,0.00,1156.38,0,1156.38
19,Fundo Municipal de Saude,6,Gestao Saude,150010020000,Saúde (15%): Recursos não vinculados de Impostos,44.649.812/0001-38,NOTRE DAME INTERMÉDICA SAÚDE S.A.,3625.17,2468.62,0,1156.55,0,150.00,3484.50,140.67,0,140.67
19,Fundo Municipal de Saude,6,Gestao Saude,150010020000,Saúde (15%): Recursos não vinculados de Impostos,50.675.079/0001-29,POMERWASSER AMBIENTAL S.P.E. S.A.,955.17,0.00,0,513.81,0,513.81,0.00,955.17,0,513.81
19,Fundo Municipal de Saude,6,Gestao Saude,150010020000,Saúde (15%): Recursos não vinculados de Impostos,75.415.075/0002-13,RUDIPEL - RUDNICK PETRÓLEO LTDA,6924.00,0.00,0,2365.70,0,2365.70,0.00,6924.00,0,2365.70
19,Fundo Municipal de Saude,6,Gestao Saude,150010020000,Saúde (15%): Recursos não vinculados de Impostos,82.951.310/0001-56,SECRETARIA DE ESTADO DA FAZENDA,4680.00,0.00,0,390.00,390.00,0,0.00,4290.00,0,0
19,Fundo Municipal de Saude,6,Gestao Saude,150010020000,Saúde (15%): Recursos não vinculados de Impostos,07.448.130/0001-30,SELL MADEIRAS E GUINDASTES LTDA,1790.00,0,0,1790.00,0,0,1790.00,0,0,0
19,Fundo Municipal de Saude,6,Gestao Saude,150010020000,Saúde (15%): Recursos não vinculados de Impostos,13.340.171/0001-01,SOPRINT COMUNICACAO VISUAL LTDA,750.00,0,0,750.00,0,750.00,0.00,750.00,0,750.00
19,Fundo Municipal de Saude,6,Gestao Saude,150010020000,Saúde (15%): Recursos não vinculados de Impostos,37.143.430/0001-72,TSI CENTRO AUTOMOTIVO LTDA,21942.92,0.00,0,19539.12,0,0,19539.12,2403.80,0,0
19,Fundo Municipal de Saude,6,Gestao Saude,150070000000,Recursos não vinculados de Impostos,04.724.655/0001-63,COPY LINE COMÉRCIO E SERVIÇOS LTDA,544.00,0,0,544.00,0,0,544.00,0,0,0
19,Fundo Municipal de Saude,6,Gestao Saude,150070000000,Recursos não vinculados de Impostos,27.284.516/0001-61,MAXIFROTA SERVIÇOS DE MANUTENÇÃO DE FROTA LTDA,40000.00,0.00,0,2540.66,2540.66,0,0.00,37459.34,0,0
19,Fundo Municipal de Saude,6,Gestao Saude,150170000000,Outros Recursos não Vinculados,53.795.421/0001-12,M A F VILAS BOAS SERVICOS & CIA LTDA,5296.00,0,0,5296.00,5296.00,0,0.00,0,0,0
19,Fundo Municipal de Saude,6,Gestao Saude,150170000000,Outros Recursos não Vinculados,27.284.516/0001-61,MAXIFROTA SERVIÇOS DE MANUTENÇÃO DE FROTA LTDA,80000.00,0.00,0,55826.42,0,26828.02,28998.40,51001.60,0,26828.02
19,Fundo Municipal de Saude,6,Gestao Saude,171032100040,Portaria Nº 139/2025 - SEF: Emenda nº 902/2025 (Custeio - Apoio financeiro p/ a área da Saúde),03.269.695/0001-08,CONSORCIO PUBLICO INTERFEDERATIVO DE SAUDE E SERVICOS DO VALE EUROPEU CISAMVE,50000.00,0.00,0,47218.77,25065.69,22153.08,0.00,24934.31,0,22153.08
19,Fundo Municipal de Saude,6,Gestao Saude,171032100041,Portaria Nº 139/2025 - SEF: Emenda nº 240/2025 (Custeio - Apoio financeiro p/ a área da Saúde),01.183.238/0004-05,INSPECAR LTDA,1290.00,0,0,1290.00,0,1290.00,0.00,1290.00,0,1290.00
19,Fundo Municipal de Saude,6,Gestao Saude,171032100041,Portaria Nº 139/2025 - SEF: Emenda nº 240/2025 (Custeio - Apoio financeiro p/ a área da Saúde),00.736.251/0001-39,QUALICOPY SERVIÇOS E COMÉRCIO LTDA,60.00,0,0,60.00,0,60.00,0.00,60.00,0,60.00
19,Fundo Municipal de Saude,6,Gestao Saude,171032100041,Portaria Nº 139/2025 - SEF: Emenda nº 240/2025 (Custeio - Apoio financeiro p/ a área da Saúde),37.143.430/0001-72,TSI CENTRO AUTOMOTIVO LTDA,88.00,0,0,88.00,0,88.00,0.00,88.00,0,88.00
19,Fundo Municipal de Saude,6,Gestao Saude,250010020000,Saúde (15%): Recursos não vinculados de Impostos,08.221.047/0001-97,ACHEI INDUSTRIA DE MÓVEIS LTDA,1314.00,0,0,1314.00,0,1314.00,0.00,1314.00,0,1314.00
19,Fundo Municipal de Saude,6,Gestao Saude,250010020000,Saúde (15%): Recursos não vinculados de Impostos,36.811.724/0001-62,ALESSANDRO ENGEL,6186.01,0.00,0,0.01,0,0,0.01,6186.00,0,0
19,Fundo Municipal de Saude,6,Gestao Saude,250010020000,Saúde (15%): Recursos não vinculados de Impostos,38.315.947/0001-64,CK RASTREAMENTO VEICULAR LTDA,7207.20,697.65,0,1626.00,0,0,1626.00,5581.20,697.65,0
19,Fundo Municipal de Saude,6,Gestao Saude,250010020000,Saúde (15%): Recursos não vinculados de Impostos,04.724.655/0001-63,COPY LINE COMÉRCIO E SERVIÇOS LTDA,40572.00,0.00,0,56.00,0,0,56.00,40516.00,0,0
19,Fundo Municipal de Saude,6,Gestao Saude,250010020000,Saúde (15%): Recursos não vinculados de Impostos,36.521.392/0002-62,GO VENDAS ELETRONICAS LTDA,530.00,0,0,530.00,0,530.00,0.00,530.00,0,530.00
19,Fundo Municipal de Saude,6,Gestao Saude,250010020000,Saúde (15%): Recursos não vinculados de Impostos,44.189.336/0001-10,L2 TECNOLOGIA LTDA,2512.00,0,0,2512.00,0,2512.00,0.00,2512.00,0,2512.00
19,Fundo Municipal de Saude,6,Gestao Saude,250010020000,Saúde (15%): Recursos não vinculados de Impostos,54.960.622/0001-90,MOBILIA URBANA COMÉRCIO E SERVIÇOS LTDA,725.00,0,0,725.00,0,725.00,0.00,725.00,0,725.00
19,Fundo Municipal de Saude,6,Gestao Saude,250010020000,Saúde (15%): Recursos não vinculados de Impostos,81.243.735/0009-03,POSITIVO TECNOLOGIA S.A.,4840.00,0,0,4840.00,0,4840.00,0.00,4840.00,0,4840.00
19,Fundo Municipal de Saude,6,Gestao Saude,250010020000,Saúde (15%): Recursos não vinculados de Impostos,08.389.661/0002-43,TCA TRANSFORMAÇÕES VEICULARES LTDA,30000.00,0,0,30000.00,0,30000.00,0.00,30000.00,0,30000.00
19,Fundo Municipal de Saude,6,Gestao Saude,250070000000,Recursos não vinculados de Impostos,01.258.027/0003-03,IPM SISTEMAS LTDA,2236.00,0,0,2236.00,0,509.52,1726.48,509.52,0,509.52
19,Fundo Municipal de Saude,6,Gestao Saude,250070000000,Recursos não vinculados de Impostos,27.284.516/0001-61,MAXIFROTA SERVIÇOS DE MANUTENÇÃO DE FROTA LTDA,10000.00,0.00,0,600.42,550.89,49.53,0.00,9449.11,0,49.53
19,Fundo Municipal de Saude,6,Gestao Saude,250070000000,Recursos não vinculados de Impostos,44.649.812/0001-38,NOTRE DAME INTERMÉDICA SAÚDE S.A.,569.15,569.15,0,0.00,0,0,569.15,0,0,0
19,Fundo Municipal de Saude,6,Gestao Saude,250070000000,Recursos não vinculados de Impostos,37.143.430/0001-72,TSI CENTRO AUTOMOTIVO LTDA,575.58,0,0,575.58,0,0,575.58,0,0,0
19,Fundo Municipal de Saude,7,Assistência Farmacêutica,150010020000,Saúde (15%): Recursos não vinculados de Impostos,19.555.146/0001-21,2B DISTRIBUIDORA LTDA,376.20,0,0,376.20,0,376.20,0.00,376.20,0,376.20
19,Fundo Municipal de Saude,7,Assistência Farmacêutica,150010020000,Saúde (15%): Recursos não vinculados de Impostos,00.802.002/0001-02,ALTERMED MATERIAL MÉDICO HOSPITALAR LTDA,20331.00,0.00,0,14914.20,0,14914.20,0.00,20331.00,0,14914.20
19,Fundo Municipal de Saude,7,Assistência Farmacêutica,150010020000,Saúde (15%): Recursos não vinculados de Impostos,03.652.030/0003-32,CENTERMEDI-COMERCIO DE PRODUTOS HOSPITALARES LTDA,49578.45,0.00,0,13028.36,9391.57,3633.28,3.51,40183.37,0,3633.28
19,Fundo Municipal de Saude,7,Assistência Farmacêutica,150010020000,Saúde (15%): Recursos não vinculados de Impostos,94.516.671/0002-34,CIRÚRGICA SANTA CRUZ COM. DE PRODUTOS HOSPITALARES LTDA,2580.00,0.00,0,900.00,0,900.00,0.00,2580.00,0,900.00
19,Fundo Municipal de Saude,7,Assistência Farmacêutica,150010020000,Saúde (15%): Recursos não vinculados de Impostos,12.418.191/0001-95,CONQUISTA DISTRIB. DE MEDICAMENTOS E PRODUTOS HOSPITALARES EIRELI,205.77,0,0,205.77,0,205.77,0.00,205.77,0,205.77
19,Fundo Municipal de Saude,7,Assistência Farmacêutica,150010020000,Saúde (15%): Recursos não vinculados de Impostos,03.269.695/0001-08,CONSORCIO PUBLICO INTERFEDERATIVO DE SAUDE E SERVICOS DO VALE EUROPEU CISAMVE,14239.70,0,0,14239.70,14239.70,0,0.00,0,0,0
19,Fundo Municipal de Saude,7,Assistência Farmacêutica,150010020000,Saúde (15%): Recursos não vinculados de Impostos,44.734.671/0022-86,CRISTALIA PRODUTOS QUIMICOS FARMACEUTICOS LTDA,2009.40,0.00,0,204.00,0,204.00,0.00,2009.40,0,204.00
19,Fundo Municipal de Saude,7,Assistência Farmacêutica,150010020000,Saúde (15%): Recursos não vinculados de Impostos,02.520.829/0003-02,DIMASTER - COMERCIO DE PRODUTOS HOSPITALARES LTDA.,29581.00,0.00,0,16215.80,9912.00,6000.00,303.80,19365.20,0,6000.00
19,Fundo Municipal de Saude,7,Assistência Farmacêutica,150010020000,Saúde (15%): Recursos não vinculados de Impostos,76.386.283/0001-13,DIMEVA DISTRIBUIDORA E IMPORTADORA LTDA,460.90,0,0,460.90,0,460.90,0.00,460.90,0,460.90
19,Fundo Municipal de Saude,7,Assistência Farmacêutica,150010020000,Saúde (15%): Recursos não vinculados de Impostos,25.279.552/0001-01,DISTRIBUIDORA DE MEDICAMENTOS BACKES EIRELI,108.53,0,0,108.53,0,108.53,0.00,108.53,0,108.53
19,Fundo Municipal de Saude,7,Assistência Farmacêutica,150010020000,Saúde (15%): Recursos não vinculados de Impostos,79.899.506/0001-34,ETIQUETAS DALLA LTDA,549.00,0,0,549.00,0,549.00,0.00,549.00,0,549.00
19,Fundo Municipal de Saude,7,Assistência Farmacêutica,150010020000,Saúde (15%): Recursos não vinculados de Impostos,12.889.035/0001-02,INOVAMED HOSPITALAR LTDA,2760.32,0.00,0,1368.32,0,1368.32,0.00,2760.32,0,1368.32
19,Fundo Municipal de Saude,7,Assistência Farmacêutica,150010020000,Saúde (15%): Recursos não vinculados de Impostos,51.892.897/0001-46,JT MEDICAMENTOS LTDA,9804.78,0,0,9804.78,0,1652.76,8152.02,1652.76,0,1652.76
19,Fundo Municipal de Saude,7,Assistência Farmacêutica,150010020000,Saúde (15%): Recursos não vinculados de Impostos,04.071.245/0001-60,LICIMED DISTRIBUIDORA MEDICAMENTOS CORRELATOS E PRODUTOS MEDICOS HOSPITALARES LTDA.,961.00,0.00,0,730.00,0,730.00,0.00,961.00,0,730.00
19,Fundo Municipal de Saude,7,Assistência Farmacêutica,150010020000,Saúde (15%): Recursos não vinculados de Impostos,94.389.400/0001-84,MCW PRODUTOS MEDICOS E HOSPITALARES LTDA,3493.00,0,0,3493.00,0,0,3493.00,0,0,0
19,Fundo Municipal de Saude,7,Assistência Farmacêutica,150010020000,Saúde (15%): Recursos não vinculados de Impostos,46.381.269/0001-66,"NUTRI-ELE DISTRIBUIDORA DE NUTRICAO, CORRELATOS E PRODUTOS MEDICOS E HOSPITALARES LTDA",270.00,0,0,270.00,0,270.00,0.00,270.00,0,270.00
19,Fundo Municipal de Saude,7,Assistência Farmacêutica,150010020000,Saúde (15%): Recursos não vinculados de Impostos,46.388.826/0001-70,OCIAN  COMERCIAL FARMACEUTICA UNIPESSOAL LTDA,1260.00,0,0,1260.00,0,0,1260.00,0,0,0
19,Fundo Municipal de Saude,7,Assistência Farmacêutica,150010020000,Saúde (15%): Recursos não vinculados de Impostos,02.816.696/0001-54,PONTAMED FARMACEUTICA LTDA,161.20,0,0,161.20,0,161.20,0.00,161.20,0,161.20
19,Fundo Municipal de Saude,7,Assistência Farmacêutica,150010020000,Saúde (15%): Recursos não vinculados de Impostos,73.856.593/0001-66,"PRATI, DONADUZZI E CIA LTDA",45083.00,0.00,0,12756.00,0,12756.00,0.00,45083.00,0,12756.00
19,Fundo Municipal de Saude,7,Assistência Farmacêutica,150010020000,Saúde (15%): Recursos não vinculados de Impostos,81.706.251/0001-98,PROMEFARMA MEDICAMENTOS E PRODUTOS HOSPITALARES LTDA,10056.82,0.00,0,5277.82,0,5277.82,0.00,10056.82,0,5277.82
19,Fundo Municipal de Saude,7,Assistência Farmacêutica,150010020000,Saúde (15%): Recursos não vinculados de Impostos,05.531.725/0001-20,SOMA/SC PRODUTOS HOSPITALARES LTDA,39851.05,0.00,0,23244.50,492.00,21712.50,1040.00,38319.05,0,21712.50
19,Fundo Municipal de Saude,7,Assistência Farmacêutica,150010020000,Saúde (15%): Recursos não vinculados de Impostos,09.944.371/0001-04,SULMEDIC COMÉRCIO DE MEDICAMENTOS LTDA,20604.52,0.00,0,6724.45,0,5485.12,1239.33,19365.19,0,5485.12
19,Fundo Municipal de Saude,7,Assistência Farmacêutica,150010020000,Saúde (15%): Recursos não vinculados de Impostos,22.862.531/0001-26,TOP NORTE COMÉRCIO DE MATERIAL MÉDICO HOSPITALAR LTDA,342.00,0,0,342.00,0,342.00,0.00,342.00,0,342.00
19,Fundo Municipal de Saude,7,Assistência Farmacêutica,160070002100, Prog. de Farmácia Básica Federal (Transf. do SUS/União - Blc de Manut.),03.269.695/0001-08,CONSORCIO PUBLICO INTERFEDERATIVO DE SAUDE E SERVICOS DO VALE EUROPEU CISAMVE,197000.00,0.00,0,17480.96,0,0,17480.96,179519.04,0,0
19,Fundo Municipal de Saude,7,Assistência Farmacêutica,160070002100, Prog. de Farmácia Básica Federal (Transf. do SUS/União - Blc de Manut.),02.520.829/0003-02,DIMASTER - COMERCIO DE PRODUTOS HOSPITALARES LTDA.,19175.00,0.00,0,152.00,0,0,152.00,19023.00,0,0
19,Fundo Municipal de Saude,7,Assistência Farmacêutica,160070002100, Prog. de Farmácia Básica Federal (Transf. do SUS/União - Blc de Manut.),51.892.897/0001-46,JT MEDICAMENTOS LTDA,7512.73,0.00,0,6.28,6.28,0,0.00,7506.45,0,0
19,Fundo Municipal de Saude,7,Assistência Farmacêutica,162170000800, Prog. de Farmácia Básica Estadual (Transf. Fundo a Fundo de Recursos do SUS Governo Estadual),00.802.002/0001-02,ALTERMED MATERIAL MÉDICO HOSPITALAR LTDA,10613.70,0.00,0,7323.60,0,7323.60,0.00,10613.70,0,7323.60
19,Fundo Municipal de Saude,7,Assistência Farmacêutica,162170000800, Prog. de Farmácia Básica Estadual (Transf. Fundo a Fundo de Recursos do SUS Governo Estadual),02.520.829/0003-02,DIMASTER - COMERCIO DE PRODUTOS HOSPITALARES LTDA.,269.00,0,0,269.00,0,269.00,0.00,269.00,0,269.00
19,Fundo Municipal de Saude,7,Assistência Farmacêutica,162170000800, Prog. de Farmácia Básica Estadual (Transf. Fundo a Fundo de Recursos do SUS Governo Estadual),12.889.035/0001-02,INOVAMED HOSPITALAR LTDA,2808.00,0,0,2808.00,0,2808.00,0.00,2808.00,0,2808.00
19,Fundo Municipal de Saude,7,Assistência Farmacêutica,162170000800, Prog. de Farmácia Básica Estadual (Transf. Fundo a Fundo de Recursos do SUS Governo Estadual),51.892.897/0001-46,JT MEDICAMENTOS LTDA,10072.43,0.00,0,3614.38,0,0,3614.38,6458.05,0,0
19,Fundo Municipal de Saude,7,Assistência Farmacêutica,162170000800, Prog. de Farmácia Básica Estadual (Transf. Fundo a Fundo de Recursos do SUS Governo Estadual),05.531.725/0001-20,SOMA/SC PRODUTOS HOSPITALARES LTDA,20863.91,0.00,0,5031.27,0,0,5031.27,15832.64,0,0
19,Fundo Municipal de Saude,7,Assistência Farmacêutica,162170000800, Prog. de Farmácia Básica Estadual (Transf. Fundo a Fundo de Recursos do SUS Governo Estadual),41.414.934/0001-57,VMB DISTRIBUIDORA DE MEDICAMENTOS E MATERIAL MEDICO HOSPITALAR LTDA,822.80,0,0,822.80,822.80,0,0.00,0,0,0
19,Fundo Municipal de Saude,7,Assistência Farmacêutica,260070002100, Prog. de Farmácia Básica Federal (Transf. do SUS/União - Blc de Manut.),05.531.725/0001-20,SOMA/SC PRODUTOS HOSPITALARES LTDA,102.00,0,0,102.00,102.00,0,0.00,0,0,0
19,Fundo Municipal de Saude,7,Assistência Farmacêutica,260070002100, Prog. de Farmácia Básica Federal (Transf. do SUS/União - Blc de Manut.),09.944.371/0001-04,SULMEDIC COMÉRCIO DE MEDICAMENTOS LTDA,2065.50,0,0,2065.50,0,0,2065.50,0,0,0
31,"Secretaria de Transparencia, Controle e Integridade Pública",1,"Transparência, Controle e Integridade Pública",150070000000,Recursos não vinculados de Impostos,71.052.559/0005-37,BELMICRO TECNOLOGIA S/A,2911.69,0,0,2911.69,0,2911.69,0.00,2911.69,0,2911.69
31,"Secretaria de Transparencia, Controle e Integridade Pública",1,"Transparência, Controle e Integridade Pública",150070000000,Recursos não vinculados de Impostos,29.979.036/0001-40,INSS- INSTITUTO NACIONAL DO SEGURO SOCIAL,1904.91,1904.91,0,0.00,0,0,0.00,1904.91,1904.91,0
32,"Secretaria de Eventos, Esporte e Lazer",1,"Secretaria de Eventos, Esporte e Lazer",150070000000,Recursos não vinculados de Impostos,85.288.843/0001-98,AGUA DOCE LTDA,2531.76,0,0,2531.76,0,0,2531.76,0,0,0
32,"Secretaria de Eventos, Esporte e Lazer",1,"Secretaria de Eventos, Esporte e Lazer",150070000000,Recursos não vinculados de Impostos,36.811.724/0001-62,ALESSANDRO ENGEL,45000.00,0.00,0,4393.21,0,0,4393.21,40606.79,0,0
32,"Secretaria de Eventos, Esporte e Lazer",1,"Secretaria de Eventos, Esporte e Lazer",150070000000,Recursos não vinculados de Impostos,08.336.783/0001-90,CELESC DISTRIBUICAO S.A,18423.56,0.00,0,1413.70,0,1413.70,0.00,18423.56,0,1413.70
32,"Secretaria de Eventos, Esporte e Lazer",1,"Secretaria de Eventos, Esporte e Lazer",150070000000,Recursos não vinculados de Impostos,18.138.763/0001-69,COMERCIAL VITÓRIA LTDA,2569.74,0,0,2569.74,0,2569.74,0.00,2569.74,0,2569.74
32,"Secretaria de Eventos, Esporte e Lazer",1,"Secretaria de Eventos, Esporte e Lazer",150070000000,Recursos não vinculados de Impostos,80.495.625/0001-00,CONFEITARIA TORTEN PARADIES LTDA,640.80,0,0,640.80,0,0,640.80,0,0,0
32,"Secretaria de Eventos, Esporte e Lazer",1,"Secretaria de Eventos, Esporte e Lazer",150070000000,Recursos não vinculados de Impostos,86.910.148/0001-89,DIBRAPE - DISTRIBUIDORA BRASILEIRA DE PETRÓLEO LTDA,8625.00,0.00,0,1063.75,0,1063.75,0.00,8625.00,0,1063.75
32,"Secretaria de Eventos, Esporte e Lazer",1,"Secretaria de Eventos, Esporte e Lazer",150070000000,Recursos não vinculados de Impostos,10.749.284/0001-77,EZCUZÊ AGÊNCIA DE PUBLICIDADE E PROPAGANDA LTDA,706.64,397.50,0,289.08,0,289.08,0.00,706.64,397.50,289.08
32,"Secretaria de Eventos, Esporte e Lazer",1,"Secretaria de Eventos, Esporte e Lazer",150070000000,Recursos não vinculados de Impostos,83.169.946/0001-03,FEDERACAO CATARINENSE DE BOCHA E BOLAO,3500.00,0.00,0,30.00,0,0,30.00,3470.00,0,0
32,"Secretaria de Eventos, Esporte e Lazer",1,"Secretaria de Eventos, Esporte e Lazer",150070000000,Recursos não vinculados de Impostos,75.345.504/0001-42,FEDERAÇÃO CATARINENSE DE CICLISMO,15000.00,0.00,0,3750.00,0,0,3750.00,11250.00,0,0
32,"Secretaria de Eventos, Esporte e Lazer",1,"Secretaria de Eventos, Esporte e Lazer",150070000000,Recursos não vinculados de Impostos,83.457.937/0001-18,FEDERACAO CATARINENSE DE KARATE,20000.00,0.00,0,7790.00,0,0,7790.00,12210.00,0,0
32,"Secretaria de Eventos, Esporte e Lazer",1,"Secretaria de Eventos, Esporte e Lazer",150070000000,Recursos não vinculados de Impostos,00.632.825/0001-29,FEDERAÇÃO CATARINENSE DE VOLEIBOL,13000.00,0.00,0,7384.00,0,0,7384.00,5616.00,0,0
32,"Secretaria de Eventos, Esporte e Lazer",1,"Secretaria de Eventos, Esporte e Lazer",150070000000,Recursos não vinculados de Impostos,14.284.430/0001-97,"FUNDO DE MATERIAIS, PUBLICAÇÕES E IMPRESSOS OFICIAIS SC",1099.73,628.09,0,471.64,0,471.64,0.00,1099.73,628.09,471.64
32,"Secretaria de Eventos, Esporte e Lazer",1,"Secretaria de Eventos, Esporte e Lazer",150070000000,Recursos não vinculados de Impostos,11.507.734/0001-88,GRAFICA POMERODE LTDA EPP,22.50,0,0,22.50,0,0,22.50,0,0,0
32,"Secretaria de Eventos, Esporte e Lazer",1,"Secretaria de Eventos, Esporte e Lazer",150070000000,Recursos não vinculados de Impostos,29.979.036/0001-40,INSS- INSTITUTO NACIONAL DO SEGURO SOCIAL,7160.77,7160.77,0,0.00,0,0,0.00,7160.77,7160.77,0
32,"Secretaria de Eventos, Esporte e Lazer",1,"Secretaria de Eventos, Esporte e Lazer",150070000000,Recursos não vinculados de Impostos,21.375.891/0001-30,JOVIL SEGURANÇA PRIVADA LTDA,229.53,0,0,229.53,0,0,229.53,0,0,0
32,"Secretaria de Eventos, Esporte e Lazer",1,"Secretaria de Eventos, Esporte e Lazer",150070000000,Recursos não vinculados de Impostos,25.957.620/0001-44,LIGA CATARINENSE DE VOLEI,3000.00,0.00,0,760.00,0,0,760.00,2240.00,0,0
32,"Secretaria de Eventos, Esporte e Lazer",1,"Secretaria de Eventos, Esporte e Lazer",150070000000,Recursos não vinculados de Impostos,40.114.595/0001-20,LIGA LITORÂNEA DE TÊNIS DE MESA,2500.00,0.00,0,905.00,0,0,905.00,1595.00,0,0
32,"Secretaria de Eventos, Esporte e Lazer",1,"Secretaria de Eventos, Esporte e Lazer",150070000000,Recursos não vinculados de Impostos,53.795.421/0001-12,M A F VILAS BOAS SERVICOS & CIA LTDA,4051.59,0,0,4051.59,0,0,4051.59,0,0,0
32,"Secretaria de Eventos, Esporte e Lazer",1,"Secretaria de Eventos, Esporte e Lazer",150070000000,Recursos não vinculados de Impostos,43.469.346/0001-46,MARLON CRISTIANO RAHN 04432830956,4290.00,4290.00,0,0.00,0,0,0.00,4290.00,4290.00,0
32,"Secretaria de Eventos, Esporte e Lazer",1,"Secretaria de Eventos, Esporte e Lazer",150070000000,Recursos não vinculados de Impostos,54.793.517/0001-04,MAX-FER TOOLS COMERCIAL LTDA,445.75,0,0,445.75,0,0,445.75,0,0,0
32,"Secretaria de Eventos, Esporte e Lazer",1,"Secretaria de Eventos, Esporte e Lazer",150070000000,Recursos não vinculados de Impostos,27.284.516/0001-61,MAXIFROTA SERVIÇOS DE MANUTENÇÃO DE FROTA LTDA,2000.00,0.00,0,1308.57,0,0,1308.57,691.43,0,0
32,"Secretaria de Eventos, Esporte e Lazer",1,"Secretaria de Eventos, Esporte e Lazer",150070000000,Recursos não vinculados de Impostos,24.675.507/0001-03,MICROFORT INFORMATICA LTDA,1217.58,0,0,1217.58,0,0,1217.58,0,0,0
32,"Secretaria de Eventos, Esporte e Lazer",1,"Secretaria de Eventos, Esporte e Lazer",150070000000,Recursos não vinculados de Impostos,37.115.367/0001-60,MINISTERIO DO TRABALHO - MTE,428.10,428.10,0,0.00,0,0,0.00,428.10,428.10,0
32,"Secretaria de Eventos, Esporte e Lazer",1,"Secretaria de Eventos, Esporte e Lazer",150070000000,Recursos não vinculados de Impostos,79.227.963/0014-05,NC COMUNICAÇÕES S/A,3083.84,1590.14,0,1413.52,0,1156.38,257.14,2826.70,1590.14,1156.38
32,"Secretaria de Eventos, Esporte e Lazer",1,"Secretaria de Eventos, Esporte e Lazer",150070000000,Recursos não vinculados de Impostos,18.780.623/0001-90,NOAR TURISMO LTDA,1894.40,0,0,1894.40,0,0,1894.40,0,0,0
32,"Secretaria de Eventos, Esporte e Lazer",1,"Secretaria de Eventos, Esporte e Lazer",150070000000,Recursos não vinculados de Impostos,48.018.735/0001-79,PLACARSOFT LTDA,7210.26,0.00,0,2403.42,0,2403.42,0.00,7210.26,0,2403.42
32,"Secretaria de Eventos, Esporte e Lazer",1,"Secretaria de Eventos, Esporte e Lazer",150070000000,Recursos não vinculados de Impostos,50.675.079/0001-29,POMERWASSER AMBIENTAL S.P.E. S.A.,13662.57,0.00,0,515.61,0,515.61,0.00,13662.57,0,515.61
32,"Secretaria de Eventos, Esporte e Lazer",1,"Secretaria de Eventos, Esporte e Lazer",150070000000,Recursos não vinculados de Impostos,83.102.814/0001-64,PREFEITURA MUNICIPAL DE RODEIO,600.00,0,0,600.00,0,0,600.00,0,0,0
32,"Secretaria de Eventos, Esporte e Lazer",1,"Secretaria de Eventos, Esporte e Lazer",150070000000,Recursos não vinculados de Impostos,47.794.555/0001-16,REGIS COMERCIAL LTDA,2587.44,0,0,2587.44,0,0,2587.44,0,0,0
32,"Secretaria de Eventos, Esporte e Lazer",1,"Secretaria de Eventos, Esporte e Lazer",150070000000,Recursos não vinculados de Impostos,75.415.075/0002-13,RUDIPEL - RUDNICK PETRÓLEO LTDA,3156.00,0.00,0,2412.55,0,1529.05,883.50,2272.50,0,1529.05
32,"Secretaria de Eventos, Esporte e Lazer",1,"Secretaria de Eventos, Esporte e Lazer",150070000000,Recursos não vinculados de Impostos,07.448.130/0001-30,SELL MADEIRAS E GUINDASTES LTDA,268.50,0,0,268.50,0,0,268.50,0,0,0
32,"Secretaria de Eventos, Esporte e Lazer",1,"Secretaria de Eventos, Esporte e Lazer",150070000000,Recursos não vinculados de Impostos,02.438.998/0001-36,SMA BAR E LANCHONETE LTDA-ME,1499.00,0,0,1499.00,0,0,1499.00,0,0,0
32,"Secretaria de Eventos, Esporte e Lazer",1,"Secretaria de Eventos, Esporte e Lazer",150070000000,Recursos não vinculados de Impostos,24.419.445/0001-79,TALENTOS D`ÁGUA REPRESENTAÇÃO PROJETOS E ASSESSORIA LTDA - ME,105.40,0,0,105.40,0,105.40,0.00,105.40,0,105.40
32,"Secretaria de Eventos, Esporte e Lazer",1,"Secretaria de Eventos, Esporte e Lazer",150070000000,Recursos não vinculados de Impostos,35.605.748/0001-00,TRANSPORTE E TURISMO CONTINI LTDA,28491.21,0.00,0,15130.98,0,1697.41,13433.57,15057.64,0,1697.41
32,"Secretaria de Eventos, Esporte e Lazer",1,"Secretaria de Eventos, Esporte e Lazer",150070000000,Recursos não vinculados de Impostos,27.649.356/0001-07,TRIBESS FESTAS E EVENTOS LTDA,5520.00,0.00,0,956.80,0,0,956.80,4563.20,0,0
32,"Secretaria de Eventos, Esporte e Lazer",1,"Secretaria de Eventos, Esporte e Lazer",150070000000,Recursos não vinculados de Impostos,02.255.187/0001-08,UNIFIQUE TELECOMUNICAÇÕES S/A,9991.27,0.00,0,1448.40,0,1448.40,0.00,9991.27,0,1448.40
32,"Secretaria de Eventos, Esporte e Lazer",1,"Secretaria de Eventos, Esporte e Lazer",150070000000,Recursos não vinculados de Impostos,58.421.861/0001-23,VANINHA UTILIDADES LTDA,6576.15,0,0,6576.15,6576.15,0,0.00,0,0,0
32,"Secretaria de Eventos, Esporte e Lazer",1,"Secretaria de Eventos, Esporte e Lazer",150070000000,Recursos não vinculados de Impostos,50.437.729/0001-06,VERT ELETROS E METAIS LTDA,60.00,0,0,60.00,0,0,60.00,0,0,0
32,"Secretaria de Eventos, Esporte e Lazer",1,"Secretaria de Eventos, Esporte e Lazer",150170000600,Festa Pomerana (Outros Rec. Não Vinc.),46.981.347/0001-63,ALECRIM CASA E FLORES LTDA,4950.00,0,0,4950.00,0,4950.00,0.00,4950.00,0,4950.00
32,"Secretaria de Eventos, Esporte e Lazer",1,"Secretaria de Eventos, Esporte e Lazer",150170000600,Festa Pomerana (Outros Rec. Não Vinc.),24.277.008/0001-68,CARLOS ALBERTO SCHROEDER,3000.00,0,0,3000.00,0,3000.00,0.00,3000.00,0,3000.00
32,"Secretaria de Eventos, Esporte e Lazer",1,"Secretaria de Eventos, Esporte e Lazer",150170000600,Festa Pomerana (Outros Rec. Não Vinc.),18.336.475/0001-19,CELETA SERVICOS LTDA,212104.24,0,0,212104.24,0,0,212104.24,0,0,0
32,"Secretaria de Eventos, Esporte e Lazer",1,"Secretaria de Eventos, Esporte e Lazer",150170000600,Festa Pomerana (Outros Rec. Não Vinc.),14.356.105/0001-92,CRIATIVA MAIS IMOBI LTDA,13120.00,0,0,13120.00,0,13120.00,0.00,13120.00,0,13120.00
32,"Secretaria de Eventos, Esporte e Lazer",1,"Secretaria de Eventos, Esporte e Lazer",150170000600,Festa Pomerana (Outros Rec. Não Vinc.),47.348.215/0001-61,DANIEL ZIMMERMANN LTDA.,9400.00,0,0,9400.00,0,9400.00,0.00,9400.00,0,9400.00
32,"Secretaria de Eventos, Esporte e Lazer",1,"Secretaria de Eventos, Esporte e Lazer",150170000600,Festa Pomerana (Outros Rec. Não Vinc.),29.582.256/0001-36,DTX MULT SERVICE LTDA,71120.00,0.00,0,19215.40,0,0,19215.40,51904.60,0,0
32,"Secretaria de Eventos, Esporte e Lazer",1,"Secretaria de Eventos, Esporte e Lazer",150170000600,Festa Pomerana (Outros Rec. Não Vinc.),76.492.305/0002-00,EMPRESA DE AGUAS OURO FINO LTDA,3248.81,0,0,3248.81,9.36,3239.45,0.00,3239.45,0,3239.45
32,"Secretaria de Eventos, Esporte e Lazer",1,"Secretaria de Eventos, Esporte e Lazer",150170000600,Festa Pomerana (Outros Rec. Não Vinc.),10.749.284/0001-77,EZCUZÊ AGÊNCIA DE PUBLICIDADE E PROPAGANDA LTDA,267.75,0,0,267.75,267.75,0,0.00,0,0,0
32,"Secretaria de Eventos, Esporte e Lazer",1,"Secretaria de Eventos, Esporte e Lazer",150170000600,Festa Pomerana (Outros Rec. Não Vinc.),42.826.359/0001-62,FOCO ELETRICA LTDA,108.30,0,0,108.30,0,108.30,0.00,108.30,0,108.30
32,"Secretaria de Eventos, Esporte e Lazer",1,"Secretaria de Eventos, Esporte e Lazer",150170000600,Festa Pomerana (Outros Rec. Não Vinc.),80.069.289/0001-34,FREE REICHERT COMUNICAÇÃO LTDA,6747.72,0,0,6747.72,0,6747.72,0.00,6747.72,0,6747.72
32,"Secretaria de Eventos, Esporte e Lazer",1,"Secretaria de Eventos, Esporte e Lazer",150170000600,Festa Pomerana (Outros Rec. Não Vinc.),75.786.459/0001-61,IMPRESSORA MAYER LTDA,360.00,0,0,360.00,360.00,0,0.00,0,0,0
32,"Secretaria de Eventos, Esporte e Lazer",1,"Secretaria de Eventos, Esporte e Lazer",150170000600,Festa Pomerana (Outros Rec. Não Vinc.),01.258.027/0003-03,IPM SISTEMAS LTDA,17889.66,0,0,17889.66,0,17889.66,0.00,17889.66,0,17889.66
32,"Secretaria de Eventos, Esporte e Lazer",1,"Secretaria de Eventos, Esporte e Lazer",150170000600,Festa Pomerana (Outros Rec. Não Vinc.),03.148.398/0001-04,JORNAL DE POMERODE EDITORA LTDA,6150.00,0,0,6150.00,0,6150.00,0.00,6150.00,0,6150.00
32,"Secretaria de Eventos, Esporte e Lazer",1,"Secretaria de Eventos, Esporte e Lazer",150170000600,Festa Pomerana (Outros Rec. Não Vinc.),31.746.721/0001-79,LAIS ROCHA ZIMMER,25150.00,0.00,0,16.60,16.60,0,0.00,25133.40,0,0
32,"Secretaria de Eventos, Esporte e Lazer",1,"Secretaria de Eventos, Esporte e Lazer",150170000600,Festa Pomerana (Outros Rec. Não Vinc.),79.227.963/0001-82,NC COMUNICAÇÃO SA,2240.00,0,0,2240.00,2240.00,0,0.00,0,0,0
32,"Secretaria de Eventos, Esporte e Lazer",1,"Secretaria de Eventos, Esporte e Lazer",150170000600,Festa Pomerana (Outros Rec. Não Vinc.),10.910.398/0001-57,NEOBLU COPIADORA E EQUIPAMENTOS EIRELI - ME,1254.49,0,0,1254.49,1254.49,0,0.00,0,0,0
32,"Secretaria de Eventos, Esporte e Lazer",1,"Secretaria de Eventos, Esporte e Lazer",150170000600,Festa Pomerana (Outros Rec. Não Vinc.),53.199.358/0001-51,ORPAN - SEGURANÇA PRIVADA LTDA,102032.00,0,0,102032.00,0,0,102032.00,0,0,0
32,"Secretaria de Eventos, Esporte e Lazer",1,"Secretaria de Eventos, Esporte e Lazer",150170000600,Festa Pomerana (Outros Rec. Não Vinc.),22.637.568/0001-50,RDC PRESTADORA DE SERVICOS LTDA,12142.90,0,0,12142.90,0,0,12142.90,0,0,0
32,"Secretaria de Eventos, Esporte e Lazer",1,"Secretaria de Eventos, Esporte e Lazer",150170000600,Festa Pomerana (Outros Rec. Não Vinc.),35.944.400/0001-30,ROTTA DO REPARO MATERIAIS DE CONSTRUÇÃO LTDA,519.10,0,0,519.10,0,519.10,0.00,519.10,0,519.10
32,"Secretaria de Eventos, Esporte e Lazer",1,"Secretaria de Eventos, Esporte e Lazer",150170000600,Festa Pomerana (Outros Rec. Não Vinc.),13.340.171/0001-01,SOPRINT COMUNICACAO VISUAL LTDA,5760.00,0,0,5760.00,0,5760.00,0.00,5760.00,0,5760.00
32,"Secretaria de Eventos, Esporte e Lazer",1,"Secretaria de Eventos, Esporte e Lazer",150170000600,Festa Pomerana (Outros Rec. Não Vinc.),37.683.566/0001-75,TIAGO TURCHETTO PESSOTTO,1457.50,0,0,1457.50,0,1457.50,0.00,1457.50,0,1457.50
32,"Secretaria de Eventos, Esporte e Lazer",1,"Secretaria de Eventos, Esporte e Lazer",250070000000,Recursos não vinculados de Impostos,18.806.639/0001-24,SLM CONSTRUÇÕES E SERVIÇOS SUSTENTÁVEIS LTDA,169845.71,0.00,0,4496.43,0,0,4496.43,165349.28,0,0
32,"Secretaria de Eventos, Esporte e Lazer",1,"Secretaria de Eventos, Esporte e Lazer",250170000600,Festa Pomerana (Outros Rec. Não Vinc.),79.846.465/0001-18,GOEDERT LTDA,740.00,0,0,740.00,0,740.00,0.00,740.00,0,740.00
32,"Secretaria de Eventos, Esporte e Lazer",1,"Secretaria de Eventos, Esporte e Lazer",250170000600,Festa Pomerana (Outros Rec. Não Vinc.),33.393.798/0002-19,PAULO ROBERTO DOS SANTOS LTDA,3870.00,3870.00,0,0.00,0,0,0.00,3870.00,3870.00,0
32,"Secretaria de Eventos, Esporte e Lazer",1,"Secretaria de Eventos, Esporte e Lazer",250170000600,Festa Pomerana (Outros Rec. Não Vinc.),40.357.151/0001-16,SAO BENTO COMERCIO DE EMBALAGENS PLASTICAS LTDA,2322.50,0,0,2322.50,0,2322.50,0.00,2322.50,0,2322.50
